:0200000460009A
:100000004643464200000156000000000103030081
:1000100000000000000000000000000000000000E0
:1000200000000000000000000000000000000000D0
:1000300000000000000000000000000000000000C0
:1000400000000000010408000000000000000000A3
:100050000000200000000000000000000000000080
:100060000000000000000000000000000000000090
:100070000000000000000000000000000000000080
:10008000EB04180A063204260000000000000000FD
:10009000050404240000000000000000000000002F
:1000A0000000000000000000000000000000000050
:1000B0000604000000000000000000000000000036
:1000C0000000000000000000000000000000000030
:1000D00020041808000000000000000000000000DC
:1000E0000000000000000000000000000000000010
:1000F0000000000000000000000000000000000000
:10010000D8041808000000000000000000000000F3
:100110000204180804200000000000000000000095
:1001200000000000000000000000000000000000CF
:10013000600400000000000000000000000000005B
:1001400000000000000000000000000000000000AF
:10015000000000000000000000000000000000009F
:10016000000000000000000000000000000000008F
:10017000000000000000000000000000000000007F
:10018000000000000000000000000000000000006F
:10019000000000000000000000000000000000005F
:1001A000000000000000000000000000000000004F
:1001B000000000000000000000000000000000003F
:1001C000000100000010000001000000000000001D
:1001D000000001000000000000000000000000001E
:1001E000000000000000000000000000000000000F
:1001F00000000000000000000000000000000000FF
:10020000FFFFFFFFFFFFFFFFFFFFFFFFFFFFFFFFFE
:10021000FFFFFFFFFFFFFFFFFFFFFFFFFFFFFFFFEE
:10022000FFFFFFFFFFFFFFFFFFFFFFFFFFFFFFFFDE
:10023000FFFFFFFFFFFFFFFFFFFFFFFFFFFFFFFFCE
:10024000FFFFFFFFFFFFFFFFFFFFFFFFFFFFFFFFBE
:10025000FFFFFFFFFFFFFFFFFFFFFFFFFFFFFFFFAE
:10026000FFFFFFFFFFFFFFFFFFFFFFFFFFFFFFFF9E
:10027000FFFFFFFFFFFFFFFFFFFFFFFFFFFFFFFF8E
:10028000FFFFFFFFFFFFFFFFFFFFFFFFFFFFFFFF7E
:10029000FFFFFFFFFFFFFFFFFFFFFFFFFFFFFFFF6E
:1002A000FFFFFFFFFFFFFFFFFFFFFFFFFFFFFFFF5E
:1002B000FFFFFFFFFFFFFFFFFFFFFFFFFFFFFFFF4E
:1002C000FFFFFFFFFFFFFFFFFFFFFFFFFFFFFFFF3E
:1002D000FFFFFFFFFFFFFFFFFFFFFFFFFFFFFFFF2E
:1002E000FFFFFFFFFFFFFFFFFFFFFFFFFFFFFFFF1E
:1002F000FFFFFFFFFFFFFFFFFFFFFFFFFFFFFFFF0E
:10030000FFFFFFFFFFFFFFFFFFFFFFFFFFFFFFFFFD
:10031000FFFFFFFFFFFFFFFFFFFFFFFFFFFFFFFFED
:10032000FFFFFFFFFFFFFFFFFFFFFFFFFFFFFFFFDD
:10033000FFFFFFFFFFFFFFFFFFFFFFFFFFFFFFFFCD
:10034000FFFFFFFFFFFFFFFFFFFFFFFFFFFFFFFFBD
:10035000FFFFFFFFFFFFFFFFFFFFFFFFFFFFFFFFAD
:10036000FFFFFFFFFFFFFFFFFFFFFFFFFFFFFFFF9D
:10037000FFFFFFFFFFFFFFFFFFFFFFFFFFFFFFFF8D
:10038000FFFFFFFFFFFFFFFFFFFFFFFFFFFFFFFF7D
:10039000FFFFFFFFFFFFFFFFFFFFFFFFFFFFFFFF6D
:1003A000FFFFFFFFFFFFFFFFFFFFFFFFFFFFFFFF5D
:1003B000FFFFFFFFFFFFFFFFFFFFFFFFFFFFFFFF4D
:1003C000FFFFFFFFFFFFFFFFFFFFFFFFFFFFFFFF3D
:1003D000FFFFFFFFFFFFFFFFFFFFFFFFFFFFFFFF2D
:1003E000FFFFFFFFFFFFFFFFFFFFFFFFFFFFFFFF1D
:1003F000FFFFFFFFFFFFFFFFFFFFFFFFFFFFFFFF0D
:10040000FFFFFFFFFFFFFFFFFFFFFFFFFFFFFFFFFC
:10041000FFFFFFFFFFFFFFFFFFFFFFFFFFFFFFFFEC
:10042000FFFFFFFFFFFFFFFFFFFFFFFFFFFFFFFFDC
:10043000FFFFFFFFFFFFFFFFFFFFFFFFFFFFFFFFCC
:10044000FFFFFFFFFFFFFFFFFFFFFFFFFFFFFFFFBC
:10045000FFFFFFFFFFFFFFFFFFFFFFFFFFFFFFFFAC
:10046000FFFFFFFFFFFFFFFFFFFFFFFFFFFFFFFF9C
:10047000FFFFFFFFFFFFFFFFFFFFFFFFFFFFFFFF8C
:10048000FFFFFFFFFFFFFFFFFFFFFFFFFFFFFFFF7C
:10049000FFFFFFFFFFFFFFFFFFFFFFFFFFFFFFFF6C
:1004A000FFFFFFFFFFFFFFFFFFFFFFFFFFFFFFFF5C
:1004B000FFFFFFFFFFFFFFFFFFFFFFFFFFFFFFFF4C
:1004C000FFFFFFFFFFFFFFFFFFFFFFFFFFFFFFFF3C
:1004D000FFFFFFFFFFFFFFFFFFFFFFFFFFFFFFFF2C
:1004E000FFFFFFFFFFFFFFFFFFFFFFFFFFFFFFFF1C
:1004F000FFFFFFFFFFFFFFFFFFFFFFFFFFFFFFFF0C
:10050000FFFFFFFFFFFFFFFFFFFFFFFFFFFFFFFFFB
:10051000FFFFFFFFFFFFFFFFFFFFFFFFFFFFFFFFEB
:10052000FFFFFFFFFFFFFFFFFFFFFFFFFFFFFFFFDB
:10053000FFFFFFFFFFFFFFFFFFFFFFFFFFFFFFFFCB
:10054000FFFFFFFFFFFFFFFFFFFFFFFFFFFFFFFFBB
:10055000FFFFFFFFFFFFFFFFFFFFFFFFFFFFFFFFAB
:10056000FFFFFFFFFFFFFFFFFFFFFFFFFFFFFFFF9B
:10057000FFFFFFFFFFFFFFFFFFFFFFFFFFFFFFFF8B
:10058000FFFFFFFFFFFFFFFFFFFFFFFFFFFFFFFF7B
:10059000FFFFFFFFFFFFFFFFFFFFFFFFFFFFFFFF6B
:1005A000FFFFFFFFFFFFFFFFFFFFFFFFFFFFFFFF5B
:1005B000FFFFFFFFFFFFFFFFFFFFFFFFFFFFFFFF4B
:1005C000FFFFFFFFFFFFFFFFFFFFFFFFFFFFFFFF3B
:1005D000FFFFFFFFFFFFFFFFFFFFFFFFFFFFFFFF2B
:1005E000FFFFFFFFFFFFFFFFFFFFFFFFFFFFFFFF1B
:1005F000FFFFFFFFFFFFFFFFFFFFFFFFFFFFFFFF0B
:10060000FFFFFFFFFFFFFFFFFFFFFFFFFFFFFFFFFA
:10061000FFFFFFFFFFFFFFFFFFFFFFFFFFFFFFFFEA
:10062000FFFFFFFFFFFFFFFFFFFFFFFFFFFFFFFFDA
:10063000FFFFFFFFFFFFFFFFFFFFFFFFFFFFFFFFCA
:10064000FFFFFFFFFFFFFFFFFFFFFFFFFFFFFFFFBA
:10065000FFFFFFFFFFFFFFFFFFFFFFFFFFFFFFFFAA
:10066000FFFFFFFFFFFFFFFFFFFFFFFFFFFFFFFF9A
:10067000FFFFFFFFFFFFFFFFFFFFFFFFFFFFFFFF8A
:10068000FFFFFFFFFFFFFFFFFFFFFFFFFFFFFFFF7A
:10069000FFFFFFFFFFFFFFFFFFFFFFFFFFFFFFFF6A
:1006A000FFFFFFFFFFFFFFFFFFFFFFFFFFFFFFFF5A
:1006B000FFFFFFFFFFFFFFFFFFFFFFFFFFFFFFFF4A
:1006C000FFFFFFFFFFFFFFFFFFFFFFFFFFFFFFFF3A
:1006D000FFFFFFFFFFFFFFFFFFFFFFFFFFFFFFFF2A
:1006E000FFFFFFFFFFFFFFFFFFFFFFFFFFFFFFFF1A
:1006F000FFFFFFFFFFFFFFFFFFFFFFFFFFFFFFFF0A
:10070000FFFFFFFFFFFFFFFFFFFFFFFFFFFFFFFFF9
:10071000FFFFFFFFFFFFFFFFFFFFFFFFFFFFFFFFE9
:10072000FFFFFFFFFFFFFFFFFFFFFFFFFFFFFFFFD9
:10073000FFFFFFFFFFFFFFFFFFFFFFFFFFFFFFFFC9
:10074000FFFFFFFFFFFFFFFFFFFFFFFFFFFFFFFFB9
:10075000FFFFFFFFFFFFFFFFFFFFFFFFFFFFFFFFA9
:10076000FFFFFFFFFFFFFFFFFFFFFFFFFFFFFFFF99
:10077000FFFFFFFFFFFFFFFFFFFFFFFFFFFFFFFF89
:10078000FFFFFFFFFFFFFFFFFFFFFFFFFFFFFFFF79
:10079000FFFFFFFFFFFFFFFFFFFFFFFFFFFFFFFF69
:1007A000FFFFFFFFFFFFFFFFFFFFFFFFFFFFFFFF59
:1007B000FFFFFFFFFFFFFFFFFFFFFFFFFFFFFFFF49
:1007C000FFFFFFFFFFFFFFFFFFFFFFFFFFFFFFFF39
:1007D000FFFFFFFFFFFFFFFFFFFFFFFFFFFFFFFF29
:1007E000FFFFFFFFFFFFFFFFFFFFFFFFFFFFFFFF19
:1007F000FFFFFFFFFFFFFFFFFFFFFFFFFFFFFFFF09
:10080000FFFFFFFFFFFFFFFFFFFFFFFFFFFFFFFFF8
:10081000FFFFFFFFFFFFFFFFFFFFFFFFFFFFFFFFE8
:10082000FFFFFFFFFFFFFFFFFFFFFFFFFFFFFFFFD8
:10083000FFFFFFFFFFFFFFFFFFFFFFFFFFFFFFFFC8
:10084000FFFFFFFFFFFFFFFFFFFFFFFFFFFFFFFFB8
:10085000FFFFFFFFFFFFFFFFFFFFFFFFFFFFFFFFA8
:10086000FFFFFFFFFFFFFFFFFFFFFFFFFFFFFFFF98
:10087000FFFFFFFFFFFFFFFFFFFFFFFFFFFFFFFF88
:10088000FFFFFFFFFFFFFFFFFFFFFFFFFFFFFFFF78
:10089000FFFFFFFFFFFFFFFFFFFFFFFFFFFFFFFF68
:1008A000FFFFFFFFFFFFFFFFFFFFFFFFFFFFFFFF58
:1008B000FFFFFFFFFFFFFFFFFFFFFFFFFFFFFFFF48
:1008C000FFFFFFFFFFFFFFFFFFFFFFFFFFFFFFFF38
:1008D000FFFFFFFFFFFFFFFFFFFFFFFFFFFFFFFF28
:1008E000FFFFFFFFFFFFFFFFFFFFFFFFFFFFFFFF18
:1008F000FFFFFFFFFFFFFFFFFFFFFFFFFFFFFFFF08
:10090000FFFFFFFFFFFFFFFFFFFFFFFFFFFFFFFFF7
:10091000FFFFFFFFFFFFFFFFFFFFFFFFFFFFFFFFE7
:10092000FFFFFFFFFFFFFFFFFFFFFFFFFFFFFFFFD7
:10093000FFFFFFFFFFFFFFFFFFFFFFFFFFFFFFFFC7
:10094000FFFFFFFFFFFFFFFFFFFFFFFFFFFFFFFFB7
:10095000FFFFFFFFFFFFFFFFFFFFFFFFFFFFFFFFA7
:10096000FFFFFFFFFFFFFFFFFFFFFFFFFFFFFFFF97
:10097000FFFFFFFFFFFFFFFFFFFFFFFFFFFFFFFF87
:10098000FFFFFFFFFFFFFFFFFFFFFFFFFFFFFFFF77
:10099000FFFFFFFFFFFFFFFFFFFFFFFFFFFFFFFF67
:1009A000FFFFFFFFFFFFFFFFFFFFFFFFFFFFFFFF57
:1009B000FFFFFFFFFFFFFFFFFFFFFFFFFFFFFFFF47
:1009C000FFFFFFFFFFFFFFFFFFFFFFFFFFFFFFFF37
:1009D000FFFFFFFFFFFFFFFFFFFFFFFFFFFFFFFF27
:1009E000FFFFFFFFFFFFFFFFFFFFFFFFFFFFFFFF17
:1009F000FFFFFFFFFFFFFFFFFFFFFFFFFFFFFFFF07
:100A0000FFFFFFFFFFFFFFFFFFFFFFFFFFFFFFFFF6
:100A1000FFFFFFFFFFFFFFFFFFFFFFFFFFFFFFFFE6
:100A2000FFFFFFFFFFFFFFFFFFFFFFFFFFFFFFFFD6
:100A3000FFFFFFFFFFFFFFFFFFFFFFFFFFFFFFFFC6
:100A4000FFFFFFFFFFFFFFFFFFFFFFFFFFFFFFFFB6
:100A5000FFFFFFFFFFFFFFFFFFFFFFFFFFFFFFFFA6
:100A6000FFFFFFFFFFFFFFFFFFFFFFFFFFFFFFFF96
:100A7000FFFFFFFFFFFFFFFFFFFFFFFFFFFFFFFF86
:100A8000FFFFFFFFFFFFFFFFFFFFFFFFFFFFFFFF76
:100A9000FFFFFFFFFFFFFFFFFFFFFFFFFFFFFFFF66
:100AA000FFFFFFFFFFFFFFFFFFFFFFFFFFFFFFFF56
:100AB000FFFFFFFFFFFFFFFFFFFFFFFFFFFFFFFF46
:100AC000FFFFFFFFFFFFFFFFFFFFFFFFFFFFFFFF36
:100AD000FFFFFFFFFFFFFFFFFFFFFFFFFFFFFFFF26
:100AE000FFFFFFFFFFFFFFFFFFFFFFFFFFFFFFFF16
:100AF000FFFFFFFFFFFFFFFFFFFFFFFFFFFFFFFF06
:100B0000FFFFFFFFFFFFFFFFFFFFFFFFFFFFFFFFF5
:100B1000FFFFFFFFFFFFFFFFFFFFFFFFFFFFFFFFE5
:100B2000FFFFFFFFFFFFFFFFFFFFFFFFFFFFFFFFD5
:100B3000FFFFFFFFFFFFFFFFFFFFFFFFFFFFFFFFC5
:100B4000FFFFFFFFFFFFFFFFFFFFFFFFFFFFFFFFB5
:100B5000FFFFFFFFFFFFFFFFFFFFFFFFFFFFFFFFA5
:100B6000FFFFFFFFFFFFFFFFFFFFFFFFFFFFFFFF95
:100B7000FFFFFFFFFFFFFFFFFFFFFFFFFFFFFFFF85
:100B8000FFFFFFFFFFFFFFFFFFFFFFFFFFFFFFFF75
:100B9000FFFFFFFFFFFFFFFFFFFFFFFFFFFFFFFF65
:100BA000FFFFFFFFFFFFFFFFFFFFFFFFFFFFFFFF55
:100BB000FFFFFFFFFFFFFFFFFFFFFFFFFFFFFFFF45
:100BC000FFFFFFFFFFFFFFFFFFFFFFFFFFFFFFFF35
:100BD000FFFFFFFFFFFFFFFFFFFFFFFFFFFFFFFF25
:100BE000FFFFFFFFFFFFFFFFFFFFFFFFFFFFFFFF15
:100BF000FFFFFFFFFFFFFFFFFFFFFFFFFFFFFFFF05
:100C0000FFFFFFFFFFFFFFFFFFFFFFFFFFFFFFFFF4
:100C1000FFFFFFFFFFFFFFFFFFFFFFFFFFFFFFFFE4
:100C2000FFFFFFFFFFFFFFFFFFFFFFFFFFFFFFFFD4
:100C3000FFFFFFFFFFFFFFFFFFFFFFFFFFFFFFFFC4
:100C4000FFFFFFFFFFFFFFFFFFFFFFFFFFFFFFFFB4
:100C5000FFFFFFFFFFFFFFFFFFFFFFFFFFFFFFFFA4
:100C6000FFFFFFFFFFFFFFFFFFFFFFFFFFFFFFFF94
:100C7000FFFFFFFFFFFFFFFFFFFFFFFFFFFFFFFF84
:100C8000FFFFFFFFFFFFFFFFFFFFFFFFFFFFFFFF74
:100C9000FFFFFFFFFFFFFFFFFFFFFFFFFFFFFFFF64
:100CA000FFFFFFFFFFFFFFFFFFFFFFFFFFFFFFFF54
:100CB000FFFFFFFFFFFFFFFFFFFFFFFFFFFFFFFF44
:100CC000FFFFFFFFFFFFFFFFFFFFFFFFFFFFFFFF34
:100CD000FFFFFFFFFFFFFFFFFFFFFFFFFFFFFFFF24
:100CE000FFFFFFFFFFFFFFFFFFFFFFFFFFFFFFFF14
:100CF000FFFFFFFFFFFFFFFFFFFFFFFFFFFFFFFF04
:100D0000FFFFFFFFFFFFFFFFFFFFFFFFFFFFFFFFF3
:100D1000FFFFFFFFFFFFFFFFFFFFFFFFFFFFFFFFE3
:100D2000FFFFFFFFFFFFFFFFFFFFFFFFFFFFFFFFD3
:100D3000FFFFFFFFFFFFFFFFFFFFFFFFFFFFFFFFC3
:100D4000FFFFFFFFFFFFFFFFFFFFFFFFFFFFFFFFB3
:100D5000FFFFFFFFFFFFFFFFFFFFFFFFFFFFFFFFA3
:100D6000FFFFFFFFFFFFFFFFFFFFFFFFFFFFFFFF93
:100D7000FFFFFFFFFFFFFFFFFFFFFFFFFFFFFFFF83
:100D8000FFFFFFFFFFFFFFFFFFFFFFFFFFFFFFFF73
:100D9000FFFFFFFFFFFFFFFFFFFFFFFFFFFFFFFF63
:100DA000FFFFFFFFFFFFFFFFFFFFFFFFFFFFFFFF53
:100DB000FFFFFFFFFFFFFFFFFFFFFFFFFFFFFFFF43
:100DC000FFFFFFFFFFFFFFFFFFFFFFFFFFFFFFFF33
:100DD000FFFFFFFFFFFFFFFFFFFFFFFFFFFFFFFF23
:100DE000FFFFFFFFFFFFFFFFFFFFFFFFFFFFFFFF13
:100DF000FFFFFFFFFFFFFFFFFFFFFFFFFFFFFFFF03
:100E0000FFFFFFFFFFFFFFFFFFFFFFFFFFFFFFFFF2
:100E1000FFFFFFFFFFFFFFFFFFFFFFFFFFFFFFFFE2
:100E2000FFFFFFFFFFFFFFFFFFFFFFFFFFFFFFFFD2
:100E3000FFFFFFFFFFFFFFFFFFFFFFFFFFFFFFFFC2
:100E4000FFFFFFFFFFFFFFFFFFFFFFFFFFFFFFFFB2
:100E5000FFFFFFFFFFFFFFFFFFFFFFFFFFFFFFFFA2
:100E6000FFFFFFFFFFFFFFFFFFFFFFFFFFFFFFFF92
:100E7000FFFFFFFFFFFFFFFFFFFFFFFFFFFFFFFF82
:100E8000FFFFFFFFFFFFFFFFFFFFFFFFFFFFFFFF72
:100E9000FFFFFFFFFFFFFFFFFFFFFFFFFFFFFFFF62
:100EA000FFFFFFFFFFFFFFFFFFFFFFFFFFFFFFFF52
:100EB000FFFFFFFFFFFFFFFFFFFFFFFFFFFFFFFF42
:100EC000FFFFFFFFFFFFFFFFFFFFFFFFFFFFFFFF32
:100ED000FFFFFFFFFFFFFFFFFFFFFFFFFFFFFFFF22
:100EE000FFFFFFFFFFFFFFFFFFFFFFFFFFFFFFFF12
:100EF000FFFFFFFFFFFFFFFFFFFFFFFFFFFFFFFF02
:100F0000FFFFFFFFFFFFFFFFFFFFFFFFFFFFFFFFF1
:100F1000FFFFFFFFFFFFFFFFFFFFFFFFFFFFFFFFE1
:100F2000FFFFFFFFFFFFFFFFFFFFFFFFFFFFFFFFD1
:100F3000FFFFFFFFFFFFFFFFFFFFFFFFFFFFFFFFC1
:100F4000FFFFFFFFFFFFFFFFFFFFFFFFFFFFFFFFB1
:100F5000FFFFFFFFFFFFFFFFFFFFFFFFFFFFFFFFA1
:100F6000FFFFFFFFFFFFFFFFFFFFFFFFFFFFFFFF91
:100F7000FFFFFFFFFFFFFFFFFFFFFFFFFFFFFFFF81
:100F8000FFFFFFFFFFFFFFFFFFFFFFFFFFFFFFFF71
:100F9000FFFFFFFFFFFFFFFFFFFFFFFFFFFFFFFF61
:100FA000FFFFFFFFFFFFFFFFFFFFFFFFFFFFFFFF51
:100FB000FFFFFFFFFFFFFFFFFFFFFFFFFFFFFFFF41
:100FC000FFFFFFFFFFFFFFFFFFFFFFFFFFFFFFFF31
:100FD000FFFFFFFFFFFFFFFFFFFFFFFFFFFFFFFF21
:100FE000FFFFFFFFFFFFFFFFFFFFFFFFFFFFFFFF11
:100FF000FFFFFFFFFFFFFFFFFFFFFFFFFFFFFFFF01
:10100000D1002043491600600000000000000000ED
:10101000201000600010006000FC03600000000071
:10102000000000600008040000000000FFFFFFFF58
:10103000FFFFFFFFFFFFFFFFFFFFFFFFFFFFFFFFC0
:10104000FFFFFFFFFFFFFFFFFFFFFFFFFFFFFFFFB0
:10105000FFFFFFFFFFFFFFFFFFFFFFFFFFFFFFFFA0
:10106000FFFFFFFFFFFFFFFFFFFFFFFFFFFFFFFF90
:10107000FFFFFFFFFFFFFFFFFFFFFFFFFFFFFFFF80
:10108000FFFFFFFFFFFFFFFFFFFFFFFFFFFFFFFF70
:10109000FFFFFFFFFFFFFFFFFFFFFFFFFFFFFFFF60
:1010A000FFFFFFFFFFFFFFFFFFFFFFFFFFFFFFFF50
:1010B000FFFFFFFFFFFFFFFFFFFFFFFFFFFFFFFF40
:1010C000FFFFFFFFFFFFFFFFFFFFFFFFFFFFFFFF30
:1010D000FFFFFFFFFFFFFFFFFFFFFFFFFFFFFFFF20
:1010E000FFFFFFFFFFFFFFFFFFFFFFFFFFFFFFFF10
:1010F000FFFFFFFFFFFFFFFFFFFFFFFFFFFFFFFF00
:10110000FFFFFFFFFFFFFFFFFFFFFFFFFFFFFFFFEF
:10111000FFFFFFFFFFFFFFFFFFFFFFFFFFFFFFFFDF
:10112000FFFFFFFFFFFFFFFFFFFFFFFFFFFFFFFFCF
:10113000FFFFFFFFFFFFFFFFFFFFFFFFFFFFFFFFBF
:10114000FFFFFFFFFFFFFFFFFFFFFFFFFFFFFFFFAF
:10115000FFFFFFFFFFFFFFFFFFFFFFFFFFFFFFFF9F
:10116000FFFFFFFFFFFFFFFFFFFFFFFFFFFFFFFF8F
:10117000FFFFFFFFFFFFFFFFFFFFFFFFFFFFFFFF7F
:10118000FFFFFFFFFFFFFFFFFFFFFFFFFFFFFFFF6F
:10119000FFFFFFFFFFFFFFFFFFFFFFFFFFFFFFFF5F
:1011A000FFFFFFFFFFFFFFFFFFFFFFFFFFFFFFFF4F
:1011B000FFFFFFFFFFFFFFFFFFFFFFFFFFFFFFFF3F
:1011C000FFFFFFFFFFFFFFFFFFFFFFFFFFFFFFFF2F
:1011D000FFFFFFFFFFFFFFFFFFFFFFFFFFFFFFFF1F
:1011E000FFFFFFFFFFFFFFFFFFFFFFFFFFFFFFFF0F
:1011F000FFFFFFFFFFFFFFFFFFFFFFFFFFFFFFFFFF
:10120000FFFFFFFFFFFFFFFFFFFFFFFFFFFFFFFFEE
:10121000FFFFFFFFFFFFFFFFFFFFFFFFFFFFFFFFDE
:10122000FFFFFFFFFFFFFFFFFFFFFFFFFFFFFFFFCE
:10123000FFFFFFFFFFFFFFFFFFFFFFFFFFFFFFFFBE
:10124000FFFFFFFFFFFFFFFFFFFFFFFFFFFFFFFFAE
:10125000FFFFFFFFFFFFFFFFFFFFFFFFFFFFFFFF9E
:10126000FFFFFFFFFFFFFFFFFFFFFFFFFFFFFFFF8E
:10127000FFFFFFFFFFFFFFFFFFFFFFFFFFFFFFFF7E
:10128000FFFFFFFFFFFFFFFFFFFFFFFFFFFFFFFF6E
:10129000FFFFFFFFFFFFFFFFFFFFFFFFFFFFFFFF5E
:1012A000FFFFFFFFFFFFFFFFFFFFFFFFFFFFFFFF4E
:1012B000FFFFFFFFFFFFFFFFFFFFFFFFFFFFFFFF3E
:1012C000FFFFFFFFFFFFFFFFFFFFFFFFFFFFFFFF2E
:1012D000FFFFFFFFFFFFFFFFFFFFFFFFFFFFFFFF1E
:1012E000FFFFFFFFFFFFFFFFFFFFFFFFFFFFFFFF0E
:1012F000FFFFFFFFFFFFFFFFFFFFFFFFFFFFFFFFFE
:10130000FFFFFFFFFFFFFFFFFFFFFFFFFFFFFFFFED
:10131000FFFFFFFFFFFFFFFFFFFFFFFFFFFFFFFFDD
:10132000FFFFFFFFFFFFFFFFFFFFFFFFFFFFFFFFCD
:10133000FFFFFFFFFFFFFFFFFFFFFFFFFFFFFFFFBD
:10134000FFFFFFFFFFFFFFFFFFFFFFFFFFFFFFFFAD
:10135000FFFFFFFFFFFFFFFFFFFFFFFFFFFFFFFF9D
:10136000FFFFFFFFFFFFFFFFFFFFFFFFFFFFFFFF8D
:10137000FFFFFFFFFFFFFFFFFFFFFFFFFFFFFFFF7D
:10138000FFFFFFFFFFFFFFFFFFFFFFFFFFFFFFFF6D
:10139000FFFFFFFFFFFFFFFFFFFFFFFFFFFFFFFF5D
:1013A000FFFFFFFFFFFFFFFFFFFFFFFFFFFFFFFF4D
:1013B000FFFFFFFFFFFFFFFFFFFFFFFFFFFFFFFF3D
:1013C000FFFFFFFFFFFFFFFFFFFFFFFFFFFFFFFF2D
:1013D000FFFFFFFFFFFFFFFFFFFFFFFFFFFFFFFF1D
:1013E000FFFFFFFFFFFFFFFFFFFFFFFFFFFFFFFF0D
:1013F000FFFFFFFFFFFFFFFFFFFFFFFFFFFFFFFFFD
:10140000814205D051F8043B40F8043B8242F9D8B0
:10141000704700BF044A05494FF0000342F8043BFF
:101420009142FBD8704700BFC096002060CF0120DA
:101430002DE98848BFF34F8F00BF00BF00BF00BF3A
:1014400000F0EAFF674B0822C3F8542100BF00BF39
:1014500000BF00BF00BF00BF00BF00BF00BF00BF94
:1014600000BF00BF00BF00BF00BF00BF5E4A5F49B2
:101470005F48FFF7C5FF5F4A5F496048FFF7C0FF5D
:101480005F4CFFF7C7FF4FF470004FF0E0210023DF
:101490005C4AC1F8880D44F823200133B02BFAD1FF
:1014A000594B8021594A03F8011B9342FBD14FF05D
:1014B000E0254C4E4FF08039DFF880B1DFF880A195
:1014C0004FF0FF31C5F8084D0027C6F80491C6F863
:1014D00000B1C6F8F490C6F8F0A0D5F8243DDFF8C6
:1014E000648143F4E0234A4AC5F8243DD8F81C300F
:1014F00023F07F0343F04003C8F81C30D8F82430B1
:1015000023F07F0343F04003C8F824309166D1668E
:101510001167516700F088FF3E4B3F49A3633F4B83
:10152000E36363236B610323AF612B613C4BC5F81D
:10153000203DD5F8FC3D43F08073C5F8FC3D394BA8
:101540001A6842F001021A605B680B6000F0F4FF59
:10155000C6F804913448C6F800B1C6F8F490C6F84D
:10156000F0A001F029FAD8F86C10304B304A41F461
:101570004051C8F86C101F60C3F80871C3F81871A7
:10158000C3F82871C3F83871936BDB0708D442F6AF
:101590001563284951651365936B43F00103936309
:1015A000234A254C936843F00113936000F00AFF2F
:1015B00001F016FA00F0EEFF01F04EFA2368132B4B
:1015C000FCD901F07FF82368B3F5967FFBD300F0D8
:1015D00029FF00F025FF01F037FA01F009FA30BFCA
:1015E000FDE700BF00800D40DC310300F4310060F6
:1015F00000000000C0960020D463036000000020BB
:101600000094002019DC010000E400E0A0E400E008
:1016100000C00A4069040200A03A01206D040200E3
:1016200000002020001000E00046C32300400840D6
:1016300000400D400000C056A43A01201B101820A5
:101640000C0D111300C00F40054B4FF42A01054A41
:1016500005485A641864054A99639546FFF7E8FE01
:1016600000C00A40FFBFAAAA070020000080042093
:101670001BB9124B1B6F9B041ED400F03F000F4B95
:1016800022F0604221F0604140F489101867C3F8ED
:101690008010C3F890201A6F22F480521A671A6FD4
:1016A000002AFCDAD3F87011054A0A40C3F8702109
:1016B0001A6F22F480321A67704700BF00800D4015
:1016C000FF7F7FFFD0F88030B3F1E04F07D20548AD
:1016D0000549A0F108028B4288BF104670470348B5
:1016E000704700BF882A0060FFFF1F20782A006033
:1016F00010B582B0002403234FF4000101AA082092
:10170000019401F07DF90F4BEF229DF804109DF834
:1017100005E003F2E45C9DF8064003E063450DD06C
:1017200013F8342F9142F9D15A7818467245F5D101
:101730009A78A242F2D11C3002B010BD00201C30B9
:1017400002B010BD982A006030B5072285B004466B
:101750009F23314902ADD0F8CC000193CDE90212AC
:1017600001F056F9002194F8D00001F059F9042352
:101770002A46D4F8CC000DEB030101F02DF901212C
:1017800094F8D00001F04CF9D4F8CC20D37CEBB124
:10179000DD0704D5906A4FF0E021C1F800019C07F5
:1017A00004D5D06A4FF0E021C1F80401580704D5F0
:1017B000106B4FF0E021C1F80801190704D5506BF8
:1017C0004FF0E021C1F80C01DB061ED4134BEF22D1
:1017D0009DF809109DF80AE003F2E45C9DF80B40C7
:1017E00003E063450DD013F8342F9142F9D15A78B4
:1017F00018467245F5D19A78A242F2D11C3005B054
:1018000030BD00201C3005B030BD926B4FF0E0239E
:10181000C3F81021DAE700BF80C3C901982A00602D
:1018200030B5072285B049490446D0F8CC00CDE94F
:10183000011201F0EDF8002194F8D00001F0F0F869
:101840004349444A322348681268120C03FB02F2EF
:10185000414B5208A3FB0232120A4B681B1A9A42F0
:10186000FBD8D4F8CC509F232A685366D36D13F469
:10187000F81FFBD0536F0DF103010DF10C0C00208C
:101880005066D36D13F4F81FFBD0536F01F8013F7E
:101890006145F5D194F8D030304A190102EB0313B9
:1018A0005258DB68C2F88430EB7CEBB1DC0704D51E
:1018B000A96A4FF0E022C2F80011980704D5E96A3E
:1018C0004FF0E022C2F80411590704D5296B4FF0FC
:1018D000E022C2F808111A0704D5696B4FF0E02224
:1018E000C2F80C11DB0620D49DF804107F2925D006
:1018F0009DF805409DF80650194BEF2203F2E45C79
:1019000003E063450DD013F8342F8A42F9D15A7899
:101910001846A242F5D19A78AA42F2D11C3005B0FD
:1019200030BD00201C3005B030BDAA6B4FF0E02365
:10193000C3F810219DF804107F29D9D19DF80A1011
:101940009DF80B409DF80C50D6E700BF80C3C9013D
:10195000001000E0DC660020112397084C560020A0
:10196000982A0060F0B505460024084685B0C5F801
:10197000CC20012185F8D0002C7101F051F8012113
:1019800095F8D00001F038F8D5F8CC0001F010F847
:101990005D4907229F23D5F8CC000193CDE90212BF
:1019A00004AA12E9060001F033F8214695F8D000A8
:1019B00001F036F80423D5F8CC000DEB03021146F4
:1019C00001F00AF8012195F8D00001F029F8D5F8C6
:1019D000CC20D37CEBB1DF0704D5906A4FF0E02137
:1019E000C1F800019E0704D5D06A4FF0E021C1F88C
:1019F00004015C0704D5106B4FF0E021C1F8080129
:101A0000180704D5506B4FF0E021C1F80C01D9063E
:101A100061D43E4CEF239DF805209DF8060004F2AA
:101A2000E4519DF807C003E08C4251D014F8343FD4
:101A30009A42F9D163788342F6D1A3786345F3D112
:101A400005F108067822002105F18007304600F0F4
:101A5000E3FF3822002105F1940000F0DDFF2C4B5C
:101A60003046C5E920532B4BC5F888302A4BC5F8C2
:101A70008C302A4BC5F89030A388C5E92533A1687E
:101A8000C5F89C102269C5E92A33B2FBF1F2FF23A5
:101A9000C5F8A02001223946C5F8BC304FF4C87300
:101AA000C5F8A430E37885F8D1306369C5F8D4303F
:101AB000A369C5F8D830237B2A7185F8D23000F0AD
:101AC00083FF00280DDB012318466B7105B0F0BDC4
:101AD000002005B0F0BD926B4FF0E023C3F8102159
:101AE00097E73946304600F0ABFF002805DB394662
:101AF000304600F069FF0028E5DA00231846C5F8F3
:101B0000CC3005B0F0BD00BF80C3C901982A006089
:101B1000CD5701001D5A0100A15B0100E5510100F4
:101B2000F0B505460024084685B0C5F8CC20012153
:101B300085F8D0002C7100F073FF012195F8D000DA
:101B400000F05AFFD5F8CC0000F032FF642000F01E
:101B500027FF07227F49D5F8CC00CDE9011200F01C
:101B600057FF214695F8D00000F05AFF7A497B4A8A
:101B7000322348681268120C03FB02F2784B5208B9
:101B8000A3FB0232120A4B681B1A9A42FBD8D5F803
:101B9000CC609F2332685366D36D13F4F81FFBD0DB
:101BA000536F0DF1030103AC00205066D36D13F4A5
:101BB000F81FFBD0536F01F8013F8C42F5D195F827
:101BC000D030684A190102EB03135258DB68C2F89F
:101BD0008430F37CEBB1DA0704D5B16A4FF0E02230
:101BE000C2F800119F0704D5F16A4FF0E022C2F855
:101BF00004115C0704D5316B4FF0E022C2F80811E4
:101C0000180704D5716B4FF0E022C2F80C11D90609
:101C100067D49DF804207F2A6CD09DF805009DF8BC
:101C20000660514CEF2304F2E45103E0A14255D089
:101C300014F8343F9A42F9D163788342F6D1A378FD
:101C4000B342F3D105F108067822002105F180079F
:101C5000304600F0E1FE3822002105F1940000F04A
:101C6000DBFE424B4248C5E92053424BC5F8883061
:101C7000414BC5F88C30414BC5F89030A388C5E97D
:101C80002533A168C5F89C102269C5E92A33B2FB47
:101C9000F1F2FF23C5F8A02001222221C5F8BC30B3
:101CA0004FF4C873C5F8A430E37885F8D130636980
:101CB000C5F8D430A3692A71C5F8D83000F0A4FE65
:101CC0002F4800F0B5FE3946304600F07DFE002872
:101CD00017DB012318466B7105B0F0BD002005B07D
:101CE000F0BDB26B4FF0E023C3F810219DF8042043
:101CF0007F2A92D19DF80A209DF80B009DF80C6078
:101D00008FE729211F4800F07FFE1D4800F090FE5C
:101D10003946304600F094FE002818DB2B211A4883
:101D200000F072FE164800F083FE3946304600F09F
:101D30004BFE0028CDDA1C21144800F065FE104847
:101D400000F076FE00231846C5F8CC30C4E7102119
:101D50000F48F2E780C3C901001000E0DC660020F4
:101D6000112397084C560020982A0060B15C0100AE
:101D70002C5E0020315E0100C95F0100E9510100C5
:101D8000E0660020505E00207C5E0020A85E0020FF
:101D9000B45E002070B5057982B0BDB143790446C8
:101DA00000F10806B3B904F180013046019100F05A
:101DB00047FE00280ADB0199304600F005FE0028A6
:101DC00004DB01232846637102B070BD002528465C
:101DD00002B070BD304600F0F3FD00236371E2E70E
:101DE0002DE9F84F037913B90020BDE8F88FD0F83A
:101DF000A08005460E4601214FEAD8001446013066
:101E000000F01AFE07460028EED0D5F8940000F046
:101E1000EBFD8246002850D0B8F1000F05D0294BC9
:101E20000022C3F80080284B1A603A46274905F182
:101E3000080000F0ADFD00282CDBD5F8A01086BB13
:101E4000A14227D981B30E464FF000084FF0010997
:101E500005F1800B04E00134A1421BD9B04523D227
:101E6000E30804F00702FB5C09FA02F21340F2D126
:101E700021465246584600F0D7FD30B92146D5F8E4
:101E80008C30584608F101089847D5F8A010013465
:101E9000A142E3D8384600F07FFD504600F07CFDBB
:101EA000A2E7A142D0D8F5E7384600F075FD5046CC
:101EB00000F072FD2046BDE8F88F384600F06CFD5A
:101EC000504692E7A4C60020A8C600204554010051
:101ED0002DE9F84F05460079002857D06B798A46DE
:101EE0009146002B4BD1D5F8A040294BD5F8940052
:101EF000A3FB043800F078FD06464FEA98186CB34F
:101F0000B9F1000F18BFBAF1000F05F180074FF0CB
:101F1000000414BF4FF0010B4FF0000BBBF1000F9A
:101F20000AD051464846B4FBF8F308FB13431BB9EB
:101F3000D9F800301B6898472146012332463846BD
:101F400016B100F071FD20B9D5F88C302146384625
:101F500098470134D5F8A030A342DFD8304600F0CE
:101F60001BFDB9F1000F05D0BAF1000F02D04846B1
:101F700000F05EFD2846BDE8F84FFFF70BBF05F106
:101F8000080000F01DFD00236B71ACE7BDE8F88F81
:101F90008988888800217C4A0223F0B57B4C83B075
:101FA000017105467A48019194617A4CD36103230B
:101FB000C2F880020820C2F8841201AA4FF400017E
:101FC00000F01EFD9DF804209DF8050004F2E45188
:101FD0009DF806C0EF2304E08C4200F0B88014F8AE
:101FE000343F9A42F8D163788342F5D1A3786345B0
:101FF000F2D105F108077822002105F18006384664
:1020000000F00AFD3822002105F1940000F004FDE3
:10201000614B0120C5E92053604BC5F88830604B07
:10202000C5F88C305F4BC5F89030A388C5E92533DF
:10203000A168C5F89C102269C5E92A33B2FBF1F208
:10204000FF23C5F8A020504AC5F8BC304FF4C87330
:10205000C5F8A430E17885F8CC106369C5F8D030B4
:10206000A369C5F8D430236928719B0A5366474B8E
:1020700093610223D3614FF48A63C2F8A0324FF414
:102080000003C2F8A0304FF42023C2F8A430C2F8F5
:10209000B0005369D807FCD51B075BD43A4A01232B
:1020A00041485361C2F8A0020020C2F8A4024FF4D4
:1020B0000000C2F8A0004FF42020C2F8A400C2F82B
:1020C000B0305369D807FCD51B0701D508235361ED
:1020D0002D4B012218294FF000015A613DD0334A9F
:1020E000C3F89022324AC3F89422324AC3F89812B5
:1020F000C3F8B02242F20122C3F8B4222E4A207B58
:102100000243C3F8C022C3F8C4121F4B40F2064278
:1021100031463846C3F8A022284AC3F8D02200220C
:10212000C3F8D42200F050FC002804DB0123184639
:102130006B7103B0F0BD3146384600F081FC0028D9
:1021400005DB3146384600F03FFC0028EEDA00207F
:1021500003B0F0BD08235361A0E7194AC3F89022E9
:10216000134AC3F89422174AC3F89812C3F8B0224E
:1021700042F20122C3F8B422134A207B0243C3F87F
:10218000C022C3F8C412C0E700402A40F05AF05AF7
:102190009F040124982A0060CD520100B96001001B
:1021A000A1610100ED510100310402046C0420081A
:1021B0000832012634042008000420080504012404
:1021C0006B04180832041808000418084FF6FF734F
:1021D000364A2DE9F0410B44354D00261D4006716D
:1021E0001660002D58D0334BB3F5F81F54D2C3F509
:1021F000F8139D4250D8304F00F10808044631468C
:102200007F1B4046ED0B1760782200F005FC2B4B3E
:102210002B4A4FF44871C4F884308023C4F88820D6
:102220004046284AC4F89430C4F89830C4F8A8301E
:10223000C4F8AC300123C4F8A05004F18005C4F800
:10224000A410FF21C4F88C2023714FF400431E4AD0
:10225000C4F8BC102946C4F88070C4F8B060C4F853
:10226000B460C4F8B860C4F8C060C4F8C460C4F80E
:10227000C860C4F89020C4F89C3000F0A5FB00288A
:1022800004DB012318466371BDE8F081294640460E
:1022900000F0D6FB002802DA0020BDE8F0812946D4
:1022A000404600F091FB0028EBDAF5E7549D002052
:1022B0000000FFFF0008040000001F60F55201004D
:1022C0001553010035530100F1510100B1F5607F54
:1022D000F0B50E468DB028BF4FF460760F46054628
:1022E00072B62E4B00247022186021462C4B2D48CC
:1022F0001C8000F091FBCFB121462A484FF0010C21
:102300004A0901F01F03013150F822400CFA03F38F
:102310008E4243EA040340F82230F1D828460023D5
:102320004380013300F582709E42F9D81E4C257817
:1023300015B162B60DB0F0BD082000F089FB1B4B53
:1023400080220646009302A90693194B027105608C
:1023500008A8029300F028FB06A9164A304600F0B0
:1023600037FB069B08A8DB689847009B02A8DB6840
:1023700098472378002BDCD10F4B104AC3F8582123
:102380000F49D0204FF0E023402281F84600C3F8E7
:1023900008210123237062B60DB0F0BD709C0020AF
:1023A00094CE0120789C0020B8CE0120084800205F
:1023B00021BE01001B100100009400202DBE010071
:1023C00000E400E0104BA020104AD96E41F44031E7
:1023D00010B4D96640F23764D96E41F44071D966C1
:1023E00054649064936C1B06FCD4094A40F2376134
:1023F000A02351649364936C13F08003FBD1054ACE
:1024000013705DF8044B704700C00F4000400C4053
:1024100000800C40DACE0120704700BF704700BF3B
:10242000704700BF00BF704710B44FF0E023002199
:1024300010243148C3F8941DC3F89C4D1124C3F8EF
:10244000A00D2E48C3F89C4D1224C3F8A00D2C48B3
:10245000C3F89C4D2B4AC3F8A00D2B4C42F015023B
:102460002A48C3F89C4DC3F8A00D294C2948C3F84D
:102470009C4DC3F8A00D284CC3F89C2D2748284A32
:10248000C3F8A04DC3F89C0DC3F8A02D02F5A022FF
:10249000244C0C322448C3F89C4DC3F8A02D234A89
:1024A000C3F89C0D224CC3F8A02D02F14062C3F882
:1024B0009C4D2048C3F8A02D0C32C3F89C0DC3F8E6
:1024C000A02D00BF00BF00BF00BF00BF0122C3F8A6
:1024D000942DBFF34F8FBFF36F8FC3F8501FBFF31F
:1024E0004F8FBFF36F8FD3F8142D5DF8044B42F478
:1024F0004032C3F8142D70473F0000102500080734
:102500000900100060CF0120130020002100020705
:1025100014000020250008130900001016002020D8
:1025200027000B1317000040180000602F000B0756
:10253000190000701A000080F0B4154A40274FF4CB
:1025400080314FF480564FF400554FF4404443F22D
:102550004200136913F0020F0ED113F4005F0FD085
:1025600013F4805F0ED0002BF3DA13F4803F0BD10D
:102570005B060BD5F0BC7047946151619061E8E750
:102580005561E6E75661E4E79161E2E75761E0E70C
:1025900000800D403F4A03203F49F3EE095AD2F82C
:1025A00080304FF0000C9FED3D6A23F001039FED5A
:1025B0003C5A30B4C2F88030C2F89000D1F8E01034
:1025C000384DCBB2384C39482B6007EE903A0B0DA2
:1025D000C1F30B21F8EEE77A06EE903A07EE101AF7
:1025E000334BB8EEC77A2160F8EEE66A314937EE30
:1025F000C66A37EEC55A76EEC76A77EEE57A26EEFA
:10260000266AC3ED006A25EE265AD2F8803067EEBE
:10261000A64AC0ED007AC6EE275A274885EE276AFB
:10262000C4EEA76A75EE875AFCEEE55A36EE076AE5
:1026300015EE904ABCEEC66A43EA045376EE877AFA
:10264000C2F8803016EE103AD2F89041FCEEE77AEC
:1026500001EA0341214317EE903AC2F89011C3F307
:102660000B03D2F890110B431449C2F89031D2F801
:10267000803043F00203C2F88030114B80F840C034
:10268000C1F840314FF0E023012230BCC3F80821EB
:10269000704700BF00810D4000441F400000AA4267
:1026A0000000B442C8310120C4310120CC310120E6
:1026B000D03101200000FF0F00E400E00094002072
:1026C00005DE0100314B40F6617210B5C3F82021E0
:1026D00040F2044400F058F92D4A2E49D2F88030D7
:1026E0002D4843F00303C2F880302C4BC1F8604101
:1026F00002681A4203D1D1F8A8319A071BD0254AA3
:102700004FF00041244B5963D2F8403143F00203AB
:10271000C2F84031D2F840319B07FBD44FF400306F
:102720004FF0E0211C4B4FF00042C1F88C02192001
:102730009A6300F035F9184A4FF08040154C00219B
:1027400090630A20164B11604FF49062C4F8A80100
:10275000184600F061F94FF4800203464FF48100FF
:1027600040F243111860C4F858311A640D4B0E4AF8
:10277000C4F84811C3F804224FF0E0224FF40031AE
:102780000123C2F80C11C4F8403110BD00800D4087
:1027900000C00F4000002E4000900D40001C1E00A5
:1027A0000000002000940020EDE0010008B50E4B71
:1027B0001B6E9B0700D4FBBE72B60C4B00200C4A6C
:1027C000C3F8400103F160430A49A3F55F23116494
:1027D0009D46BFF34F8F4FF400130748074ADB694C
:1027E00002609B68984700BF00441F4000002E40D5
:1027F00000C00A400300200000802020000012EBEF
:1028000043690A4A03EB011010B4037A084C02EB47
:102810000313D3E901321460C2681A6003690BB173
:1028200042691A605DF8044B704700BF4C560020A7
:1028300061F801004369027E03EB021292F808C0BE
:102840008C451CD01A7AFF2A19D0914210B5044643
:1028500016D01A7EFF2A06D00121D3E90023126880
:102860001A4201D1217610BD064B0522204603EB0A
:102870000C135B681A60FFF7C3FF2176F3E770471C
:102880000021EAE74C56002043690A4A03EB011095
:1028900010B490F82830084C02EB0313D3E901324E
:1028A0001460C26A1A60036B0BB1426B1A605DF868
:1028B000044B70474C56002061F801004369427E8A
:1028C00003EB021292F828C08C451ED093F8282002
:1028D000FF2A1AD0914210B5044617D093F8382039
:1028E000FF2A06D00121D3E9002312681A4201D140
:1028F000617610BD064B0522204603EB0C135B6886
:102900001A60FFF7C1FF6176F3E770470021EAE73D
:102910004C560020164942698B6B23F47C0343F428
:10292000802370B58B630446124DD2E900130A6808
:102930001A4303690A60022200211A610E4A1961D2
:102940009A6401225A629D624FF43035DD624FF085
:1029500001159E6C1E6519629D651A61017EFFF767
:102960004FFF617E2046BDE87040FFF78DBF00BF7E
:1029700000C00F40B80B05053B372819F8B500BF5C
:10298000F8BC08BC9E4670475FF800F0E1F101001A
:102990005FF800F035A201005FF800F0F5E30200F7
:1029A0005FF800F0C1D001005FF800F035050000CD
:1029B0005FF800F0C97B02005FF800F0D1CD0100A4
:1029C0005FF800F09D9601005FF800F0459501006A
:1029D0005FF800F0E5C301005FF800F0FD7D020044
:1029E0005FF800F001DB01005FF800F0E5E30200B2
:1029F0005FF800F049D701005FF800F035D2010020
:102A00005FF800F0F55101005FF800F0510202009C
:102A10005FF800F0995501005FF800F0FDEA020050
:102A20005FF800F0BDD101005FF800F04D530100E8
:102A30005FF800F071C601005FF800F099FA02003B
:102A40005FF800F06D9401005FF800F0F9EB020010
:102A50005FF800F08DD801005FF800F00D22000053
:102A6000450000005DFF0000953B0100B140010002
:082A700059C50100C106020076
:102A78004558544D454D0000444D414D454D0000CD
:102A88004D454D4F5259000050524F4752414D004D
:102A9800EF401518000100000080000052000000FF
:102AA80000002000B80B0000006A180057323551AA
:102AB80031364A562A512F5732355131364656004B
:102AC80000000000EF401618000100000080000020
:102AD8005200000000004000B80B0000006A180017
:102AE8005732355133324A562A512F5732355133DE
:102AF8003246560000000000EF40171800010000A1
:102B080000000100D800000000008000B80B0000A1
:102B180080841E005732355136344A562A512F5771
:102B2800323551363446560000000000EF40181880
:102B38000001000000000100D800000000000001B2
:102B4800B80B000080841E00573235513132384AA4
:102B5800562A512F57323551313238465600000027
:102B6800EF4019200001000000000100DC00000017
:102B780000000002B80B000080841E005732355157
:102B88003235364A562A5100000000000000000085
:102B980000000000EF4020200001000000000100BC
:102BA800DC00000000000004AC0D000080841E0062
:102BB800573235513531324A562A5100000000004B
:102BC8000000000000000000EF402120000100008C
:102BD80000000100DC00000000000008AC0D00004F
:102BE80080841E005732355130314A562A51000030
:102BF800000000000000000000000000620613183A
:102C08000001000000100000200000000000080083
:102C180088130000E0930400535354323550463073
:102C280034304300000000000000000000000000F5
:102C3800EF7017180001000000000100D800000024
:102C480000008000B80B000080841E005732355108
:102C580036344A562A4D2028445452290000000090
:102C680000000000EF7018180001000000000100CB
:102C7800D800000000000001B80B000080841E008E
:102C8800573235513132384A562A4D202844545249
:102C98002900000000000000EF701920000100006A
:102CA80000000100DC00000000000002B80B00007A
:102CB80080841E00573235513235364A562A4D2007
:102CC800284454522900000000000000EF80192019
:102CD8000001000000000100DC000000000000020C
:102CE800B80B000080841E00573235513235364A01
:102CF800572A4D00000000000000000000000000FE
:102D0800EF7020200001000000000100DC0000003E
:102D180000000004AC0D000080841E0057323551BD
:102D28003531324A562A4D20284454522900000091
:102D3800000000001F8401180001000000100000BE
:102D48002000000000000800C4090000E09304000F
:102D58004154323553463034310000000000000041
:102D680000000000000000000140141800010000ED
:102D78000010000020000000000010008813000070
:102D8800E0930400533235464C3230384B00000093
:102D9800000000000000000000000000C8401318F8
:102DA80000010000001000002000000000000800E2
:102DB80060090000E0930400474432355134304341
:102DC80000000000000000000000000000000000FB
:102DD800C840141800010000001000002000000086
:102DE8000000100060090000E093040047443235F9
:102DF80051383043000000000000000000000000CF
:102E080000000000C8401518000100000080000004
:102E18005200000000002000A00F0000006A180007
:102E280047443235513136450000000000000000AB
:102E38000000000000000000C84016180001000053
:102E4800008000005200000000004000A00F0000B9
:102E5800006A1800474432355133324500000000FB
:102E6800000000000000000000000000C840171823
:102E78000001000000000100D800000000008000F0
:102E8800A00F0000C0C62D004744323551363445E6
:102E9800000000000000000000000000000000002A
:102EA800C84018180001000000000100D800000008
:102EB80000000001A00F0000C0C62D0047443235B5
:102EC80051313238450000000000000000000000C9
:102ED80000000000C84019200001000000000100A7
:102EE800DC00000000000002D0070000006A1800A3
:102EF80047443235513235364500000000000000A5
:102F08000000000000000000032EC218400000006E
:102F1800800000000000000000001000FA0000001F
:102F2800B00400004359313542313038514E000069
:102F3800000000000000000000000000C22400188B
:102F480040000000800000000000000000000200B7
:102F5800FA000000B0040000464D32355631302DDD
:102F68004700000000000000000000000000000012
:102F7800C22401184000000080000000000000008A
:102F880000000200FA000000B0040000464D32358F
:102F98005631302D472028726576203129000000EF
:102FA80000000000AE830918400000008000000007
:102FB8000000000000000200FA000000B004000059
:102FC8004D523435563130304100000000000000C9
:102FD8000000000000000000C226081840000000A1
:102FE800800000000000000000000800FA00000057
:102FF800B0040000435931354231303451000000EB
:10300800000000000000000000000000602AC21854
:1030180040000000800000000000000000000400E4
:10302800FA000000B0040000435931354231303213
:103038005100000000000000000000000000000037
:10304800602AC21840000000800000000000000054
:1030580000000400FA000000B004000043593135B4
:103068004231303251000000000000000000000032
:1030780000000000047F48184000000080000000A5
:103088000000000000000400FA000000B004000086
:103098004D4238355253324D5441504E460000008F
:1030A80000000000000000002A03540065006500CD
:1030B8006E007300790020004D004900440049006B
:1030C8007800310036002F00410075006400690067
:1030D8006F00000018035400650065006E0073005F
:1030E80079006400750069006E006F00040309042C
:1030F8000A060002EF0201400100000080C00F40F4
:10310800000000031900000010000000E8841F40C0
:1031180001000000FF000000FF00000000000000A8
:10312800000000001800000010000000E4841F40A8
:1031380001000000FF000000FF0000000000000088
:10314800000000001F000000E57A020070C00F4078
:10315800000C00001100000011000000E0841F4076
:10316800020000002400000012000000E0841F405C
:10317800010000001000000011000000DC841F4066
:10318800020000002500000012000000DC841F403F
:10319800010000001E000000D97A020070C00F4034
:1031A800C00000001200000013000000D0841F407F
:1031B80001000000FF000000FF0000000000000008
:1031C800000000001300000013000000CC841F4022
:1031D80001000000FF000000FF00000000000000E8
:0C31E800000000001C000000CD7A020076
:1031F40000000000000000000000000000000000CB
:1032040000000000000000000000000000000000BA
:103214000548064B1B1AD90F01EBA301491002D034
:10322400034B03B118477047C0960020C096002096
:103234000000000008B5054B1BB105490548AFF374
:103244000080BDE80840FFF7E3BF00BF00000000B6
:103254002C1A01200008046000207047006910B196
:103264000368DB6818477047006910B103681B697D
:1032740018477047006910B103685B6918474FF03D
:10328400FF307047006910B103689B6918477047A5
:10329400006980B10368012200B583B09B680DF119
:1032A4000701984720B19DF8070003B05DF804FBBF
:1032B4004FF0FF30F9E74FF0FF30704700B5006979
:1032C40083B08DF8071028B1036801220DF10701BE
:1032D400DB68984703B05DF804FB00BF4FF0FF3094
:1032E400704700BFC3680BB1012070470069003804
:1032F40018BF0120704700BF0069003818BF0120C3
:10330400704700BF2DE9F04FADF5197D14464FF01D
:10331400000806920DF59079A29A0DF1740C0B93A6
:10332400931E049005910293631ECDF86490DBB262
:1033340000EB430BA94B1B78039320AB0A93CDE915
:1033440000394FF00003029A0CF8013B32F9023FB6
:10335400002B0292C0F27481019A13804FF0000294
:10336400009B1A704FF001030CF8013C019B08F11B
:1033740001085033B8F1040F0193009B03F12803B3
:103384000093DED19DF87430DDF890A2002B00F09C
:1033940087819DF87520013B9DF876100DF1780B1F
:1033A4009DF87750541E1A920222481EDBB21791E0
:1033B400691E159509EB0205E4B212FB0353C0B272
:1033C400C9B218951B9309F1500312FB04331693E9
:1033D40009F1A00309F1F00912FB0033109312FB69
:1033E4000193029347F6FF731493199BB3F90030CA
:1033F4000C93ABF80030189B19931A9B002B00F028
:1034040015810DF5B77311932AAB069307E0069B5C
:10341400119A01330693169B934200F00781119A87
:1034240032F9023F11920C9A0E939A42ABF8023091
:10343400EDDA179B002BEAD00DF5DF73059334AB5F
:103444000193A39B0633129306E0019B059A013373
:103454000193109B9342DAD0059A32F9023F059208
:103464000E9A00939A42ABF80430EEDA159B002BC7
:10347400EBD00DF20E280DF1F80904E0029B09F1DE
:1034840001094345E1D038F9026F009BABF80660AF
:10349400B342F3DA0A9B069A1B7812781A43019B0B
:1034A4001B78134399F8002013430B9A32EA030361
:1034B400E4D1A39B58460C9C0022991E129D2346DE
:1034C40031F9024F1B1B002BB8BF5B42A9421A44BF
:1034D40092B203D012B230F9023FF1E73F4B4FF002
:1034E400060C3F4901241D7807230F92002713FB84
:1034F40005C3BAF900000997A1FB03320490D3086D
:10350400079408930CEB8503A1FB0332D3080D93B6
:10351400EB1CA1FB033293080C9A1393A2EB000E4D
:10352400234603923BF913200FFA8EF43AF9130061
:10353400111A09B2002C4ED000294CD0002CD4BF53
:10354400002401240029D4BF4FF0000C4FF0010CDB
:10355400644540D1039C121B049C001B92FBF5F4B0
:1035640005FB142290FBF5F42A4405FB140092FB9E
:10357400F5F4284405FB142290FBF5F412B205FB84
:103584001400089C00B2002A18BF94420CBF012406
:103594000024904219D1C4B10D9A1744BAB23FB273
:1035A4000133DBB2042BBDD107994B1CDBB2042BD6
:1035B40028D00A463BF9111007933AF912000391F7
:1035C400A1EB000E04900992ACE7099A032B08BF03
:1035D400002A00D134B9BAB2E2E700BF96930020C2
:1035E400ABAAAAAA81EAE173139AA3EBE1739BB293
:1035F4009A4219DA079917444B1CBAB23FB2DBB2AC
:10360400042BD6D10F9B1344149A1BB29342BFF6DA
:1036140035AFA59A1493D68013460C9A1A800E9A45
:103624005A80009A9A8029E7BAB2BDE70A9B1B9A8E
:1036340001330A93189B9A4235D002331893D4E687
:10364400069B6BB3A39B08EB8805CDF81C80002276
:1036540033F918A04FEAC50E049B0598991E20ABB8
:10366400DDF80C8003EBC50531F9024F561C0EEB57
:103674000207A4EB0A03002BB8BF5B42434506DCF8
:10368400037829F81740AB54F2B20CF8012C8B459F
:1036940000F10100E8D1DDF81C80002A7FF466AE59
:1036A40047F6FF73149314980DF5197DBDE8F08F58
:1036B4002DE9F04101240021022203234470054630
:1036C4008646164C0170827005F8033F1EF801CF40
:1036D400AEEB0002013A52B200E0815C675C531C1D
:1036E40014F80C6002F1FF385BB2B7420CD94FFA00
:1036F40088F2C154531CF0D10246754582F800C0CB
:1037040009D09EF80010E1E70132754540FA82F2D3
:1037140082F800C0F5D1BDE8F08100BFECD20020F2
:10372400036818470B680360704700BF0B680360A9
:10373400704700BF704700BF704700BF704700BFAD
:10374400704700BF704700BF704700BF704700BF9D
:10375400704700BF704700BF704700BF704700BF8D
:10376400704700BF03680868116818478C46C16831
:10377400134619B16246806819F0C4BB0846704705
:1037840010B504461BF0A8FF204610BD38B5054C03
:10379400A4F12005083C20461BF09EFFAC42F9D161
:1037A40038BD00BF188E002038B5054CA4F12005A3
:1037B400083C20461BF090FFAC42F9D138BD00BF55
:1037C400388E0020C16808B5029B09B1022B01D9CB
:1037D400002008BD806819F097FBC043C00F08BDE6
:1037E40030B5042285B000240D46009200F1180182
:1037F40003AB63228068039419F0CAFA042802D048
:10380400204605B030BD03980028FAD029461CF0A4
:1038140019F9012005B030BD30B5042285B000246B
:103824000D46009200F1180103AB6D2280680394E9
:1038340019F0AEFA042802D0204605B030BD039832
:103844000028FAD029461CF0FDF8012005B030BD4F
:10385400016911B1806819F0C1BD70470B69F0B5F9
:103864000C46E3B00546002B74D000214FF484725B
:1038740020A82EF03BFA20AA2169A06819F03AFD8D
:10388400002842F62E6259DDBDF888302E2BECD08C
:1038940093424BD0802204F1180168462BF0D4FCEB
:1038A400684630F085FB00285FD00DEB000313F869
:1038B400013C2F2B01D07D2874D90DEB0003C0F1FE
:1038C400800222A918462BF0BFFC9DF88060012ECF
:1038D4004ED034202DF07EFE064600287BD00146D3
:1038E4006A46A06819F0A4FC002824DB98201DF087
:1038F400C5F8A368066169460026044680228360F1
:103904004660C660384B04F1180023602BF09CFC21
:1039140063684FF47A71354A013328466E602E731A
:10392400A9602C6163602A6063B0F0BD9DF88A30A1
:10393400002B9AD0AEE730462DF054FE00234FF40E
:103944007A712A4A2B732A602B61C5E90131284612
:1039540063B0F0BD4FF47A71244A4360037381600D
:1039640002600361284663B0F0BD80226B46A8E77D
:1039740054202DF02FFE074620B3014633466A46F5
:10398400A06819F08DFA002818DB982000261DF095
:1039940075F8A3686946044680228360C760466060
:1039A4000661AFE72F23421C0DF8003000230DF809
:1039B40002300DEB0203C2F1800282E738462DF09B
:1039C40011FEBBE74FF47A72084B68602873AA6053
:1039D4002B602861BBE74FF47A72044B686028734C
:1039E400AA602B602861B2E79C45002014470020A0
:1039F40010B500F118042F2120462BF0C5FD00B1AD
:103A0400441C204610BD00BFC16810B5044639B13E
:103A1400806819F04FFAE0682DF0E4FD0023E360BC
:103A2400216939B1A06819F051FC20692DF0DAFD43
:103A34000023236110BD00BFC16839B1806808B597
:103A440019F018FB20EAE070C11708BD084670475A
:103A5400C16839B1806808B519F00AFB20EAE07042
:103A6400C11708BD08467047C16881B138B504461E
:103A7400806819F0FDFA051E07DBD4E9020119F08C
:103A8400F9FA002801DB401B38BD002038BD0020B6
:103A9400704700BFC16831B1806808B519F05EFA9B
:103AA400C043C00F08BD0846704700BFC16811B1CC
:103AB400806819F023BA704710B5C4680CB9204661
:103AC40010BD134680680A46214619F019FA20EA07
:103AD400E07010BD22EAE2729A422DE9F0410646F6
:103AE40048DC264847F6FF78B0F90070244804788B
:103AF4004FF0FF3013E092FBF4FC04FB1C2C8C45CC
:103B04000AD1BEF1000FB8BFCEF1000E0FFA8EFE3F
:103B1400C64501DA1046F0462AB29A4205DC9742BD
:103B2400A2EB060E02F10105E5DA00281CDAA2B2C6
:103B3400B6FBF4F004FB1060401A204490FBF4F34D
:103B440004FB1300301A14FA80F400B224B2331ABE
:103B5400A61B002BB8BF5B42002EB8BF7642B3420F
:103B6400C8BF2046002801DBBDE8F081024410B242
:103B7400BDE8F081024B1C78D9E700BF8A9300208E
:103B840096930020704700BF30B50024054635F9F0
:103B940002EF63B230F9132003F1FF3C590096455C
:103BA4004FFA8CF300EB010C0ADAACF802205A1C31
:103BB400F0D101460134A1F800E0032CE7D130BD77
:103BC40002310144F6E700BFF8B5104C0025064663
:103BD40004F1100754F8040B12F034FD002818BF48
:103BE4000546BC42F6D17DB1094B3046B3F90020FD
:103BF4003280B3F902207280B3F90420B280B3F9A1
:103C04000630F380FFF7C0FF2846F8BD4871002056
:103C1400202E0120012A02D1016000207047022ACF
:103C240005D0032AF9D0002AF7D10260F5E70B6822
:103C34000360F2E7704700BF704700BF704700BFE2
:103C4400044808B51BF048FD00210C20BDE80840DD
:103C54001CF0AABF9C8D00208B79503B1B061FD4FF
:103C640070B5044684B008461BF098FF23680F4AD9
:103C74005B6BA6689342039014D118342F2120461D
:103C84002BF082FC00B1441C042503AB63222146C3
:103C94003046009519F0C6F8C043C00F04B070BD9B
:103CA40000207047204698470446EDE701080000CD
:103CB4008B79503B1B061FD470B5044684B008466C
:103CC4001BF06CFF23680F4A5B6BA668934203905A
:103CD40014D118342F2120462BF056FC00B1441C7B
:103CE400042503AB6D2221463046009519F09AF85D
:103CF400C043C00F04B070BD0020704720469847F1
:103D04000446EDE701080000836810B5044613B1CA
:103D1400032201469847204610BD00BF0B4BC168E3
:103D240010B50446036039B1806819F0C3F8E0683F
:103D34002DF058FC0023E360216929B1A06819F033
:103D4400C5FA20692DF04EFC204610BD9C4500208C
:103D54000D4BC16810B50446036039B1806819F091
:103D6400A9F8E0682DF03EFC0023E360216929B145
:103D7400A06819F0ABFA20692DF034FC2046982194
:103D84001CF084FE204610BD9C45002010B5094B54
:103D940004460069236058B14368013B43603BB962
:103DA4000368DB6A9847206910B103685B68984729
:103DB400204610BD1447002010B50B4B0446006983
:103DC400236058B14368013B43603BB90368DB6A35
:103DD4009847206910B103685B689847204614210E
:103DE4001CF054FE204610BD1447002010B584B0CA
:103DF4000446039102921BF015FA00222046DDE9E5
:103E0400023100921BF082FA204604B010BD00BFBC
:103E140010B50023044610460D4A617223722260D5
:103E2400C4E9033019B18A0019462DF05FFF094A2D
:103E3400136853B11A465B69002BFBD1546100230C
:103E4400204663616360A37210BD1460F7E700BF8E
:103E540090450020749C002003460022134910B4AE
:103E6400134C43F8184B4FF4807482610481C0E909
:103E740003230B68C3B11A465B69002BFBD1506165
:103E840000230C4A4FF468140B4943614360837266
:103E940002604FF000520377084BC0E90A41C0E9C1
:103EA4000C235DF8044B70470860E9E7749C00201C
:103EB40090450020B44600200E00C10076061C0088
:103EC40010B541F2CC53044613480022234413494D
:103ED40020604FF48070C4E90323208104F58050EE
:103EE4000B68C0F8CC25ABB11A465B69002BFBD13B
:103EF400546100210A4B41F28C5204F1400061618B
:103F04006160A172236021766183E1612DF0EEFE90
:103F1400204610BD0C60ECE790450020749C002006
:103F24003446002038B50022044603461049114D9A
:103F34004FF4807043F8985B2081C4F89820C4E95A
:103F440003230B688BB11A465B69002BFBD15461C8
:103F540000212046084B802261616160A17240F813
:103F6400183B2DF0C3FE204638BD0C60F0E700BFBF
:103F7400749C0020904500209C46002003460022AB
:103F8400144910B4144C43F8344B4FF40074C0E992
:103F940003230B680481C0E90D22CBB11A465B6987
:103FA400002BFBD150610D4900230D4A0D4C0160DB
:103FB4004FF4805182610C4A436143608372C0E9CB
:103FC4000741C0E909235DF8044BC0E90B3370478E
:103FD4000860E8E7749C002090450020FC4600201F
:103FE40090298F0460EA8E0480F9855A00220346E2
:103FF40013494FF4806C10B4124C43F8284BA0F8CA
:1040040008C0C0E903230B68C0E90A22C0E90C22F6
:104014009BB11A465B69002BFBD1506100224FF41F
:10402400803309495DF8044B426142608272016049
:10403400C0E90633C0E9083370470860EEE700BF03
:10404400749C0020904500208445002013490022E0
:1040540038B5134D04460B68056002610281C260E5
:10406400D3B11A465B69002BFBD1546100230D497F
:104074004FF0804204F138006360A3722160A3868C
:10408400C4E90533C4E90733C4E90932C4E90B338D
:1040940014F0A6F8204638BD0860E7E7749C0020B9
:1040A40090450020A846002038B500220446034667
:1040B4001549164D4FF4007043F8185B2081C4E98C
:1040C40003230B68C4E90622DBB11A465B69002BA3
:1040D400FBD1546100230E494FF4004204F50F70E4
:1040E40063616360A37221602363C4F83432A4F86B
:1040F4003832C4E90833C4E90A2314F071F82046BD
:1041040038BD0C60E6E700BF749C00209045002099
:10411400084700200D49002210B40B680C4C0261C2
:1041240004600281C2607BB11A465B69002BFBD13B
:1041340050610023074A5DF8044B43614360837276
:1041440002600376C36170470860F2E7749C002044
:1041540090450020D84600200F49002210B40B6877
:104164000E4C026104600281C2609BB11A465B6915
:10417400002BFBD150610A4900220A4C0B880460D1
:1041840001335DF8044B4261426082720B80C0E9E6
:10419400062370470860EEE7749C002090450020D9
:1041A400A0CE0120CC4600202DE9F0431E464B79D9
:1041B400C7B004465BB94FF47A71844A4360037311
:1041C400816002600361204647B0BDE8F0830D467C
:1041D4001746EEB154202DF0FDF98046002800F07A
:1041E400DF800835014640F203133A46284618F0AA
:1041F40057FE002846DA00234FF47A71734A2046AA
:10420400237322602361C4E9013147B0BDE8F08320
:104214000835114604AA284618F0A4FD00287ADBC4
:104224009DF81080B8F1010F00F0818034202DF04A
:10423400D1F98046002800F0B38001463A4628466A
:1042440018F0F6FF0028C0F2988098201CF016FCA5
:10425400394680220746C0F81080C660C0E901656F
:104264005B4B07F118003B602AF0EEFF7B684FF4CC
:104274007A71564A013366602673A16027617B60B8
:104284002260A0E700234FF0040903931CF0AAFD69
:1042940003AB0490632239462846CDF8009018F009
:1042A40077FD484509D004AB632239462846CDF84A
:1042B400009018F0B7FD002857DB042204AB394600
:1042C400284600926D2218F0ADFD002859DB012E1E
:1042D4005FD098201CF0D2FB3D4B8560002506463C
:1042E4003946C0F80C8080224560183040F8085CDC
:1042F40040F8183C2AF0A8FF73684FF47A71334AE7
:1043040001332046656073602573A16026612260D5
:1043140047B0BDE8F0834FF47A722C4B20466660B8
:104324002673A2602360266147B0BDE8F083542061
:104334002DF050F9814600283ED0014643463A46C6
:10434400284618F0ADFD00280BDB98201CF096FBE6
:10435400394680220746C0F80C900661C0E9016521
:104364007EE748462DF03EF945E7222119481FF023
:1043740067F819481BF074FA9FE740462DF032F9AC
:1043840039E7222115481FF05BF813481BF068FA3F
:104394009DE7022300224146284618F0B5FD98E720
:1043A4004FF47A72094BC4F8048084F80C80A2603C
:1043B4002360C4F8108006E74FF47A72034B606000
:1043C4002073A26023602061FDE600BF1447002033
:1043D4009C45002004430020E06600202843002080
:1043E4002DE9F0419DF818709DF81CE0EFF310865C
:1043F40072B6194D194C95F800C024780CF1010CD3
:104404005FFA8CFC644521D095F80080144C5FFA67
:1044140088F804F83810297804EBC1014A702A7826
:1044240004EBC20297702A7804EBC20282F803E01C
:104434002A7804EBC20210712A7804EBC204E380E8
:1044440085F800C006B962B6BDE8F081054A136874
:1044540001331360F6E700BFFFCE012000CF012037
:10446400501001205018012069496A4B6A4A70B5FE
:104474002DED028B1B7882B00C5C05461278234428
:1044840000EE903AF8EEE00A002A40F09080FDEE4B
:10449400E07A624A624EB2EE088A6249B0EE000ADD
:1044A40017EE903ADFED606A86FB03061078DA17A0
:1044B400C2EB660202EB4202A3EB82035B4A0C33BB
:1044C400A2FB0362D20802EB4202A3EB820300EBDD
:1044D400400200EB82000144194491F9013007EED7
:1044E400103AB8EEC77AC7EE267A77EEA00AC0EE85
:1044F400880A28F055FBB7EEC00A27F085FBB7EE13
:10450400C00B4B4B20EE088A1E7884F30704494BFA
:10451400DFED496A344403EB85039FED487A07EEE7
:10452400904A93ED006AF8EEE77A38EE670A30EEC7
:10453400060A20EE260AB4EEC70AF1EE10FA2EDCC3
:10454400DFED3F7AB4EE670AF1EE10FA48BFB0EE41
:10455400670A3C4E28F0EEFA04B236F91530A3424D
:1045640019D0394B1B78EBB1384A394B12781B7888
:10457400934241D0A91CC9B2019200222346009162
:1045840002201146FFF72CFF324A334B126826F8FB
:10459400154043F8252002B0BDEC028B70BDB0EE8F
:1045A400470AD6E72D4A294B11781A78E4E72C4BB1
:1045B40024B2B0EE000A1B7808EE903AF8EE688A4E
:1045C400C0EEA80A28F0ECFAB7EEC00A27F01CFBEC
:1045D40007EE904AB2EE087A154BB7EEC00BF8EE30
:1045E400E77A1E7820EE078A27EE870A80EE280AEB
:1045F40028F0A0FA044688E71A4BA3FB0513DB084E
:1046040003EB830103EB4101691A0631C9B2B3E735
:10461400F4D2002020CF0120EACE01201BCF0120BC
:10462400ABAAAA2A683C00200000C842ABAAAAAAE6
:104634001FCF0120040F0120ABAA2A4300F8FF4535
:10464400000000C60819012001CF0120A793002013
:10465400E1CE0120A43A012020190120A5930020D5
:1046640096930020A38B2EBA5B4B1A68D2072DE9D0
:10467400F04F2DED048B85B040F197805749584A8F
:10468400086813681B1A072B40F2838013684FF0E5
:10469400140A544D1020544E544C9FED558ADFEDAE
:1046A400558ADFED559A9FED559A554FDFF8549191
:1046B400DFF854810B601BF02BFCB5EC017AC0F5DC
:1046C4008060B5EEC07A07EE900AF1EE10FAF8EECB
:1046D400E77A07D4B5EE006AF6EE086A67EE867AE2
:1046E400E7EE267AB2EE087A45ED017A77EEC77ADC
:1046F40067EE887A87EEA87AB5EEC07AF1EE10FA02
:104704004CD4B4EE487AB4F90030F1EE10FA38FE25
:10471400077A002B1ADB07EE903AF8EEE77A77EE89
:10472400677AF0EEE77AF4EEC97AF1EE10FA0DDC6E
:104734003B78002B43D10AF1010A02345FFA8AFA6A
:10474400BAF1170F23D016F8010FB4E7F6EE007A8A
:1047540037EE277ABDEEC77A17EE102A0FFA82FBDE
:104764005B4504D13B7813B9A4F800B0E3E75FFAE2
:104774008BF299F8003051460320019398F80030E9
:1047840000930023FFF72CFEA4F800B0D3E7002326
:104794003B7005B0BDEC048BBDE8F08FB4F900307C
:1047A400002B09DBB0EE697AB5E70D4A01240B4909
:1047B40010681C60086064E700229346D9E7F6EEAF
:1047C400007A37EE277AFDEEC77ACDED037ABDF98C
:1047D4000CB09DF80C20CCE7349C0020249E0020D3
:1047E400A43A0120D86A0020DC470020D06A0020C7
:1047F4000000FE4200007A44000000003333333FDF
:10480400FCCE0120E1CE01209A9300202DE9F84F3F
:10481400674C684B22781B789A4200F0C6801026B9
:104824004FF0000E644DDFF8A0812378013EDBB227
:10483400F6B215F833002378C0B205EBC30393F83E
:1048440001C023785FFA8CFC05EBC3039B782278C4
:10485400DBB205EBC202D1782278C9B205EBC20201
:1048640092F804A02278BAF1010F5FFA8AFB05EBF3
:10487400C202B2F8069022780FFA89F902F1010215
:10488400D2B2227002D8BEF1000F7AD1BBF1030F6D
:104894001AD8DFE80BF05E2A4202012914D8013B42
:1048A40000044FEA0C6C1B0200F4FE000CF0FE4CFA
:1048B40003F4706343EA011303434BF20B0043EA2E
:1048C4000C0318431DF06EFF3A4B94F800E01B787C
:1048D400002E18BF9E4514BF4FF0010E4FF0000E7E
:1048E400A3D1BDE8F84F1DF065BF0129ECD8013B09
:1048F40000044FEA0C6C1B0200F4FE000CF0FE4CAA
:1049040003F4706343EA0113034348F2080043EAE3
:104914000C0318431DF046FFD6E70129D4D809F348
:104924000D095A1E0B014EF20E0009F50059120230
:104934004FEAE91102F470624FEA094943EA01635C
:1049440009F4FE09134343EA090318431DF02AFF3F
:10495400BAE70129B8D8013B00044FEA0C6C1B02EA
:1049640000F4FE000CF0FE4C03F4706343EA011300
:10497400034349F2090043EA0C0318431DF012FFF4
:10498400A2E70E4AD8F804A00D4F1268A7FB022E26
:104994000C4A4FEA9E4E126802FB0EFED8F8042021
:1049A400A2EB0A029645F9D870E7BDE8F88F00BF7C
:1049B40000CF0120FFCE012050100120DC66002032
:1049C40083DE1B43C48D0020001000E0154B33F838
:1049D400103003B3144A1549126851F82010521AC2
:1049E400934218D907EE902A114AB8EEE77A07EEF7
:1049F400903A104B02EB8002F8EE677A03EB8003E7
:104A040092ED000AC7EE276AD3ED007A77EEC07AFA
:104A1400A7EEA60A7047074B03EB800393ED000A49
:104A2400704700BFD0180120A43A0120D8180120F3
:104A3400C0180120F81801209F4B2DE9F04FDFF832
:104A4400D89200249D4E9E4DD3F800B0DFF8CC825E
:104A54009C4F2DED068BDFED9C8A85B09FED9B8AE4
:104A64009FED9B9A19F8013B002B3ED02B68ABEBD2
:104A74000303092B39D92046FFF7A8FF98ED007AE4
:104A8400D7ED007A30EE470A30EE270A20EE280AE6
:104A9400B4EEC80AF1EE10FA00F30881B4EE490A44
:104AA400F1EE10FA48BFB0EE490A28F043F8B6F91F
:104AB40000200FFA80FAAAEB020207320E2A14D958
:104AC400844B1B78002B40F0F480834B1B780093BD
:104AD4000022824B022011461B7801935346FFF7B4
:104AE4007FFCA6F800A0C5F800B0013402360435F6
:104AF40008F10408E4B20437042CB3D1784CDFF88D
:104B040020A2DFF82092774E9FED6F9ADFED6F8A37
:104B1400DFED6F9A9FED74AA744DDFF80C82744F29
:104B240066E0744BB0EE000A1B780AEE903AF8EE99
:104B34006AAAC0EEAA0A28F033F8B7EEC00A27F032
:104B440063F80398B7EEC08B03B2F2EE087A00EE76
:104B5400103A694B28EE278AB8EEC00A1B780393F3
:104B640020EE270A80EE2A0A27F0E4FF039B80F355
:104B7400070098ED007A184407EE900AF8EEE77AF9
:104B840038EE670A30EE070A20EE090AB4EEE80AA6
:104B9400F1EE10FA00F38280B4EE690AF1EE10FA35
:104BA40048BFB0EE690A27F0C5FFB6F9002003B28A
:104BB4009A420FD099F800200220039301929AF8A8
:104BC4000020009200221146FFF70AFC039BC5F85F
:104BD40000B03380494B0AF1010A09F10109023698
:104BE400A34205F1040508F1040807F1020758D0AF
:104BF40014F8013B002BEDD02B68ABEB0303092B1E
:104C0400E8D93F4B38881B780390034407EE903A69
:104C14003C4B1B78F8EEE70A002B82D1FDEEE07ADC
:104C240039483A4BB2EE088AB0EE000A17EE901AF1
:104C34001A78374B80FB01CE4FEAE17CCCEB6E0C4B
:104C44000CEB4C0CA1EB8C010C31A3FB01C3DB0876
:104C540003EB4303A1EB830302EB420102EB81016B
:104C64002C4A0A44134493F9013007EE103AB8EE83
:104C7400C77AC7EE0A7A77EEA00AC0EE880A27F050
:104C84008FFFB7EEC00A26F0BFFFB7EEC00B039844
:104C9400194B20EE088A00B21B7868E79FED0B0AD7
:104CA40081E705B0BDEC068BBDE8F08F9FED070AE8
:104CB400FBE6A31CDBB20AE7A43A0120A8180120F2
:104CC400B0180120E8180120ABAA2A4300F8FF45D8
:104CD400000000C601CF01209A930020E1CE0120FC
:104CE400140E0120081901200000C84220190120D7
:104CF400EC0E0120969300201FCF0120200E0120EE
:104D040020CF0120EACE0120ABAAAA2A1BCF012082
:104D1400ABAAAAAA683C0020A4CB0020F818012062
:104D2400080E0120200E0120040F012030B583B0AD
:104D34000446FFF74BFE1F4A1F4B02EB80029FED18
:104D44001F7A03EB8003DFED1E7A92ED006AD3ED48
:104D5400006A30EE460A30EE260A20EE070AB4EE68
:104D6400E70AF1EE10FA21DCDFED167AB4EE670AF9
:104D7400F1EE10FA48BFB0EE670A27F0DBFE124BE3
:104D8400A11C05B200221878C9B22B46CDE9001047
:104D940011460220FFF724FB0C4A0D490D4B126803
:104DA40021F8145043F8242003B030BDB0EE670A54
:104DB400E3E700BFF8180120E8180120ABAA2A4352
:104DC40000F8FF45000000C6E1CE0120A43A01200E
:104DD400A8180120B0180120F8B5B0EE406A0546C5
:104DE40014460F462DED028B002940F09080494B6C
:104DF400AE00494A03EB850383ED000A474B03EBFE
:104E0400850383ED006A464B1968464B42F825102A
:104E14001B78454A234422F8157000EE903A434B20
:104E24001B78F8EEE00A93B3414B24B2B0EE000ACB
:104E34001B7808EE903AF8EE688AC0EEA80A27F0CC
:104E4400AFFEB7EEC00A26F0DFFE07EE904AB2EEE0
:104E5400087A384BB7EEC00BF8EEE77A1C7820EEF0
:104E6400078A27EE870A80EE280A27F063FE80F37C
:104E74000700314B2044334407EE900AF8EEE77AFA
:104E840038EE678A83ED008ABDEC028BF8BDFDEE37
:104E9400E07A2A4A2A4DB2EE088A2A49B0EE000A7C
:104EA40017EE903ADFED286A85FB03051078DA17D0
:104EB400C2EB650202EB4202A3EB8203234A0C33EA
:104EC400A2FB0352D20802EB4202A3EB820300EBE3
:104ED400400200EB82000144194491F9013007EECD
:104EE400103AB8EEC77AC7EE267A77EEA00AC0EE7B
:104EF400880A27F055FEB7EEC00A26F085FEB7EE05
:104F0400C00B0C4B20B220EE088A1C78AFE7FFF7E9
:104F14005DFD6CE7C0180120D8180120F8180120A5
:104F2400A43A012020CF0120D0180120EACE01208C
:104F3400969300201FCF0120E81801201BCF0120E9
:104F4400ABAAAA2A683C00200000C842ABAAAAAABD
:104F5400F0B51D4683B00023144607460E460320D1
:104F64006521CDE900251A46FFF73AFA3A460023AF
:104F74006421CDE90045FFF733FA002332460621C8
:104F8400CDE90045FFF72CFA03B0F0BD244B70B512
:104F94001C781CB9234D2B7873BB70BD224D234C58
:104FA4002B7822789A421AD0012204210620FFF796
:104FB400CFFF2B78022230210020FFF7C9FF23788E
:104FC40001220C210620FFF7C3FF2378022230219F
:104FD4000020FFF7BDFF134B01221A7070BD13466A
:104FE4000F2101220620FFF7B3FF2B780222302184
:104FF4000020FFF7ADFFEEE70B4E0122214606200D
:105004003378FFF7A5FF094B32781B789A4204D016
:10501400012221460620FFF79BFF00232B7070BD61
:1050240001CF012002CF0120E1CE0120A79300206F
:1050340030B50A4D83B0295C71B104460848094B68
:10504400005D094A019001201B5D12780093002342
:10505400FFF7C6F900232B5503B030BD140E012011
:10506400200E0120080E0120AC9300202DE9F04F02
:1050740083B00546FFF7DCFF3E4B3F4A1B7812F82E
:1050840005B0002B62D158463C4B80F3070B3C49DA
:105094001A780B7893445FFA8BFB002B51D0DFF81E
:1050A400FC90384B99F800201B789A4246D1364B35
:1050B400A3FB0523DB0803EB830203EB4206AE1BD1
:1050C4000636F6B20024314FDFF8D480DFF8D4A0DE
:1050D40002E001340C2C16D0E3B2AB42F9D03A5DB5
:1050E4005A45F6D118F80420B242F2D11AF8040055
:1050F40099F800209042ECD101341846FFF798FF4C
:105104001F490C2CE8D10B7813B12846FFF7ACF9F2
:1051140099F8003059461E4A019300230096184618
:105124001278FFF75DF999F8003007F805B008F830
:1051340005600AF8053003B0BDE8F08FAE1CF6B286
:10514400C0E7144BDFF854901E78BBE7124B07EE10
:1051540090BAB2EE087A1B78F8EEE77A00EE103ACD
:1051640067EE877AB8EE400A87EE800A27F0E2FC01
:105174008AE700BFEACE0120F4D20020FECE01204F
:1051840001CF0120E1CE0120A38B2EBA140E012001
:10519400A4930020A593002096930020A7930020B9
:1051A400080E0120200E0120031E2DE9F04F18BF28
:1051B400012385B0DFF8B8B01A4603939BF800309A
:1051C400934242D0234D0224234F244EDFF8A4807F
:1051D40015F8011B81B19BF8000023463A7808B901
:1051E40098F8003000930120337801930023FFF7EF
:1051F400F7F8002305F8013C0134E4B2062CE7D1AA
:10520400174C4FF00008174F174E04F10C09174DB7
:10521400DFF864A014F8011B0023012051B1327897
:1052240095F800C0CDE9002C9AF80020FFF7D8F8D3
:1052340004F8018C4C4506F1010605F1010527F837
:10524400028BE7D1039B8BF8003005B0BDE8F04F2B
:10525400FFF79CBEA4CB00209F930020E1CE012049
:10526400140E012008190120080E0120200E01202F
:1052740001CF01209A930020AC930020000000008D
:10528400F5EEC00A08B5F1EE10FA2DED048B40F2EC
:105294008B80DFED597AB7EEC04AB4EEE70AF1EE3F
:1052A40010FA30DBB7EEE06AB7EE008BB7EEC11A46
:1052B40038EE468B28EE018BB0EE489B00209FED24
:1052C400467B21EE077BFDEEC77B17EE901A1BF0A1
:1052D4006BFC01209FED427B28EE078BFDEEC87B23
:1052E40017EE901A1BF060FC02209FED3F7B29EE25
:1052F400077BBDEC048BFDEEC77BBDE8084017EED1
:10530400901A1BF051BC9FED3A3BB7EE007BB7EE11
:10531400E06A84EE035B37EE469BB7EEC11A29EED2
:10532400019BFDEEC54BB8EEE43B14EE902A35EE3E
:10533400435BB0EE473B37EE452BA6EE453BA6EE6E
:10534400427B21EE033B21EE078B042A3CD801A3C8
:1053540053F822F0CD2000007921000083210000C1
:1053640095210000A7210000B0EE418BB0EE431B55
:10537400A4E7B0EE417BB0EE491BB0EE489BB0EE23
:10538400478B9BE7B0EE417BB0EE438BB0EE491BFD
:10539400B0EE479B92E7B0EE417BB0EE481BB0EE17
:1053A400498BB0EE479B89E7002108461BF0FCFBC4
:1053B400002101201BF0F8FB00210220BDEC048B2E
:1053C400BDE808401BF0F0BBB0EE498BB0EE439B48
:1053D40074E700BFAFF300800000000000006940E4
:1053E4000000000000C05C4000000000008051404C
:1053F4000000000000004E400000B443002008B547
:105404001BF09AF802280BD8034614BF0120002091
:105414000549064A0B701370BDE808401DF004B836
:1054240001200023F4E700BF27CF012026CF01206D
:10543400394B1B78012B0AD09FED387A384BD3EDCA
:10544400007AB4EE677AF1EE10FA2DD17047354B3D
:105454001A6832B35A68002AEED193ED027A304BBF
:10546400B8EEC77AD3ED006A9FED295BB7EEC77A31
:1054740027EE057BB7EEC77BF4EE476AF1EE10FA30
:10548400E4D0DFED297A83ED007AB4EEE77AF1EE29
:1054940010FA26DD254A134625482649C261CB6108
:1054A4007047B7EE007AC9E7F0EE477A83ED007AE9
:1054B400FEEEC87A17EE902ADFED1B7AB4EEE77A97
:1054C400F1EE10FA18DCDFED1C7AB4EEE77AF1EEB7
:1054D40010FA0FD4F0EE477AFEEEC87A17EE903A3F
:1054E400DAE7DFED157AB4EEE77AF1EE10FA05D5D6
:1054F400124AE1E7114BCFE70C4BCDE7F0EE477AC8
:10550400FEEEC87A17EE902AD6E700BFAFF300800C
:10551400101010101010703F27CF01200000000061
:10552400E46A0020B86A002000FEFF460000FF7F06
:10553400409B0020989B002000FEFFC600000180D5
:1055440002281949A8BF022038B520EAE070174B99
:10555400174D1A78C4B2A1F8E801A2421FD0002066
:105564001C701AF0E9FF032828BF0020844211D1DF
:10557400023C1049104A18BF012409780F4B022934
:1055840018BF84F0010412682C701A60BDE838401A
:10559400FFF74EBF214600201BF0DAF8E8E72A782F
:1055A400002ADCD138BD00BFD872002027CF0120EB
:1055B40029CF012026CF0120A43A01209C3B0120C1
:1055C40008B5FFF735FF104B1B7843B10F4B40F282
:1055D400DB520F491B6809685B1A934200D808BD67
:1055E40031210C481DF02CFF0B481AF039F9002129
:1055F40003201AF0DBFE14201AF05AFE4FF0E023C9
:10560400064AC3F80C2D08BD29CF0120A43A012075
:105614009C3B0120F82E0020E06600200400FA05DF
:10562400AD4B93ED007AB5EEC07A2DE9F041F1EE81
:1056340010FA2DED108B8AB000F11B81DFEDA77AF3
:10564400B4EEE77AF1EE10FA00F3FA80B7EEC77A17
:10565400B1EE006B9FED945B87EE05AB2AEE06ABD3
:10566400B7EECAABFDEECA7A17EE905A032DA8BF67
:10567400032507EE905A6C1CF8EEE77A3AEE67AA17
:10568400974BB0EE000AB0EE008B964F93ED006A94
:1056940005EB450504EB4404F7EE00EAB7EEC66AF1
:1056A40007EB85059FED90EA0DF114089FED8FFA45
:1056B40007EB84079FED7E7B9FED7B5B9FED7EDB9D
:1056C40037EE467B9FED7ECB87EE056B9FED7EBB71
:1056D400F7EEC60B27F064FA854B864AF0EE40AA33
:1056E40093ED007A02AB9FED7A6BB7EEC77A1E4654
:1056F40007CAA7EE068B83E80700B7EEC88BB7EEA0
:10570400C88AB5EC010AB0EE4C9B26F0A9FEF0EE77
:1057140040FAB7EC010A26F0A3FE3EEECA7A20EE68
:105724000A0AAFEE870A26F029FE20EE2A0AB0EE16
:105734004D4B56F8040BB4EECE0AF1EE10FA15D523
:1057440020EE0F0A0190B7EEC09AB0EE490B27F095
:105754000BFDB0EE407BB0EE490BB0EE479B26F05C
:105764004BFFB8EE004B019820EE044B0024424658
:1057740038EE085B2146B7EE007B069489EE056B94
:1057840036EE073B37EE467B8BEE035B26EE056B6E
:1057940025EE040B27EE057BB1EE465BBDEEC00B98
:1057A400BDEEC66BBDEEC77BBDEEC55B8DED080AD5
:1057B4008DED056A8DED097A8DED075A11F06EF8BD
:1057C40046459ED14C4BD3ED007AF5EEC07AF1EE0E
:1057D40010FA53D4DFED416AF4EEE67AF1EE10FAF2
:1057E40038DDB7EE007A454AF7EE007A444B9FED78
:1057F400456A02F1080543F8184FDFED436A434850
:10580400DFED435A434C67EE277A014667EE867A0A
:10581400F4EEE67AF1EE10FA0BDCF4EEE57A2146CA
:10582400F1EE10FA05D4B0EE675ABEEEC85A15EE82
:10583400101AAA4243F8041F07D0F2EC017AE2E7F7
:10584400B7EE00AA042403251AE70AB0BDEC108BB6
:10585400BDE8F08187EEA67ADFED2B6AF7EE007AD9
:1058640077EEC77AF4EEE67AF1EE10FA0BDD274C08
:10587400B9E79FED29AA0124002501E74FF48034FC
:105884009FED257AAFE7DFED226AF4EEE67AF1EEDA
:1058940010FA01D51F4CA6E7F0EE676AFEEEC86A5F
:1058A40016EE904A9FE700BF000000000000594038
:1058B4000000000000004940549552D35EA0D2BFBE
:1058C400821861BDCCA8EF3F000000000000D04169
:1058D4009A9999999999B93FA40C01200000C8425A
:1058E4000C8D00207832002000401C469365153949
:1058F400088D002088280020680C012070320020C8
:105904006C0C0120CDCCCC3F00FEFF460000FF7F95
:1059140000FEFFC60000018000000000812830B4B2
:105924001DDC782800F3C8813F2800F30281132886
:1059340000F3648111280FDC062840F3ED80012474
:1059440004FA00F313F4AA3F40F0EF8213F42A336D
:1059540017D1072800F03382002030BC7047C728D5
:105964007CDCAA283EDCA1282CDC962810DCA0F1E3
:1059740082034FF0010CE14C0CFA03F31C4000F0DD
:10598400DA810024642301200C80138030BC70472A
:1059940098380928F5D801A353F820F0A72B000064
:1059A400B32B000093270000C12B0000A72B00009D
:1059B400B32B0000C12B000093270000A72B00008D
:1059C400B32B0000A0F1A203012404FA03F313F0A3
:1059D4005C0F40F09D8113F0A303D2D1AA2800F0FC
:1059E400A581B9E7AE38192800F2928101A353F8D2
:1059F40020F000BF93270000932700003B2C0000F9
:105A0400212B0000DB2B00009327000093270000CC
:105A1400932700009327000093270000932700009A
:105A240093270000012C0000872C0000192C000093
:105A34007D2C0000712C0000552C0000212B00004F
:105A4400DB2B00009327000093270000932700001E
:105A5400492C00000D2C0000632C0000D32840F3D7
:105A64003F81D43827283FF677AF27283FF674AF15
:105A740001A353F820F000BF8F2B0000E92B000096
:105A8400D12C0000792B0000792B0000692700003D
:105A940069270000692700006D2B00006D2B0000B2
:105AA4006D2B00006D2B00006D2B00006D2B000092
:105AB4006D2B00006D2B00006D2B00006D2B000082
:105AC4006D2B00006D2B00006D2B00006D2B000072
:105AD4006D2B00006D2B00008F2B0000E92B0000C4
:105AE400792B00009327000093270000B92C0000B5
:105AF400AD2C0000952C0000012C0000792B000037
:105B0400232C000093270000A12C0000C52C0000CA
:105B14008F2B0000DB2C000003283FF432AF40F34E
:105B2400DB8000244FF4806301200C80138030BCA0
:105B34007047472840F3E4804C382C2800F2E88072
:105B440001A353F820F000BF932700003B2C000072
:105B5400212B0000DB2B000093270000932700007B
:105B64009327000093270000932700009327000049
:105B740093270000012C0000212B0000DB2B0000E8
:105B8400932700009327000093270000A72B000011
:105B9400B32B000093270000C12B0000492C000008
:105BA400792B00000D2C0000A72B00009327000088
:105BB400212B0000212B0000212B0000232C0000AE
:105BC400192C0000192C0000792B0000172D00005F
:105BD400792B0000012C0000232C00000D2C000068
:105BE400792B00002F2C00000D2D0000792B0000D4
:105BF40093270000932700002F2C000015382A2833
:105C040000F29F8101A353F820F000BF792B00001C
:105C1400792B0000012C000093270000932700003B
:105C24009327000093270000932700009327000088
:105C3400E92B0000792B000093270000792B00004A
:105C4400F52B0000E72C0000A72B0000952C00008A
:105C54000D2C0000792B0000F52B00009327000089
:105C6400A72B0000212B0000212B0000212B00007A
:105C740093270000212B0000F32C0000B32B00001D
:105C8400FF2C0000DB2B0000212B0000212B000047
:105C9400212B000093270000212B000093270000F4
:105CA400C12B0000A72B0000B32B0000932700009A
:105CB400A72B0000B32B00007938012303FA00F06E
:105CC40010F4927440F0378110F0920F5ED110F00E
:105CD40049007FF456AE40E602283FF452AE3BE65C
:105CE400C838012303FA00F010F4FE742DD0002507
:105CF4001D2418460D8014802FE600BF7F54080031
:105D0400A0F14003012404FA03F313F02E0F06D08C
:105D1400002441F2883301200C8013801DE613F027
:105D240051037FF42EAE47287FF416AEC8250B80AE
:105D34002046158011E6864D2B4000F0EC8041F2A0
:105D440088330C806046138007E640F6012528421C
:105D540010D0FF250C8018461580FEE50024802312
:105D640001200C801380F8E50123002418460C80E0
:105D74001380F2E540F2024318403FF4EEAD0024F4
:105D840040F6FF7301200C801380E6E50B250C80A0
:105D940018461580E1E500240B2301200C801380B4
:105DA400DBE500244FF4FA6301200C801380D4E572
:105DB40000244FF4FA7301200C801380CDE54FF4D6
:105DC4007A750B8020461580C7E546244FF4FA7394
:105DD40001200C801380C0E500240C2301200C80DA
:105DE4001380BAE50024062301200C801380B4E557
:105DF4000024022301200C801380AEE50024042338
:105E040001200C801380A8E5012010230880138052
:105E1400A3E50024182301200C8013809DE50024B1
:105E2400052301200C80138097E500244FF416739A
:105E340001200C80138090E50024C82301200C80ED
:105E440013808AE514244FF47A7301200C801380A4
:105E540083E5002440F2DC5301200C8013807CE5B0
:105E64003224962301200C80138076E50120082338
:105E74000880138071E51E244FF4967301200C8072
:105E840013806AE50024032301200C80138064E559
:105E94000024FA2301200C8013805EE5002477237C
:105EA40001200C80138058E50024782301200C8005
:105EB400138052E50024FF2301200C8013804CE55D
:105EC4000120FA230880138047E503240A230120D4
:105ED4000C80138041E50024142301200C801380DE
:105EE4003BE500240A2301200C80138035E50024BF
:105EF4004FF4967301200C8013802EE501200323B8
:105F04000880138029E54FF4875441F26C13012073
:105F14000C80138021E591287FF41EAD46244FF4B4
:105F2400FA7360460C80138017E51525FF2320467D
:105F34000D80138011E53225C82418460D80148085
:105F44000BE500244FF4B47301200C80138004E5A6
:105F5400802B1700514B2DE9F04F054683B053F8C1
:105F640020000C4610F036FB4D4B4E4E53F82500E6
:105F740010F030FB4C4B53F8250010F02BFB4B4B2F
:105F840053F8250010F026FB494B0022715D5A5549
:105F9400484A494B126843F82520002938D15FFA52
:105FA40085F8464FDFF82CA197F800B0BBF1000F3D
:105FB40004D04046FEF7BAFE97F800B0DFF8189117
:105FC40024B299F80030002B54D120463C4B80F386
:105FD40007013C4F1A783B781944C9B2BBF1000F52
:105FE4002DD008F102085FFA88F300939AF8003084
:105FF400019300231846FEF7F3F999F800302BBB00
:106004003B7884F307041C44745503B0BDE8F08F57
:106014002D4B5FFA85F8294F1A783B7893B92B4BAF
:106024001B78DFF8B0A00120009300239AF800C089
:10603400CDF804C0FEF7D4F900237355B4E7234B1D
:106044001B78D2E708F10203DBB2EAE7204B07EE44
:10605400904AB2EE087A1B78F8EEE77A00EE103A2E
:1060640067EE877AB8EE400A87EE800A26F062FD72
:106074000446C5E7164B07EE904AB2EE087A1B7841
:10608400F8EEE77A00EE103A67EE877AB8EE400A47
:1060940087EE800A26F04EFD98E700BF8C72002040
:1060A4007C720020A4CB002048710020587100208D
:1060B400CC720020A43A01201C1A012001CF012037
:1060C40099930020FECE01209F9300209A930020F4
:1060D40096930020E1CE0120EACE012000000000CA
:1060E40038B53F4B1B78002B3AD03E4B93F9003028
:1060F400002B22DA3C493D4A0B6810681B1A952B89
:106104002DD93B48F7EE007A3A4C0378247883F093
:106114000103DFED390A002C384D9FED391A47FE93
:10612400A00A002B096895ED000A01FE271A0370E6
:106134001160BDE83840FFF7A3B8324AB7EE001A41
:1061440002EB8303F0EE410A93ED000AFFF798F89F
:10615400254B274901201A68244B08701A6038BD62
:10616400294B1B78002BFAD01F48204903680A6882
:106174009B1A3B2BF3D9254CF7EE006A0068B7EE67
:10618400007B2278224B013208602248A3FB0213D1
:10619400184990ED001A1B09097836EEC11ADFED93
:1061A400160A03EB830300291448A2EB8303B7EE1A
:1061B400C11A46FEA00A90ED000A0A2B23709FED37
:1061C400065BBDE8384025FE077B21EE071BB7EED2
:1061D400C11BFFF755B800BFCDCCCCCCCCCCDC3F39
:1061E400F8CE0120B1930020A43A01207C0F0120B5
:1061F400F7CE0120FACE01206666E63EF4C90020FF
:106204008FC2F53DEC330020E8CE0120E9CE012019
:10621400CDCCCCCC800F0120F8B5274B0025274EE0
:1062240040F201179FED260A2DED088B9FED1E8B82
:106234009FED1FABBEEE009B93ED00BAB5EEC0BA66
:10624400A6EC010AF1EE10FA14DD0024B7EEC00A40
:10625400013420EE080B26F087FF07EE904AF8EE93
:10626400E77AB7EEC00BF4EECB7AF1EE10FAEDD488
:1062740006ED010A0135BD4210D007EE905AB0EE8A
:10628400490BB8EEE77BA7EE0A0B30EE000B20EECD
:10629400080BB7EEC00B26F013FECFE7BDEC088B5E
:1062A400F8BD00BFAFF30080182D4454FB21094012
:1062B400000000000000703F80930020D88C012073
:1062C4002EBDBB332DE9F04F304C4FF0E02340227C
:1062D4002F4E304D04F11007DFF8CC80DFF8CC905E
:1062E400DFF8CCB0DFF8CCA02DED028B9FED2A8A2D
:1062F40083B0DFED2A8AC3F8882154F8040B10F028
:10630400A1F978B9BC4206F1040605F10405F4D1FB
:106314004FF0E0234022C3F8082103B0BDEC028B08
:10632400BDE8F08F1E4BF3EE047AD5ED006A4146CA
:1063340093ED007A1B4B326893ED000AA6EE870AB0
:10634400B4EEE70AF1EE10FA07D4B4EEC80AF1EE9F
:1063540010FA06DD5946534600E04B46C2E90631C1
:10636400D0E720EE280A0192F0EE407AFEEEE07AC1
:10637400CDED007A26F0A4FDF0EE407ADDE900329E
:10638400FEEEE07A17EE901AE8E700BF48710020AD
:10639400AC720020F8CB002000D0894693651538F4
:1063A40034CA002030CA0020DE571700DF57170018
:1063B400008C3C4B00BE6C50A44AB0EE000BA44BC6
:1063C4002DE9F04F2DED0A8B127887B023F81010C9
:1063D4000D4607EE902A04460392B8EE67CBDFF829
:1063E400D882B0EE4C1B25F00BFD9A4B98F800B008
:1063F400B0EE408B93F800A0974B93ED00BA05EBF9
:106404000A0309EE103AB7EECBAAB8EEC99ABBF16B
:10641400000F40F05B81FDEEC97A9049DFED906A90
:10642400F2EE080ADFF89492B0EE000A17EE903A02
:1064340081FB0321DA17C2EB61028A4902EB4202B3
:106444000978A3EB8203884A0C33A2FB0302D20827
:1064540002EB4202A3EB820301EB410201EB820156
:10646400824A0A44134493F9013007EE103AB8EE15
:10647400C77AC7EE267A77EE897AC7EEA00A26F0A5
:106484008FFBD9F80030002B0493F0EE409A40F3D0
:106494003381774B032C774A93F90030C3EBC30362
:1064A4001344754A1B5782FB03124FEAE373C3EB91
:1064B400A203724A1678039AA2F1020141FA83F305
:1064C40002D86F4909570B4403FB06F7BA4407EE99
:1064D40090AAF8EEE77ABBF1000F7DD007EE106AC0
:1064E400B0EE000AF8EE470AC7EEA00A26F058FB01
:1064F4005C494FF0E0204023C0F888312AEE088B35
:1065040060480378B4EE006B5F48B7EEE97A2BEE8F
:1065140000BA28EE068BD0ED006A5C4828EE078BA3
:1065240007EE103AD0ED007A5948B8EEC77A00EB7E
:106534008400E7EE267AB7EEC88B80ED008AF5EE8C
:10654400C07AF1EE10FA00F18F83DFED526AF4EEB7
:10655400E67AF1EE10FA40F38D83DFF864C14E4819
:10656400CCF81C004D48D0ED006A4D48D0ED007ABF
:10657400E7EE267AF5EEC07AF1EE10FA00F17083B8
:106584009FED447AF4EEC77AF1EE10FA40F3B68345
:10659400DFF830C14048CCF81C004248F3EE047ADE
:1065A40090ED007A404890ED000A4048A7EE080AB2
:1065B40050F824B0B4EEE70AF1EE10FA00F1E481E9
:1065C400DFED3B7AB4EEE70AF1EE10FA40F3A7836D
:1065D4003848DFF8F4A0DAE1BDEEE77A1F499FED11
:1065E400206AF2EE080AB0EE000A17EE100A81FBE8
:1065F400001CC117C1EB6C0101EB4101A0EB81014F
:10660400194801F10C0C1749A0FB0CE00591C008D6
:1066140000EB4000ACEB800E91F800C013480CEB8B
:106624004C0A0CEB8A0C6044704490F9013006EE7D
:10663400903AF8EEE66A86EE867A37EE277AC7EE67
:10664400200A26F0ADFA059953E700BF9B9300207A
:10665400B8CB002020CF0120D0700020ABAAAA2AFA
:106664000000C8421BCF0120ABAAAAAA683C0020A4
:10667400E3CE012050720020676666669693002080
:1066840008CC0020ECD20020B4CB0020B0CB0020FA
:10669400F8CB00200044AC460000FE7FACCB0020C9
:1066A400A8CB002034CA002030CA0020AC720020DD
:1066B40000D08946008C3C4BEACE0120A80C012076
:1066C40054D100209CCF002000BE6C50954BB0EEFE
:1066D400000ADFF8A8921B7800EE903AF8EE600A00
:1066E400C9EE200A26F05CFAD9F80030002B049396
:1066F400F0EE409A3FF7CDAEB0EE4C1BB0EE000B7F
:1067040025F07EFB2AEE000BB4EE00AB20EE0AABC4
:10671400BBF1000F00F01883824B1B78B0EE000A27
:1067240000EE903AF8EE600AC9EE200A26F038FA34
:106734004FF0E0234022C3F888217B4BB7EEC00A18
:106744007A4A1B78D2ED006A20EE0A0B07EE103A63
:10675400774BB8EEC77AD3ED007A764BE7EE267A1C
:1067640003EB8403B7EEC08B83ED008AF5EEC07AA9
:10677400F1EE10FA00F15C83DFED6F6AF4EEE67A75
:10678400F1EE10FA40F38083DFF8F4C16B4BCCF8E0
:106794001C306B4A6B4BD2ED006AD3ED007AE7EE06
:1067A400267AF5EEC07AF1EE10FA00F137839FED08
:1067B400627AF4EEC77AF1EE10FA40F35483DFF80C
:1067C400C4C15E4BCCF81C305F49F3EE047A5F4AD7
:1067D40091ED007A92ED000A5D4BA7EE080A53F89A
:1067E4002470B4EEE70AF1EE10FA00F1FC82DFED5A
:1067F400597AB4EEE70AF1EE10FA00F37C83DFED88
:10680400567A20EE270AF0EE407AFEEEE07A17EE92
:10681400906A26F055FBF0EE407AFEEEE07A17EE31
:10682400903A4E4AD2ED007A68EE277AC7E90663B9
:10683400F5EEC07A4A4B53F82420F1EE10FA00F139
:10684400F4829FED3D7AF4EEC77AF1EE10FA0CDC97
:106854009FED447A394967EE877AFCEEE77A17EEC2
:10686400903AC2ED097A8B4201D9344B53623E4AC5
:106874003E4BD2ED007A53F8242068EE277AF5EEE9
:10688400C07AF1EE10FA00F1CD829FED2B7AF4EE8E
:10689400C77AF1EE10FA0CDC9FED327A274967EEE5
:1068A400877AFCEEE77A17EE903AC2ED097A8B42CA
:1068B40001D9224B53622E4A2E4BD2ED007A53F863
:1068C400242068EE277AF5EEC07AF1EE10FA00F192
:1068D400B3829FED197AF4EEC77AF1EE10FA0CDC6C
:1068E4009FED207A154967EE877AFCEEE77A17EE7A
:1068F400903AC2ED097A8B4201D9104B53621E4B78
:1069040053F8243072B60026DE611E7662B6B0EE0D
:10691400480A25F009FEF2EE087A314620EE270AED
:106924001CE100BF96930020ECD20020B4CB0020E1
:10693400B0CB0020F8CB00200044AC460000FE7F22
:10694400ACCB0020A8CB002034CA002030CA0020E1
:10695400AC72002000D0894693651538388E00202B
:1069640088710020C637BE473C8E002098710020F5
:10697400408E0020A871002068710020A80C01201E
:1069840054D100209CCF0020C348DFF860A3CBE99A
:1069940006A0C248D0ED007AC1486BEE277A50F8C1
:1069A4002430F5EEC07AF1EE10FA00F156819FED35
:1069B400BD7AF4EEC77AF1EE10FA0CDC9FEDBA7AE8
:1069C400BA4A67EE877AFCEEE77A17EE900AC3EDCF
:1069D400097A904201D9B5485862B548D0ED007A99
:1069E400B4486BEE277A50F82430F5EEC07AF1EE15
:1069F40010FA00F12F819FEDAB7AF4EEC77AF1EE35
:106A040010FA0CDC9FEDA87AA84A67EE877AFCEEB0
:106A1400E77A17EE900AC3ED097A904201D9A348A8
:106A24005862A548D0ED007AA4486BEE277A50F856
:106A34002430F5EEC07AF1EE10FA00F1FC809FEDFF
:106A4400997AF4EEC77AF1EE10FA0CDC9FED967A9F
:106A5400964A67EE877AFCEEE77A17EE900AC3ED62
:106A6400097A904201D9914858620978002940F086
:106A7400E880A6EB8601039BB3EE086B06FB0312CA
:106A84002A44D21B07EE902AB8EEE77B87EE060B6A
:106A9400B7EEC00BDDED047A894BF8EEE77A53F8D4
:106AA4002410F5EEC07AF1EE10FA40F29381B7EEBD
:106AB400007AB4EEC70AF1EE10FA26DD814B9FEDA1
:106AC400827A67EE877AFDEEE77A17EE902AB2B300
:106AD40072B6C8690B62984200F0C18180FAA3F6CD
:106AE400EFF300873F0140F16781571C022F04D95F
:106AF40093FBF2F690FBF2F2B61A002E00F06181DD
:106B04004E6201230B7662B61EE0BFEE007AB4EE4D
:106B1400C70AF1EE10FA00F15B819FED6B7A67EE24
:106B2400877AFDEEE77A17EE902ADFED687A20EE99
:106B3400270AFDEEC07A17EE903A002AC8D172B641
:106B4400CB6100230B7662B6B0EE480A25F0ECFC6C
:106B5400F2EE087AB9F8001020EE270A2A462046F9
:106B6400FEF73AF95A4E4FF0E0234022C3F80821C9
:106B7400315D21B907B0BDEC0A8BBDE8F08F554FEC
:106B84002DB298F8003097F80090002B40F02E8139
:106B9400284680F3070048448142EBD04E4BDFF88F
:106BA40050A11A789AF80030002B40F002814B4B28
:106BB4001B78DFF8409101200093002399F800C06E
:106BC400CDF804C0FDF70CFC00239AF800B033554F
:106BD400BBF1000F04D02046FEF7A8F89AF800B0E5
:106BE40098F80030002B40F0738128463B7880F3FE
:106BF400070119443A4BC9B21A78BBF1000F00F0EF
:106C04000A81A31CDBB2009399F80030019300239E
:106C14001846FDF7E5FB98F80030002B40F045815D
:106C2400284680F307003B780344335507B0BDEC96
:106C34000A8BBDE8F08F00200978586200293FF4E0
:106C440018AF88EE0B0A25F06FFCF6EE007A20EE02
:106C5400270A1FE700205862E3E600205862BCE6DA
:106C640020480023C36198E41F484FF0000CC0F88B
:106C74001CC077E4DFED0C6A0C4B67EEA67ADFF8F4
:106C840068C0FCEEE77A17EE900ACCED077A9842DA
:106C94003FF665AC66E400BFDE571700388E00206F
:106CA400887100200044AC46C637BE470000FE7F12
:106CB4003C8E002098710020408E0020A871002096
:106CC400687100200000FF7F6666304200FEFF4EC0
:106CD400A4CB0020FECE01209F9300209A93002095
:106CE400999300209CCF002054D10020DF57170037
:106CF40001CF0120E1CE0120C637BE471FED027A45
:106D04007F4B67EE877ADFF82CC2FCEEE77A17EE4A
:106D1400900ACCED077A98423FF63CAC3DE4DFEDB7
:106D2400797A059120EE270AF0EE407AFEEEE07AB9
:106D340017EE90AA26F0C4F8F0EE407A0599FEEE1C
:106D4400E07A17EE900A22E6FDEEC97A6E4A6F4E9B
:106D5400F2EE080A1078B0EE000A17EE903A6C4989
:106D6400DFED6C6A86FB0326DA17C2EB660202EBE0
:106D74004202A3EB8203684A0C33A2FB0362D208EB
:106D840002EB4202A3EB820300EB400200EB820021
:106D94000144194491F9013007EE103AB8EEC77A6C
:106DA400C7EE267A77EE897AC7EEA00A25F0F8FEB8
:106DB400BEE4A31CDBB2FCE696FBF2F6002E7FF4E5
:106DC4009FAE9842B4BF01204FF0FF30486298E66E
:106DD400524B74E6F7EE007AB4EEE70AF1EE10FADD
:106DE4002DDD4F4BABE64F4B4F4E1AE507EE905A55
:106DF4004E4B0391B8EEE70A1B78F2EE087A20EEC8
:106E0400270A07EE903AF8EE677A80EE270A25F013
:106E140091FE0399BDE6464B1B78F4E6454B0022F0
:106E2400DA61D1E40023536245E5002353621EE591
:106E3400414B0022DA61ACE4002353625FE5FFEECC
:106E4400007AB4EEE70AF1EE10FA57D4DFED3B7A9C
:106E540020EE270AFDEEC07A17EE903A6FE6002383
:106E64000B7662B670E69FED367A254A67EE877A2E
:106E7400DFF8C0C0FCEEE77A17EE903ACCED077A63
:106E840093423FF69EAC9FE4DFED2D6A1C4A67EE09
:106E9400A67ADFF8A4C0FCEEE77A17EE903ACCEDC0
:106EA400077A93423FF672AC73E4204B07EE905A94
:106EB400B2EE087A1B78F8EEE77A00EE103A67EE45
:106EC400877AB8EE400A87EE800A25F033FEA8E6FA
:106ED40007EE905A154BB8EEE70A1B78F2EE087AE3
:106EE40020EE270A07EE903AF8EE677A80EE270A3A
:106EF40025F020FE7AE6134B134E92E4074B1EE670
:106F04000000FE7F936515381BCF0120ABAAAA2A87
:106F1400683C00200000C842ABAAAAAA0000018075
:106F24000000FF7FDE571700DF57170096930020FD
:106F34009A9300209CCF002054D1002000FEFF4EE5
:106F4400C637BE47008C3C4B00BE6C502DE9F04F59
:106F54000446DFF86C8183B00846E7B24C4D18F064
:106F6400BBFB18F8041038464A4EFFF725FA4A4B83
:106F740053F824000FF02EFB484B53F824000FF075
:106F840029FB474B53F824000FF024FB454B53F8DF
:106F940024000FF01FFB444B0022295D1A550029E1
:106FA40036D1DFF820A196F800B0BBF1000F04D071
:106FB4003846FDF7BBFE96F800B0DFF80C9118F8E0
:106FC400041099F80030002B4FD10846374B80F35A
:106FD4000701374E1A7833781944C9B2BBF1000F50
:106FE4002AD00237FFB29AF80030009701930023A9
:106FF4001846FDF7F5F999F8003018F804000BBBB2
:10700400337880F307001844285503B0BDE8F08FA7
:10701400284B1A78337893B9274B1B78DFF8A4A050
:107024000120009300239AF800C0CDF804C0FDF7B6
:10703400D7F900232B55B6E71F4B1F78D3E7BB1CAA
:10704400DBB2EBE71D4B07EE900AB2EE087A1B7831
:10705400F8EEE77A00EE103A67EE877AB8EE400A67
:1070640087EE800A25F066FDCAE7144B07EE901AF6
:10707400B2EE087A1B78F8EEE77A00EE103A67EE83
:10708400877AB8EE400A87EE800A25F053FD9DE723
:10709400A4CB002001CF01208C7200207C72002040
:1070A4004871002058710020CC7200209993002070
:1070B400FECE01209F9300209A93002096930020F7
:1070C400E4D20020E1CE0120EACE012001490020D3
:1070D400FFF73CBF188E002001490120FFF736BF9F
:1070E400208E002001490220FFF730BF288E0020A7
:1070F40001490320FFF72ABF308E00202DE9F04319
:10710400604B8DB0604E1A783478B4FBF2F302FB16
:107114001343DBB2CBB95D495D4A5E4F03C93B788B
:107124009180090C1060917103EBC30203EB4202DE
:1071340002EBC202D2B2552A40F29D8003F0010351
:10714400EB21C3F10203DBB211E0524F3B7803EBB6
:10715400C30203EB420202EBC202D2B2552A40F24E
:107164008D8003F001030F21C3F10203DBB20C2075
:10717400B4FBF3F203FB1243DBB2B3FA83F35B0910
:1071840003FB01F119F010FD434BFF21186819713D
:10719400A0B1424B424A03441B11D1545378117895
:1071A40090788B4228BF0B46D1783E4A834228BF51
:1071B40003468B4228BF0B4682F87A303A4B06A925
:1071C4003A4A35480093069318F004FA069B08A837
:1071D400DB689847009B02A8DB689847344A137819
:1071E400002B37D0334B34491B688B4209D803EB4F
:1071F4004303DB00013B102B03D93049096801B17B
:107204000B6000232E490624137033782D4D11F89A
:10721400039049FA04F3DA070DD5032CA046297824
:10722400C8BFA4F103085FFA88F0FFF7C5F829780E
:107234004046FEF78FFE013C013D631CE9D13378E3
:107244003A780133B3FBF2F102FB113333700DB022
:10725400BDE8F0831C4B18491B688B4209D803EB2B
:107264004303DB00013B102B03D91449096801B126
:107274000B600123C6E70323EB2178E703230F21E7
:1072840075E700BFBA9300200ECF0120E4D200209E
:10729400AC310120BB9300209C8D002000BFF7BFC0
:1072A400C46A002000E400E018480020FF3D4900C3
:1072B400A2930020F8310120AAAAAA0A5C8E002019
:1072C400B4310120B2310120840F012000000000FC
:1072D400B74AB0EE000BF8B52DED048B12780C46CE
:1072E400B44B054601EE102AB5EE008B23F81010BE
:1072F400B8EE411B24F084FDAF4B93ED009AAF4BE5
:10730400B7EEC99A1978AE4B29EE000B0C441F78DE
:1073140007EE904AF8EEE77A20EE088B002F40F053
:10732400E880A84AA84EBDEEE77A1078A749F2EEA5
:10733400080A9FEDA76AB0EE000A17EE103A86FB22
:107344000326DA17C2EB660202EB4202A3EB8203C6
:10735400A04A0C33A2FB0362D20802EB4202A3EB65
:10736400820300EB400200EB82000144194491F9CE
:10737400013006EE903AF8EEE66A86EE867A37EE4B
:10738400277AC7EE200A25F00BFC934B1E78934B0B
:10739400B7EEC00A03EB8503D3ED007A20EE088B29
:1073A400F5EE407AF1EE10FAB7EEC88B40F0EF80BC
:1073B400B5EE007BB4FBF6F39FED7B6B06FB13414C
:1073C400874B29EE069B93F90030194429EE079B5D
:1073D40007EE901AF8EEE77A002F7FD1BDEEE77A38
:1073E400784A794CF2EE080A7849B0EE000A17EEB2
:1073F400103A9FED776A84FB03041078DA17C2EB26
:10740400640202EB4202A3EB8203724A0C33A2FB36
:107414000342D20802EB4202A3EB820300EB4002D8
:1074240000EB82000A18134493F9013006EE903AF7
:10743400F8EEE66A86EE867A37EE277AC7EE200AF9
:1074440025F0AEFB4FF0E0224021664BC2F88811D4
:10745400B7EEC00A53F82530B5EEC08A20EE090B0A
:10746400F1EE10FAB7EEC00B00F18E80DFED5E7A1C
:10747400B4EEE78AF1EE10FA62DD5C4A5A62B5EEC8
:10748400C00A5B4B53F82520F1EE10FA79D4DFEDF6
:10749400567AB4EEE70AF1EE10FA43DD534BD361AA
:1074A4005449F3EE047A544A91ED000A92ED007ABD
:1074B400B8EEC00A514B53F82550A7EE080AB4EEB3
:1074C400E70AF1EE10FA21D4DFED4D7AB4EEE70AC3
:1074D400F1EE10FA42DD4B4B4B4C19E007EE106A0B
:1074E400B0EE000AF8EE470AC7EEA00A25F058FBF2
:1074F400A8E7394BB0EE000A1E7807EE106AF8EEE2
:10750400470AC7EEA00A25F04BFB40E73F4B404C2F
:107514004FF0E0224021BDEC048BC5E90643C2F8DC
:107524000811F8BDDFED3B7A304920EE270AFCEE66
:10753400C07A17EE903AC2ED077A8B42AED8AFE725
:10754400DFED347A294968EE277AFCEEE77A17EE04
:10755400902AC3ED097A8A428FD890E7DFED2E7A1C
:1075640020EE270AF0EE407AFEEEE07A17EE904A1B
:1075740025F0A6FCF0EE407AFEEEE07A17EE903AA3
:10758400C6E70023D3618BE700225A6277E7F2EE65
:10759400080AB0EE000AC7EEA00A25F001FB28EEA7
:1075A400008A05E7AFF300800000000000005040AF
:1075B400A6930020EC0E0120D070002020CF0120E3
:1075C400EACE01201BCF0120ABAAAA2A683C0020E6
:1075D4000000C842ABAAAAAA96930020040F012077
:1075E4001CCF0120CC8F00200044AC460000FE7F5D
:1075F4009C8F00200433012008330120308F0020A9
:1076040000D08946008C3C4B00BE6C50DE571700FE
:10761400DF571700C637BE4793651538F8B5174DC1
:107624000024174FE6B272B655F8040B0FF00AF8AF
:10763400E8B962B60134042CF4D1124D0024124F7F
:1076440003E062B601340C2C10D0E6B272B655F8E1
:10765400040B0EF0F7FF0028F3D037F8141030466F
:10766400FFF736FE62B601340C2CEED1F8BD37F8C4
:1076740014103046FEF7A0FEDBE700BF487100207F
:10768400B8CB0020D08E0020EC0E0120F0B5554D73
:10769400554C15F900E0A0F10C05A356012D05D9B0
:1076A40005288CBF00250125002D48D0BEF1000F10
:1076B40015DD4E480EF1FF3C4D4D8644CCEBCC0C11
:1076C4002D786044E64405E0624501D12B445BB269
:1076D400864504D010F901CBBCF1FF3FF4D1062A52
:1076E4005AD94FF0000E4348714590F800C093FBFF
:1076F400FCF00CFB1033634493FBFCF50CFB1533DB
:1077040000FB0C3303F0FF0301DD6344DBB258B22A
:10771400A1B994F9051091FBFCF40CFB141161441C
:1077240091FBFCF50CFB151104FB0C1149B28842CA
:1077340004DC052A02D00CEB030040B2F0BDA0F13A
:107744000E0C5FFA8CF6042E2AD9861F0E2EC6D88C
:107754000726AC46284D132808BF002A06FB0E5501
:10776400234E0CBF01200020083D3678F4450CF16F
:10777400010C0CDA15F9017FB7F1FF3F07D018B9F6
:10778400BA4201D19B1B5BB2BCF1070FEED10028BA
:10779400A5D0A3EB46035BB2184810F902E0A2E7B8
:1077A40013480625077816484619AA4201D13B44D6
:1077B4005BB2864204D010F9015FB5F1FF3FF4D10A
:1077C4001048CCEBCC0CC51D6044AC4410F9015BF3
:1077D4006E1C84D0AA4201D13B445BB28445F5D1EE
:1077E4007DE700BF2C330020C87000208C310020BE
:1077F400BC93002096930020A4300020402D00204C
:10780400B6310020483A00200C4B10B51C7834B136
:107814000B4B1B7873B10B4B1878404244B20A4BA4
:107824000A4A0B49127809781878FFF72FFF204489
:1078340000B210BD034B93F90040F0E7DDCE012008
:10784400ECCE0120B8930020F9CE0120EDCE01202A
:10785400DFCE01202DE9F04100F1030C0026DFF812
:10786400A8E0471E17F8010F9EF80030B0FBF3F2B2
:1078740003FB1200C0B2002E41D0751E4B1E002225
:1078840051FA85F513F8014F844208BF0122AB4237
:10789400F8D1A2B36745E5D1012E24D94B1CA6F13A
:1078A40002080F46002053FA88F84FFA80FE17F8B2
:1078B400015FBEF1000F0FDB0EF101030B4403E087
:1078C4005A70621CE64611D013F8012D0EF1FF3CEC
:1078D400AA424FFA8CF4F3D88E44474500F10100D4
:1078E4008EF80150E1D13046BDE8F081A646474507
:1078F40000F101008E448EF80150D6D1F3E7731CD9
:107904008855DEB2C6E700BF96930020F8B52F4B2A
:1079140006461868FFF79EFF10B300230D4601F1D9
:10792400FF3E1A4601E0904218D91EF8014F013378
:107934009446B442DAB2F6D10CF10103DAB29042C1
:107944000ADD05EB0C02527805F80C205FFA83FC83
:107954000CF101038342F4DB0138C0B2042800D0E7
:10796400F8BD1B4B062207201A491B782C467F279B
:107974004FF0030E10FB03209A18A1FB0030A1FB6B
:1079840002120121C008D20814F8013F4E1C1B1A30
:10799400002BB8BF5B4293420FFA83FC04DC6745BB
:1079A40002DD4FFA81FE5FB2F1B20429ECD1BEF1DF
:1079B400030F5FFA8EF007D0C0F10302411C284484
:1079C400D2B229442AF0F6F80320F8BDD47200207C
:1079D40096930020ABAAAAAA164B10B5B3F900409F
:1079E40082B0002C23DBFFF70FFF134B241A134A3A
:1079F4001B7801A9106894FBF3F203FB12441C44A6
:107A040094FBF3F203FB1244FFF724FF78B101382F
:107A14000DF105020B4652FA80F101E08B4206D0CB
:107A240013F8012B9442F9D1012002B010BD0020BB
:107A340002B010BD8893002096930020D4720020D9
:107A440070B5164C9A1A82B00546237892FBF3F46B
:107A5400134A144B167862B21B7833430AD0124B84
:107A6400A3FB0103DB0803EB8303A1EB4301C9B2CE
:107A7400032903D90D4B5A5502B070BD0C4B01A913
:107A84001868FFF7E7FE18B12E44B6FBF0F0C0B259
:107A94002044064B42B25A5502B070BD9693002062
:107AA400E0CE0120E4CE0120CDCCCCCC08CC00200B
:107AB400D4720020104B1B78013B032B0CD8DFE859
:107AC40003F00D11080288B90C4B1878404240B2FB
:107AD400704710F0FD0FF7D0002070470228F3D054
:107AE400002070470128EFD0002070470328F3D10D
:107AF400024B93F900007047E4CE012096930020D6
:107B04002DE9F0411F46344B06469DF818801B783A
:107B140013B93046BDE8F081304B1546A3FB023C57
:107B24004FEADC0C0CEB8C0CA2EB4C0C41EA0C0C79
:107B34005FFA8CFCBCF1030FEBD80846FFF7BAFFE1
:107B44000028E6D009DB264B3418B3F900309C42F8
:107B5400DFDCE6B23046BDE8F081224B3418B3F9DD
:107B640000309C42D5DB002FF3D0B8F1000F0BD0CE
:107B74001D4B1B784BB31D4B93F80080C8F10008D4
:107B84004FFA88F81FFA88F8194B1F78134BA3FB98
:107B94000535184BED081A78174B07FB05F51978CE
:107BA400164B45441878FFF771FD284423B200B200
:107BB4009842CEDD93FBF7F207FB123390FBF7F20A
:107BC40007FB12008342A4D1C3E7084B93F900805A
:107BD4001FFA88F8D8E700BFE4CE0120CDCCCCCC86
:107BE4008A9300208C930020ECCE0120B8930020CF
:107BF4009693002016CF0120DFCE0120F9CE01207C
:107C04001D4A1E4B30B5157883B01B782B430CD01E
:107C14001B4B0C46A3FB0023DB0803EB8303A0EB05
:107C240043030B43DBB2032B0DD9154B154AA3FBBE
:107C340000131268DB0803EB8303A0EB4300C0B21C
:107C4400105C03B030BD0F4B01A91868FFF702FEAA
:107C54000028F6D025440C4B02A9EDB21A78B5FBE6
:107C6400F0F300FB135551FA85F515F8040C02FBEB
:107C7400030000B2E5E700BFE0CE0120E4CE01201E
:107C8400CDCCCCCCD472002096930020494B2DE966
:107C9400F04193F9003082B0474D0446C3EBC3036F
:107CA40090460F461D442E5C61B1444BA3FB062352
:107CB400434ADB08117803EB8302A6EB4202D2B2FB
:107CC40091424CD03F4B1B78002B31D03B4DA5FB50
:107CD40006353D4BED081B7815FB03F53B4B1A7835
:107CE400EDB23B4B19783B4B1878FFF7CFFC3A4B7E
:107CF4001B7803FB1855054421463046EDB2FFF7C7
:107D04007FFF3B46054432462146CDF80080EDB264
:107D14002846FFF7F5FE032C074605D803462A46F6
:107D240031462046FFF78CFE384602B0BDE8F081AC
:107D3400A3F13333A3FB0623274A1578DB08224A31
:107D440015FB08F5127803FB0255204B1A78EDB2A7
:107D54001F4B19781F4B1878FFF798FCCBE7194A8B
:107D640012789AB91C4818490478097814FB08F465
:107D74001A4A03FB0144174B1549E4B212780978F7
:107D84001878FFF783FC2044C7B2CDE70E48134AA6
:107D940000780F4913FB00F312780978DFB20D4B1A
:107DA4001878FFF773FC0C4B1B7803FB1877074418
:107DB400FFB2B9E7E3CE012050720020CDCCCCCC89
:107DC40015CF0120ECCE012096930020EDCE0120AA
:107DD400DFCE0120F9CE0120B893002016CF012078
:107DE4002DE9F04FA3B09DF8B4400892621E0E94A2
:107DF4001090D2B2032A119200F2EB805A1E032A89
:107E040000F2E7800E98089A904294BF002501255D
:107E1400002D40F0DE804FF0010E10989A4E4F1E58
:107E24000EFA03F3023806F1020B47F6FF745FFA09
:107E340083F912932C9B844692461397B3F90080DE
:107E440009F1FF331490DBB215933246002301335A
:107E540022F8024FD8B28145F9D83CF9023F2801F3
:107E640017F8012F0135A3EB080320360EFA02F2AE
:107E7400002B50FA82F2B8BF5B422BF81230EBB2FF
:107E84009A45E2D80E9B012B40F2B380C1F1010365
:107E940047F6FF7A0B937D4B0D932C9B0F93012395
:107EA4000C931AAA0023013322F802ABD9B28945F4
:107EB400F9D8B9F1000F129B4FF0000116A814BFB6
:107EC4001A46012229F012FF0C9B03EB8303DB000B
:107ED4000A930F9B33F9022F0F930D9B099204937E
:107EE400149B0693139B039300230593039A0B9B04
:107EF400049913440022013221F802AFD0B2814523
:107F0400F9D803994FF0010E0A9A1AAF6048134446
:107F140011F8012F0EFA02FE069A00EB03100391EA
:107F240032F902CF002101904FEA031806925FFA5A
:107F34008EFE099A5748ACEB020C16AA00EB031309
:107F4400BCF1000F154607920A46B8BFCCF1000CED
:107F5400029337F9020B42EA0E04013100EB0C03E1
:107F6400504508EB04061BB20CD03BF916009842AE
:107F740008DD28782BF81630009002980255DDE9C8
:107F840000021055CAB201359145E2D8059B5E1C2A
:107F9400089BF6B2B34221D9049B1AAA0799A3F508
:107FA400A060DDF814C0002330F9024F013332F928
:107FB400027BDDB2BC4203DA81F800C022F8024C35
:107FC400A94501F10101EFD8049B2033CDE9043622
:107FD4008CE747F6FF7023B0BDE8F08F0D9A0C9B39
:107FE40002F5A06201330D920E9A0C9393427FF432
:107FF40058AF119B47F6FF70089E03EB8305159B52
:1080040003EBC51500230BEB450519461C465A0125
:108014000133AA5E824201DA21461046DCB2A6424E
:10802400F5D847F6FF739842D3D0119A53B212B3DE
:10803400174E184D159FDDF840C0DDF8B8E00CB2BE
:1080440003F1FF3803EB83023CF9144001EBC20255
:108054002EF813400C4603EB830306EB021204EBE9
:10806400C3035FFA88F4D15D05EB03124FFA88F37A
:108074000CB1D75DE3E709B2109B2E9A33F91130A6
:10808400138023B0BDE8F08F26A8002026AD002081
:10809400289E002028BC00202DE9F04FD3B0934641
:1080A4009A46CDE90A1025A8FBF702FBBBF1030FA2
:1080B40055D80BF5A4732B4ABAF1020F6B441293F3
:1080C40013F8B43C1393D35C0C931BB2149300F0D9
:1080D4007282BBF1000F0CBF4FF0000A0AF0010AD4
:1080E400BAF1000F48D1204BBBF1000F40F01582CC
:1080F4001C781E4B15930C9B1A1B92B2129B1949A8
:1081040013F8B33CCB5C013B12B20A991BB214982E
:10811400FBF7E0FC134B139A98541548DDE90B2345
:10812400991A159B1D6891FBF4F304FB1311114B71
:10813400013D21441A7891FBF4F30270002204FB00
:10814400131115F8013FD7B20132B3FBF4F604FB67
:108154001633DBB2994200F0F481072AF1D153B00F
:10816400BDE8F08FECD2002096930020D47200205A
:1081740015CF012003CF0120B34A9DF89430B349B1
:108184001892CC5C1378DDE90A21521A651A21B2DF
:10819400179192FBF3F103FB112295FBF3F11A44BF
:1081A40003FB115592FBF3F11D4403FB112026A997
:1081B400209000B295FBF3F203FB1255FFF7A6FBE8
:1081C4001C90002800F02883002326A90126844659
:1081D4001F4606FA03F211F8010B01333A438542B4
:1081E40018BFD7B2DAB29445F3D80697984B25AAAC
:1081F40027A9186815932392FFF72CFB01230990F4
:10820400002225A8D9B252AD561C01338B4505EB8B
:10821400420505D0F2B241788C4E715C25F8A81C59
:10822400042B00F10100EDD1189B621C89491878D8
:10823400BDF9A2301FFA80F81D9100EB030C0F93D7
:10824400B1F900300FFA8CFC1A939C45A8BF9C46E8
:10825400624500F3F282099B0026CDF814B04FF07A
:10826400010E5C1E0DF19D03DDF8709053FA84F449
:10827400DDF82CB0CDF81080A2EB0B0393FBF0F1EA
:1082840000FB1133034493FBF0F100FB1133099914
:1082940049B327A9002511F8017BBB4208BF554605
:1082A400A142F8D1FDB1B9F1000F00F04E810021D7
:1082B40026AD884615F8017BBB4203D10EFA01F8BE
:1082C4005FFA88F80131CFB2B945F3D852A9731CCB
:1082D40001EB460121F8502C06F5A4710DEB0106C3
:1082E40006F8788CDEB2013212B2944501DB272EF7
:1082F400C2D9DDF81080DDF814B01B960C990A9AE7
:10830400CDF820B0CDF878A0B1FBF0F300FB131347
:108314009B1A002203440492CDE92A2293FBF0F233
:1083240000FB123329AACB1A219219921FB218FA10
:1083340083F81B9BADF8A68047F6FF78023B229793
:10834400C146ADF8A470DBB21F930BF1FF339B461B
:108354001A9BBB4202DB179BBB420EDB199B0DF140
:10836400A602934200F0838033F9027F19931A9B8B
:10837400BB42F3DB179BBB42F0DA1B9B002BEDD017
:108384000C9B0DF1D00ADDF810E0FB1A83EAE372CE
:10839400A2EBE372134610920DF1F6021BB20D929A
:1083A4001F9A119305920598FF2800F001810D9AF8
:1083B4000AF10104534632F9021F0E9404190D9276
:1083C4008F4249D0B2F90260BE4245D0BE42ACBF32
:1083D400002001208F42C8BF013058453CD15D7850
:1083E4009AF800002843069D35EA000034D1BDF90F
:1083F400A0C00F98A1EB0C0C109D301ABCF1000F1B
:10840400B8BFCCF1000C00286544B8BF40420FFA55
:108414008CFC054400B2079028B204901198604582
:1084240040F39580DDF81CC08445B8BF84460498A9
:108434008145CDF81CC000F394800DD10798804588
:1084440000F38F8008E000BF96930020ECD2002058
:10845400D47200208A930020013302329C42AFD1AF
:10846400059BDDF838A0013BDBB205939BE7994BF4
:10847400DDF878A01B78DDF820B0022B00F07B81BA
:1084840047F6FF7399454BD0934A049B9348137066
:10849400BDF8AA305370BDF8AC309370BDF8AE305F
:1084A400D370FF230370099B002B3FF458AE013BAC
:1084B4000DF19D020DF1990427A952FA83F21C9B38
:1084C400DDF880C05F1E96461A4654FA87F711F805
:1084D400014BA4EB0C03B3FA83F35B093AB126AD69
:1084E40015F8016BB44208BF5346AF42F8D1002BD4
:1084F40040F03D81159A1168189A0139157811F8E0
:10850400012FDFB20133B2FBF5F605FB1622D2B21E
:10851400944216D0072BF2D121E61893704B159391
:10852400129BBBF1030F6C4A13F8B53CD25C189B49
:1085340002F101021C787FF4E1AD6A4BB3F900301B
:10854400E1E5077053B0BDE8F08FC846BEE6079D6D
:108554006046AC45B8BF28460790049881457FF72C
:108564006CAFADF8CA600DF1A80801264FF0000EFB
:10857400049DADF8C810169352ABF0B20EF1010C85
:1085840003EB4E09089B984210D039F9800C5FFA2E
:108594008CFE013628F8020F042EEDD1169BA94655
:1085A400DDF81C80DDF85CE0049555E73846F0E71B
:1085B400CDF810E0D2E64C4D28A94A4F4FF0FF30D9
:1085C400454E4FF0000A18951D97FFF79FF92A783A
:1085D40004460C9D9DF897300A98F15CCDF81CA0D8
:1085E400ADF8AC101144B5FBF2F302FB13531B1AA4
:1085F4009DF895001344305CADF8A80093FBF2F0AD
:1086040002FB1033EB1A0FFA83FB12FA83F29DF884
:108614009630ADF8A620AAB2F35C5D46ADF8A4B0DE
:10862400ADF8AA30B7F9003009928B42CDF820B0EA
:10863400A8BF0B46002D984629AB99460D9347F6E3
:10864400FF73CDE905AA049304DB1D9BB3F9003045
:10865400AB4222DA0DF1A6034B4504D039F9025F8F
:10866400002DF2DAF6E71B4BDDF820B01B78022B65
:1086740000F0F78047F6FF73049A9A4200F0CF8027
:10868400154B079A83F803A01A70059A5A70069A34
:108694009A70124B00221A7061E505F1010C0FFA71
:1086A4008CFCC44500F32D81189B0022DDF82CB00E
:1086B40093F800E0ACEB0B0696FBFEF30EFB13669F
:1086C400764496FBFEF30EFB13661CB3002328A925
:1086D40018460EE036CF0120ECD2002015CF012041
:1086E400D47200208A93002096930020D8B284424A
:1086F40010D911F8017B0133BE42F7D152AB03EB21
:10870400420323F850CC02F5A47301326B44D2B275
:1087140003F8780C0CF1010C0FFA8CFCE04501DB3A
:10872400272AC7D932AB34A93EA802930323019365
:108734002AAB00932346FFF753FB47F6FF73984297
:1087440088D00C9B049AEB1A002BB8BF5B420344FD
:108754001BB29A427FF77EAF0493BDF9C830BDF9CE
:10876400CCA00593BDF9CA300795069372E78E45F0
:108774007FF4ADAEF3E42CAB18460893FBF724FA70
:1087840000283FF47DAE2EAA26AB23990E9211F851
:10879400010B934C8B42205C22F8020BF7D152ABB5
:1087A4001799CDF81490002403EB4B0347F6FF759B
:1087B400274626460793A046DDE92193994221DA0C
:1087C4001D9AB2F900209A421CDB089A3EA8ADF823
:1087D400C01034A902920E9A01924FF0FF32ADF804
:1087E400C22032AA039230AA00924FF0FF32319293
:1087F400079A22F8883C069B1B9AFAF783FD854268
:1088040000F3E1800DF1A6034B4519D039F9023F7D
:1088140017999942D4DBF5E71C9B0693E6E4189B71
:10882400099C1A7823460A9914981344A21AFBF750
:1088340051F96B4B139A98542BE700231B935DE576
:1088440047F6FF73DDF814909D423FF419AEA94634
:10885400ADF8AA60ADF8AC70ADF8AE40CDF81080BC
:108864000EE62CAB18460893FBF7AEF900283FF44C
:1088740001AF2EAA25AB26A80E9213F8011B584D62
:108884009842695C22F8021BF7D147F6FF73002275
:10889400BBF1000F0D9E0C934FF001030B9D03FAE7
:1088A40004F31092119203F1FF330F921292DBB290
:1088B40007EE903A04DB1D9BB3F900305B4522DAE6
:1088C400B14505D036F902BFBBF1000FF3DAF7E783
:1088D40047F6FF730C9A9A4209D1069BCDF840A043
:1088E4001193059B0F93079B1293049B0C93DDE953
:1088F40010A306930F9B0593129B07930C9B049361
:10890400B8E600220EE70BF1010C0FFA8CFCC4450B
:1089140063DC189B002293F800E0ACEB050393FBA7
:10892400FEF10EFB1137774497FBFEF30EFB137732
:10893400CCB128A9002303E00133D8B2844212D970
:1089440011F8010B8742F7D1012101FA03F352A96F
:1089540001EB420121F850CC02F5A47101326944C3
:10896400D2B201F8783C0CF1010C0FFA8CFCE04512
:1089740001DB272AD1D9089B34A93EA8ADF8C0B0A1
:1089840002930E9B01934FF0FF33ADF8C23032AB2C
:10899400039330AB00934FF0FF33319317EE903ACB
:1089A400FAF7B0FC0C9B83428ADDBDF9C8300C9009
:1089B4001293BDF9CA300F93BDF9CC301193BDF9B0
:1089C400CE3010937CE70546BDF9C880BDF9CA6076
:1089D400BDF9CC70BDF9CE4014E70022CBE700BF4F
:1089E400ECD20020B84BB949B94ADFF804C32DE9E9
:1089F400F04F93F90030BFB00F784FF0FF35C3EB61
:108A0400C30306900021D01810F9013B4E1C8CFBC7
:108A14000324DA17C2EBA40202EB8202A3EB4203A3
:108A24005BB2BB4200F00581F1B20429ECD16B1CAE
:108A340000F00381A7480DF13008A74947F6FF73FA
:108A4400061D444610F8012B934224F8022BA8BFBC
:108A540013469142B8BF1146B042F3D13EAA02EB8D
:108A6400450232F9C82C934240F0E780DFF8849243
:108A740000264FF0020B99F800A03446B3FBFAF23B
:108A84000AFB12320492B5421DD0B8F9002092FBC1
:108A9400FAF00AFB102210B2002C00F0D28004F18C
:108AA400FF3C0DF1220200275FFA8CFC1BFB0C2C0F
:108AB40008AA32F902EB704508BF01276245F8D1D4
:108AC400002F00F0BE80013608F10208042EDAD12E
:108AD400824A8348127812FB0AF20632A0FB020291
:108AE4000EA8A3EBD2057F4B01EBD2067E4A2DB232
:108AF400B2F9002036B225EAE5759642A8BF1646BB
:108B04001A685B680E920F93FBF73EF80023B54298
:108B1400CDE9103300F3918001230135A340ADB2B8
:108B2400013BDBB2079347F6FF73059303E001357E
:108B34004645ADB26ADB6F1E99F800B0049A0FFA8D
:108B440085F83FB2B7FBFBF30BFB13739A42EED1EC
:108B54004645C0F2D180C2460022BAFBFBFE0BFBA5
:108B64001EAE0FFA8EFEBCB1002308A9184602E01F
:108B7400D8B2844210D931F902CB0133E645F7D19A
:108B84003EAB03EB420323F850AC02F1F80301328D
:108B94006B44D2B203F8A00C0AF1010A0FFA8AFA64
:108BA400564501DB272AD8D9504B1B78022B50D0CD
:108BB4000AAB16A92AA80293032301930DF13A03E1
:108BC40000932346FFF70CF947F6FF739842AED0A3
:108BD400BDF93830FB1A002BB8BF5B42184400B211
:108BE400059B8342A3DDBDF8283001354645ADF829
:108BF4004070ADF84230ADB2BDF82A300590ADF802
:108C04004430BDF82C30ADF8463094DA47F6FF73A3
:108C1400059A9A4211D0069910AA4B1E033132F9D3
:108C2400020B03F8010F9942F9D101203FB0BDE8CE
:108C3400F08F01354DB23FF4F7AE00203FB0BDE8F0
:108C4400F08F3EAF621C07EB440424F8D80CD4B276
:108C540039E720A98AB102F1FF3E0DF1590316A8A4
:108C64008C4653FA8EFE4FF0010A10F8013B0AFAC3
:108C740003F386450CF8013BF7D10EAB2AA8ADF8F7
:108C84004870CDE9013314AB039312AB00934FF654
:108C9400FF73ADF84A304FF0FF331393079BFAF795
:108CA40031FB47F6FF7398423FF441AFBDF85230B1
:108CB400ADF82830BDF85430ADF82A30BDF8563040
:108CC400ADF82C308CE700BFE3CE012003CF0120A8
:108CD40050720020ECD200200080FFFFBD930020E2
:108CE400ABAAAAAA202E01208A93002036CF012005
:108CF4006766666696930020034B00221B78022B5E
:108D04007FF456AF20A9B8E736CF01202DE9F04F04
:108D14000B46BBB00446059309A99B4B1868FEF7A4
:108D240099FD002800F0DC800546002C40F0EA8024
:108D3400964B0DF1280A47F6FF7600271A78944BD4
:108D4400DFF884921978934B1878FEF79FFC20443F
:108D5400914A83B20695CDF81CA055460FFA80FBC4
:108D6400B24692F800C01E468C4B5FFA87F893F91E
:108D740000108B4BC1EBC10119448A4BCC5DA3FBA2
:108D84000414814B26A9E408186804FB0C64FEF75C
:108D940061FD814BA4B293F800C060B13AABB8FB5B
:108DA400F0F100FB118853FA88F818F8500C01FB15
:108DB4000C0121448CB224B20137A24525F8024BA0
:108DC400A8BFA246A145B8BFA146042FCCD1764A7C
:108DD400564676491278069D12FB0CF2DDF81CA06B
:108DE4000632A1FB02127249A6EBD207B1F900E0E8
:108DF40009EBD2023FB212B227EAE7779645A8BF41
:108E04009646BE456CDB0024A7EB0B0009AA90FB39
:108E1400FCF30CFB1300604490FBFCF30CFB13000D
:108E24000023194612F8016B0133B0425DD0D9B268
:108E3400A942F7D301373FB27745CCBF00260126BC
:108E4400272C88BF0026002EDED1032C48D9594F89
:108E540007F1100857F8040B0DF0F4FB002818BFB5
:108E64000646B845F6D100235348002E52D030F9B7
:108E740013103AAA0AF1020A02EB43020133042B4B
:108E840022F8B81CF1D10CA80DF14808FAF77CFEC1
:108E94004A4B1B78022B14BF002606F00106002E55
:108EA4003FD10EAF0CAB224604244146009326A8C2
:108EB4002B4602970194FEF793FF47F6FF739842FF
:108EC4000ED005993A464B1E033132F9020B03F8D2
:108ED400010F9942F9D1012630463BB0BDE8F08F2D
:108EE400002630463BB0BDE8F08F3AAB03EB4403B9
:108EF40023F8507C04F1E80301346B44E4B203F832
:108F0400A01C97E72E4B1B783BB12E4B1C78644278
:108F140064B20DE7BAF90010ABE72A4B93F90040AD
:108F240006E7671E0DF1490342461CA953FA87F769
:108F3400012012F8013B00FA03F3974201F8013BC8
:108F4400F7D10CAA00FA05F30EAF1CA9013B26A821
:108F54000397DBB2CDE9012210AA00924FF0FF3251
:108F6400CDE910222246FAF7CDF947F6FF7398426D
:108F740098D005993A464B1EC81C32F9021B03F8D7
:108F8400011F9842F9D1ACE7D4720020EDCE012044
:108F9400DFCE0120F9CE012096930020E3CE0120FC
:108FA40050720020CDCCCCCCBD930020ABAAAAAA91
:108FB4008A93002048710020202E012036CF012002
:108FC400ECCE0120B89300200080FFFF274BF0B5C2
:108FD4001C7883B0013CE4B2032C38D800282DD18E
:108FE40006460546224A234B17781978224B384601
:108FF40001911A78FEF74AFB204B054401991A782F
:109004003846FEF743FB1E4B30442DB21B7890FBD1
:10901400F3F203FB1201194491FBF3F203FB121167
:1090240009B2B4B1174B224628461B78003B18BF3F
:10903400012303B0BDE8F040FFF72EB8124B1B78B4
:109044007BB1124B1878404245B22E46CAE703B0B2
:10905400F0BD02232246284603B0BDE8F040FFF7E6
:109064001BB80A4B93F900502E46BBE717CF0120DB
:10907400F9CE0120DFCE0120EDCE012016CF012054
:109084009693002014CF0120ECCE0120B893002049
:109094002DE9F0475C4C84B02378013B042B56D86F
:1090A4005A4DB5F90030002B51DB03A8FAF700FB49
:1090B400574B1A78002A4DD12478042C5CD91646D3
:1090C400544B0DF10F0CB5F900900321187847F6B5
:1090D400FF7EFF24504F1FFA80F842FA01F3DB07AA
:1090E4001AD49CF80030FB5CA9EB030393FBF0FA61
:1090F40000FB1A33034493FBF0FA00FB1A33A0EB92
:10910400030A5345A8EB030A1BB2A8BF0FFA8AF35C
:10911400734501DA9E46CCB201390CF1FF3C4B1C7D
:10912400DBD1FF2C13D016F00E0F0CBF0126002646
:10913400002C57D17300394E0193FEF765FB377845
:109144002246019BB5F90010FEF7A6FF377004B064
:10915400BDE8F087324B1B78013BDAB2032A0FD803
:1091640001229A40D6B22478042CA9D8013CE4B256
:109174002241D207EBD4D6E7013C0126E4B2D7E77B
:10918400284B1E789EBB284B1A78284B1978284BFD
:109194001878FEF77BFA1F4B304400211F7803AA8E
:1091A400DFF874C04FF0010E0E4690FBF7F307FB97
:1091B4001300384490FBF7F307FB130012F8013B4C
:1091C4001CF80330B3FBF7F807FB1833DBB2984203
:1091D40003D10EFA01F33343DEB201310429EDD198
:1091E4003246C0E7FEF7F8FB00EA0603A3E7114B9B
:1091F4001B7823B1104B1B785B425EB2C3E70E4B66
:1092040093F90060BFE700BFDBCE01208893002004
:10921400DECE012096930020ECD2002015CF012051
:1092240017CF0120DDCE012016CF0120DFCE012093
:10923400F9CE0120ECCE0120B8930020364A136801
:10924400DB072DE9F04F83B05AD5344C344B2168F9
:109254001A681B682360334B1B78002B4DD0521ABD
:109264004F2A4AD9304B93F90030002B4FDB2F4B58
:109274000DF104082E491B5C09782E4A2E4C154624
:1092840017782E4EDFF8BCA0DFF8BC90B3FBF1F0EA
:1092940001FB10331168DBB201912380FFF7F8FE64
:1092A40015F8013B0024BB425FFA84FB26F8023B1D
:1092B40006D059F8240004F80A300DF0C3F9A0B917
:1092C4000134042C19D015F8013B5FFA84FB18F81B
:1092D400017F26F8023BBB42F2D059F8240004F87F
:1092E4000A300DF0AFF90028EAD00134584615F8D9
:1092F400011CFDF761F8042CE5D103B0BDE8F08F43
:10930400074B0125054C196815605039A0E70C4B33
:109314001B78002BABD1F0E7309C0020209E00206E
:10932400A43A0120DBCE0120A1930020F4D2002036
:1093340096930020ECD2002088930020202E012058
:10934400E6CE0120E4D20020487100200023104A18
:1093540030B519460F4DB2F800E01C464EFA03F240
:109364005FFA83FC481C013312F0010F03D005F8A7
:1093740001C00124C1B20C2BF0D1074B14B11970F8
:1093840001B130BD03490020012208701A7030BDBC
:109394008E930020D8740020A3930020484B984259
:1093A40058D0484B984257D0474B984256D0474BD9
:1093B400984255D0464B98424AD0464B984251D099
:1093C400454B984254D0454B984253D0444B984215
:1093D40052D0444B984251D0434B984250D0434BC7
:1093E40098424FD0424B98423ED0424B98424BD089
:1093F400414B98424AD0414B984249D0404B984205
:1094040048D0404B984247D03F4B984246D03F4BC0
:10941400984245D03E4B984244D03E4B984243D06C
:109424003D4B984242D03D4B984241D03C4B9842F0
:1094340040D03C4B984219D03B4B98423CD03B4BDC
:1094440098423BD03A4B984214BF1D201C207047D1
:1094540004207047002070470120704702207047A5
:1094640003207047052070470C207047192070476F
:10947400062070470720704708207047092070476E
:109484000A2070470B2070470D2070470E2070474C
:109494000F2070471020704711207047122070472A
:1094A400132070471420704715207047162070470A
:1094B40017207047182070471A2070471B207047E8
:1094C400B48D0020D88D0020B48E0020A48D0020FF
:1094D400C88D0020F88C002090700020AC8D0020F6
:1094E400D08D0020108D0020188D00201C900020AD
:1094F40024900020BC8E0020BC8D0020E08D002034
:1095040088700020C88E0020E88D0020208D002067
:10951400FC8F00200C900020049000206893002011
:10952400288D0020F08D0020448E0020948D002092
:1095340014900020431E1B2B1DD8DFE803F02312D8
:10954400173B11211111112D313F0E17281C361C08
:1095540012231C282D121C122117002918BF1020B9
:10956400704700290CBF0D200320704700290CBF51
:109574000C200120704700290CBF0A2000207047EE
:1095840006207047002914BF02200E2070470029CE
:109594000CBF0B2002207047C1F11201C8B2704702
:1095A40000290CBF0D200F20704700290CBF0C2090
:1095B40000207047002908BF0B20704700290CBF0A
:1095C4000A200F20704700BF01F1FF3C1A4B0539F8
:1095D4005FFA8CFC10B413F80C40184B9B5CB0FB86
:1095E400F4F2032A04FB120028BF032202291449BF
:1095F400C0B209780AD8134C0B4424789CB90324CC
:109604001B1B93FBF1F401FB1433DBB20E4C0B4434
:1096140004EBCC0C5DF8044B1CF80000184402FB6E
:109624000100C0B27047012C04D0022C0CBF0824E6
:109634000624E5E70524E3E7B43200209C8E0020ED
:1096440096930020EACE0120648E00202DE9F04F8D
:1096540085B083469DF83850133D092D32D8DFE894
:1096640005F071313105057405053105DFF8E8C0F1
:109674005C1E384B0CF1040A002003EBC203DFF834
:10968400DC90009314F8013F99F80020B3FBF2F545
:1096940002FB1533DBB2C0B10DF10D05471E03AA61
:1096A40055FA87F7002512F8016B9E4208BF012581
:1096B4009742F8D14DB10CF1010CD445E2D105B07B
:1096C400BDE8F08FDFF898C0D2E7421C1030684440
:1096D40000F8043CD0B200293AD09CF80070002273
:1096E400009D03E00132D6B2B14206D915F8016BF0
:1096F400BE42F7D10BF80230DDE74FF0FF0E0BF15D
:10970400FF370022CDF804E006E0754510D30FD0F2
:109714000132D2B2914211D017F8016FF51A9E426C
:10972400A3EB0608EDB2F0D85FFA88F57545EFD2E1
:1097340001920132AE46D2B29142EDD1019A0BF8B8
:109744000230B8E7DFF81CC092E7DFF81CC08FE7EF
:10975400FF22CFE7A43A0020E84700209693002098
:10976400E4470020EC470020E04700202DE9F043C7
:1097740085B01F4605460C469DF830303846904665
:109784001946FFF70BFE8146FFF7D4FE1E4B13F874
:1097940000C0A9F11203B5FBFCF6DBB2032E0CFBEF
:1097A400165528BF03260A2BEDB20DD9174B444496
:1097B400174903EBC0035A5D0B78A01803FB06009E
:1097C400C0B205B0BDE8F08310493B46CDF8009027
:1097D400024601EBC00102AF03C987E803006146FA
:1097E4003846FFF733FF05F1100304EB08020DEBD5
:1097F4000305074B15F8081C1B78501803FB0600DB
:10980400C0B205B0BDE8F0833C3B0020B871002035
:10981400969300208D4B70B51C7882B0631E062B86
:1098240007D88B4B21461A7802B0BDE87040FFF789
:10983400CBBE0A2C054667D00B2C16467DD0A4F16E
:109844000803012B3CD9834B834A93F9003003EB83
:10985400430302EB83031B5C002900F083807F48F1
:109864007F4AA0FB03101278C00800EB8005A3EB2D
:109874004505EDB2AA4200F0B8807A4A1278002A6F
:1098840040F09280A2F13332774878490478A2FB01
:1098940003230978DB08764814FB06F203FB012452
:1098A4006B4B74490278E4B218780978FDF7EEFE40
:1098B400714B1B685B5D1C442044C0B202B070BD98
:1098C400002940F08D806A4A6A4B12781978604BFF
:1098D4001878FDF7DBFEC1B2002E00F09D80614BCD
:1098E4001B78002B00F09A805F4B1A78524252B2D8
:1098F400A4F10904604B2846B4FA84F41B68640993
:109904000094FFF733FFD9E75C4A514B12785C4966
:109914001B785648CB5C04785A482344B5FBF2F1D3
:1099240002FB11520329D2B228BF0321825C98188A
:1099340001FB0400C0B202B070BD002932D0524A0B
:10994400434B4C49127809781878FDF79FFEC4B24E
:1099540096B1444B1B78002B44D0434B18784042BB
:10996400C2B20AE03D4DA5FB0325ED0805EB8505D4
:10997400A3EB4505EDB280E73246404B3B481B78EC
:109984000078B5FBF3F103FB115303293D4DDBB222
:1099940028BF0321EB5C01FB00332344D018C0B281
:1099A40002B070BD324ACBE72C4A3049A2FB0324F3
:1099B4002F4A0B78E408127814FB03F42D4B197822
:1099C400E4B2234B1878FDF761FE274B1B7803FBA9
:1099D4001642294B1B685B5DD4182044C0B26DE766
:1099E400294A71E7204B1A78C7E71E4B1B78CBB97D
:1099F4001D491E4B0C781B7814FB06F4224A1D49A2
:109A040000FB0344124B1278E4B209781878FDF78E
:109A14003DFE2044C0B251E7324669E7124B93F948
:109A2400002065E7114B184A1B78124910FB03F01C
:109A3400074B1278C4B209781878FDF727FE0A4B51
:109A44001B7803FB16440444E0B237E711CF01202E
:109A5400F9CE0120F3CE0120308D0020CDCCCCCC2A
:109A640015CF0120ECCE0120B8930020969300205E
:109A7400EDCE0120DFCE0120D4720020A39300207C
:109A84009C8E0020D874002016CF01200E4B8446F3
:109A94001B780BB9FFF7BEBE0C4A0D4B11781A7830
:109AA40071B102F10B030B48A0FB0303DB088B42EB
:109AB40028BF0B46013B03EB430302EB4302D2B244
:109AC4000CEB4200C0B27047E5CE0120AB930020FE
:109AD40096930020ABAAAAAA8268F8B50D4602F1B3
:109AE400080100AF002321F007010132ADEB010DA5
:109AF400694616F0F1F90B49684625F073FD78B113
:109B0400023D0024074E29F055F803463146002053
:109B140025F8023F013425F065FD08B1FF2CF2DD84
:109B2400BD46F8BDA03000202DE9F041274B284F59
:109B3400D3F80080B7F90E60464524DA731E9BB251
:109B4400102B22D923490323234A002401EB40216B
:109B5400224804E01FFA8CF3023102300132082B50
:109B640003F1010CF6D092F800E0651C764504DAA6
:109B7400B1F800E0ACB2A0F800E0B3F5807FE9D121
:109B8400A7F80E804CB9BDE8F081B7F9DA310B2B98
:109B9400D8D10C23A7F8DA31D4E71A21104819F0E8
:109BA4004FFC31460F4815F04FFE0C210E4819F0BA
:109BB40047FC21460B4815F047FE1E210B4819F0BF
:109BC4003FFC0848BDE8F04115F04ABE7093002000
:109BD400D8720020E8740020863D0020DC7200204A
:109BE400D82F0020E0660020F42F0020043000204D
:109BF40046482DE9F84F13F063FC012807D9444B7C
:109C040093F90030013302D0424B01221A703F48CD
:109C140013F062FC20B1404B1878B0FA80F0400990
:109C24003E4C3F4A23681070DA070AD43D4B3E4845
:109C340003F15801026843F8042B8B42FAD1012343
:109C440023603A4D0124DFF800B1394FDFF8FC807E
:109C5400DFF8D490DFF8F8A00EE098F80020012A8D
:109C640004D0012E02D99AF8002072B301340C35C5
:109C74000BF1040B162C26D0284613F021FC0646C3
:109C8400284613F027FC18B1D9F80020CBF800209F
:109C94003A6822FA04F1CB07DFD598F800100029BE
:109CA400E4D1D9F80010DBF80000091A1429DDD931
:109CB40001210C350BF1040BA140013422EA01020D
:109CC400162C3A60D8D1BDE8F88F124B01260F212B
:109CD40018481E7019F0B4FB2146174815F0B4FD5E
:109CE400154815F0BDFD0A4A92F900100131BDD1A5
:109CF400611E1248A0FB0101F1401170104A127854
:109D0400002AB3D10F4A1670B0E700BF44CA00203E
:109D1400A1930020D9CE0120D7CE0120489C002059
:109D240012CF012038C60020A43A012050CA0020D6
:109D3400700F012024300020E0660020ABAAAAAAFC
:109D4400E6CE012021CF01203CC60020F8CE012020
:109D5400F5CE0120144B70B54FF0E0254026195C78
:109D64000446FDF7B5FA1148C5F888610CF032FCD9
:109D74000F480CF02FFC0F4B53F824000CF02AFC76
:109D84000D4B53F824000CF025FC0C4B53F8240025
:109D94000CF020FC2046C5F80861FBF767F9204663
:109DA400BDE87040FFF74ABAF4D200204404012011
:109DB4000C040120008F0020D08E00206C8F002026
:109DC40070B5104B4FF0E0254026044653F82000B0
:109DD400C5F888610CF026FC0B4B53F824000CF0FA
:109DE40021FC0A4B53F824000CF01CFC084BC5F86A
:109DF40008611B7803B970BD2046BDE87040FBF7CD
:109E040017B900BFD08E00206C8F0020008F002077
:109E1400EECE012070B5294900254FF0E023402201
:109E240004462DED028B0D54254DC3F8882155F8B9
:109E340020000CF007FC58B94FF0E02340222046E4
:109E4400C3F80821BDEC028BBDE87040FBF7F0B805
:109E54001C4B4FF6FF769FED1C8A1B8855F8240097
:109E640007EE903AF8EE677A67EE887AFCEEE77AC6
:109E740017EE903A0733DB08B34228BF3346012B71
:109E840038BF012383860CF0CDFB104B55F82420FA
:109E94001B8807EE903AF8EE677A67EE887AFCEE54
:109EA400E77A17EE903A0733DB0802D10123938651
:109EB400C2E7B34228BF33469386BDE73836012054
:109EC400D08E002092930020666630429493002046
:109ED400124B1B78012B08D0022B13D1104B00EB33
:109EE400400003EB800013F0F7BA0E4B1B7833B934
:109EF4000D4B1B781BB90D4B1B78002BEED00C4B74
:109F0400185C7047074B1B78002BF8D1044B00EB0F
:109F1400400003EB800013F0DFBA00BFEFCE012056
:109F2400AC0C0120F2CE0120E5CE012011CF01209E
:109F3400340F01202DE9F04FDFF800B183B0354B29
:109F44009BF80020344D1A70344B05F10C09DFF8EE
:109F5400F0A01978324B334E334CDFF8E880334F9E
:109F6400197012E0FFF756FC3B7820700BB1337880
:109F740063BB4D4504F101040AF1040A06F101062C
:109F840044D0264B9BF80020197898F8003015F837
:109F9400010B002BE6D0264B93F800E0254B1B78F1
:109FA400BEF1000F0ED003F10B022349A1FB02C244
:109FB400D208724528BF7246013A02EB420203EB13
:109FC4004202D3B200EB4300C0B2CDE7164BE31A12
:109FD400DBB218460193FFF77BFF019B0028C8D032
:109FE4001846FBF743F8DAF800000CF031FB019B4C
:109FF4000028BED021781846FDF76AF94D4504F1D2
:10A0040001040AF1040A06F10106BAD103B0BDE85D
:10A01400F08F00BFDDCE0120848D002013CF0120FE
:10A02400DECE0120140E0120F4D20020DCCE01206B
:10A03400AB93002096930020ABAAAAAA12CF0120CA
:10A04400D08E0020E5CE012038B5114C114AA4FB76
:10A0540000C41149114DE4081278097804EB440452
:10A06400A0EB8404E4B22855FFF710FD0C4B0D4A15
:10A074001B78105523B12046BDE83840FFF7CABE0F
:10A08400094A20461355BDE83840FFF763BE00BFB8
:10A09400ABAAAAAADDCE0120DECE0120848D002049
:10A0A400F0CE0120F4D200203836012038B5104C0F
:10A0B400104AA4FB00C41049104DE4081278097832
:10A0C40004EB4404A0EB8404E4B22855FFF7DEFC5F
:10A0D4000B4B0C4A1B78105520462BB1FFF73AFE68
:10A0E400094B01221A5538BDBDE83840FFF768BE58
:10A0F400ABAAAAAADDCE0120DECE0120848D0020E9
:10A10400F0CE0120F4D20020383601202DE9F84F9A
:10A114002F4C00262F4FDFF8D08004F1C0052378A0
:10A1240033B1237C23B9637C13B93B78002B43D030
:10A1340004F8206BAC42F2D1DFF8B0B00024264E14
:10A14400264D274FDFF8A890DFF8A880DFF8A8A0F5
:10A154000AE0013499F8002098F80010FFF75AFB40
:10A164000C2C05F8010B25D0E0B200223B780BF84B
:10A17400010B06F8012B002BEBD01A4B9AF80020A8
:10A18400DFF864C0197802F10B03ACFB03C349B1D7
:10A19400DB088B4228BF0B46013B03EB430302EB76
:10A1A4004303DAB200EB42000134C0B20C2C05F8D0
:10A1B400010BD9D1BDE8F88F6078A8FB0023DB0838
:10A1C40003EB4303A0EB8300C0B2FFF7F9FDAFE755
:10A1D4002C0E0120F0CE0120340F0120F4D20020F7
:10A1E400E5CE0120AB930020ABAAAAAA848D00205F
:10A1F400DDCE0120DECE0120969300202DE9F04F24
:10A2040083B09DF834400094002900F09880002C1D
:10A2140000F095800025B6EE005BDFF838A1A94672
:10A2240006E00135EDB2A94276D9009CA14573D26E
:10A23400445D002CF5D06C1C2F46AE468C4205DBE9
:10A2440009E0F7B27C1CBE468C4204DAC4197E1CB9
:10A254006478002CF5D16C1E4FFA87F864B208F1CB
:10A26400010844455CDC9FED396A4FF0000B019016
:10A27400F0EE466A18E012F806C0BCF1000F0FD1E8
:10A2840033F9166004FB06F007EE906A07EE100A35
:10A29400F8EEE77AB8EEC77A76EEA76A36EE076A82
:10A2A400013464B2444518DC8AFB046CA1424FEAD1
:10A2B400E476C6EB6C06F3DD06EB4606002CA4EB55
:10A2C4008606EDDBA64576B2D5DBA542D3DC204875
:10A2D40010F806C04BEA0C0BD2E7F5EEC06A019801
:10A2E400F1EE10FA20DD86EE267A3D4609EB4904AC
:10A2F4000C9E09F10109013506EB84044FF00006B8
:10A30400EDB25FFA89F984F808B0A94284ED007AC5
:10A31400C4ED016A667288D8484603B0BDE8F08F80
:10A32400DFED0A6A4FF0000B05EB0E0407EE104A4E
:10A33400B8EEC77B27EE057BB7EEC77BD5E74FF0BA
:10A344000009484603B0BDE8F08F00BF00000000DC
:10A354002C360120ABAAAA2A2DE9F04F2DED048B4F
:10A36400A7B0C74C0025DFF838A30DF1100904F19C
:10A374009007A8464E4620460AF1010A13F0ACF8AD
:10A38400034620460C3406F8013B1D4313F098F8AD
:10A39400012808BF0AF8018CBC42ECD1B94E002256
:10A3A40006F1C007B046334613F8201BBB4242EA0D
:10A3B4000102F9D12DB922B927B0BDEC048BBDE857
:10A3C400F08F002307AC8DF828309DF8103099E801
:10A3D400070084E80700002B40F0B581AA480BA9C8
:10A3E40013F044FA11AD07210BAB4A462046019104
:10A3F4000D210095FFF702FF824680B1431E0C2217
:10A4040014A9DBB212FB03122B46D3ED007A1946D2
:10A414000C3377EEA77A9342C1ED007AF5D19B4BCA
:10A42400DFED9B9A9FED9B9AD3F80090954C9FED9E
:10A43400928B03E02034BC4200F085802378002B0B
:10A44400F8D0BAF1000F00F0EB80F0EE086A2B466A
:10A4540000224FF0FF30597A79B9D3ED007A94EDA8
:10A46400017A77EEC77AF0EEE77AF4EEE76AF1EE76
:10A4740010FA02DDF0EE676A50B201320C33D1B249
:10A484005145E8D3431C00F0CB8026AB00EB4000E1
:10A4940094F810B003EB800010F84C3C10ED150A52
:10A4A4004BEA030B012384ED010A00F84B3C637C67
:10A4B40084F810B0002B00F0F78050ED147A94ED7E
:10A4C400026AD4ED066AF4EE467A6369E0EE276A1E
:10A4D40094ED077AA9EB0303C4F80C90F1EE10FA9B
:10A4E40037EE877A98BFF0EE467A032B84ED077A2D
:10A4F400C4ED066AC4ED027A40F23581B5EEC07A45
:10A5040000236374F1EE10FAC8BF86EE870AB5EE35
:10A51400C00AF1EE10FA00F13781F3EE077AB4EED7
:10A52400670AF1EE10FA37FE800A22F003FBC0B28C
:10A534006070BBF1000F7FF47DAF2034FFF784FD22
:10A54400BC427FF47BAFBAF1000F4CD00AF1FF3A62
:10A554000C2314AAF3EE078A5FFA8AFA9FED519A44
:10A564004FF0010B13FB0A2A02E00C3555453AD093
:10A574006B7A002BF9D15C01013318F804203AB14D
:10A58400062BF2D05C01013318F80420002AF7D11D
:10A5940095ED008AB5EEC08AF1EE10FA66D4B4EEF9
:10A5A400E88AF1EE10FA38FE880A22F0C3FAD5EDF3
:10A5B400017A2A7A0C3528EE277A08EB04035545EC
:10A5C40008F804B0587083ED018AC3ED027AC3F829
:10A5D4000C9083F811B0C3F8149083ED067AC3EDA0
:10A5E400077A1A74C4D12C4900232C4C01208B60A7
:10A5F400C1E9003333785BB1737C4BB97378A4FB46
:10A604000352D20802EB4202A3EB8203DBB2C8542A
:10A614002036BE42EED127B0BDEC048BBDE8F08FEE
:10A6240000232370237C002B7FF404AF637CCBB125
:10A63400D4ED077AF5EEC07AF1EE10FA40F3A78074
:10A6440094ED067A87EE270AB5EEC00AF1EE10FA09
:10A6540040F1A2809FED130A22F06CFAC0B2607040
:10A66400FFF7F2FC6078FFF721FDE3E6B0EE490A5C
:10A674009BE700BFAFF30080000000686666E63F1A
:10A68400AC0C01202C0E0120900D0120A43A0120D5
:10A694000000A0423333333F340F0120ABAAAAAAEF
:10A6A4002C36012000000000E368D4ED027AA9EB07
:10A6B400030350ED146AC4F80C9007EE103AB8EE98
:10A6C400477A27EE277A87EE296A77EEC67AF4EE80
:10A6D400667AF1EE10FA98BFF0EE667A27EE897A80
:10A6E400C4ED027AB4EEE67AF1EE10FA3FF7A2AEC8
:10A6F400637807EE903AB8EEE77A30EE477AB0EE38
:10A70400C77AB7EEC77AB4EEC87BF1EE10FA3FF51C
:10A7140091AEB5EEC00AF1EE10FA46D4F3EE077A24
:10A72400B4EE670AF1EE10FA37FE800A029322F0C3
:10A7340001FA029BC2B293423FF47CAEBBF1000F1C
:10A7440039D0627076E69DF81B30002B3FF446AE9C
:10A754009DF81130002B7FF441AE8DF81C3001239D
:10A764008DF828303AE6B5EEC00AF1EE10FA1FD49F
:10A77400F3EE077AB4EE670AF1EE10FA37FE800AB8
:10A7840022F0D8F9607055E61FED3A0ACDE66378F9
:10A7940000EE103AB8EE400AF3EE077AB4EE670A18
:10A7A400F1EE10FA37FE800A56E71FED420ABDE7C4
:10A7B4001FED440AE4E7934234BF4FF0010B4FF01E
:10A7C400FF0B184603920293FFF770FC029B5B4455
:10A7D400DBB218460293FFF737FCDDE902329342FD
:10A7E400EFD1627026E600BF0D4B1878A0B90D4B6F
:10A7F400187800F0FD00A0F10100B0FA80F04009E3
:10A804000C30094B1B7833B9084B1B781BB90C2847
:10A8140028BF0C20C0B27047012808BF0220F0E70F
:10A8240008CF0120EFCE0120E5CE012011CF012079
:10A8340008B5FFF7D9FF01382E4BF2EE067A07EE82
:10A84400100AF2EE086A1B78B8EEC77ADFED2A5ACE
:10A8540003F0FD0327EE000A012B284B46FEA76AEE
:10A86400C0EE267A1B7806EE903AF8EEE66A86EE9B
:10A87400A56AF5EEC07AF1EE10FA48BFDFED207A52
:10A88400B4EE677AF1EE10FAB5EEC06A48BFF0EEA6
:10A89400477AF1EE10FA26D9B7EE007AB8FE670AC5
:10A8A400B4EEC76AF1EE10FA1CDA77EEC07AF6EE6F
:10A8B400006AF0EEE75A66EE266AF4EEE65AF1EE26
:10A8C40010FA13D975EEE65A77EE466A85EEA67A43
:10A8D40017EE903A002BB0EEC77AB8BFB1EE477AC4
:10A8E40030EE070A08BDB0EE670A08BD9FED047A92
:10A8F400EEE700BFEFCE01200000C84207CF0120E1
:10A90400000000002DE9F041FBFE407A2DED028BA2
:10A91400FCEEE77A82B0FFF767FF441ECDED017AC3
:10A92400E4B29DF804309C4240F2A3805C1CE4B283
:10A934005F4E07EE903A5F4D18465F4FF8EEE77AA8
:10A9440032782978FFF7A2F83B78DFF8888170EE37
:10A95400678A034407EE903A98F80030F8EEE77AF5
:10A96400002B40F09680BDEEE77A54499FED546A7F
:10A97400F2EE080AB0EE000A17EE103A81FB03214A
:10A98400DA17C2EB610202EB4202A3EB82034D4AE7
:10A994000C3311784C4AA2FB0302D20802EB4202A8
:10A9A400A3EB820301EB410201EB8201474A0A4413
:10A9B400134493F9013006EE903AF8EEE66A86EE17
:10A9C400867A37EE277AC7EE200A22F0E9F8B0EE4D
:10A9D400408A327820462978FFF758F83B7898F86F
:10A9E4000020034407EE903AF8EEE77A002A43D1B8
:10A9F400BDEEE77A334A314CF2EE080A3349B0EE41
:10AA0400000A17EE103A9FED2E6A84FB03041078B7
:10AA1400DA17C2EB640202EB4202A3EB82032A4A76
:10AA24000C33A2FB0342D20802EB4202A3EB8203E3
:10AA340000EB400200EB82000A18134493F9013042
:10AA440006EE903AF8EEE66A86EE867A37EE277AD4
:10AA5400C7EE200A22F0A4F880EE080AF0EE680A95
:10AA640022F09EF820EE080A02B0BDEC028BBDE88D
:10AA7400F0810238C3B25BE7154BB0EE000A1B78D5
:10AA840000EE903AF8EE600AC7EEA00A22F088F8C9
:10AA9400E2E70F4BB0EE000A1B7800EE903AF8EEB6
:10AAA400600AC7EEA00A22F07BF8B0EE408A90E775
:10AAB400DDCE0120DECE012020CF0120ABAAAA2AC0
:10AAC4000000C8421BCF0120ABAAAAAA683C002000
:10AAD40096930020EACE01202DE9F041054690ED41
:10AAE400030A2DED028B0479FFF7A2FEFFF77CFE2B
:10AAF4006B79B0EE408A984202D80138C3B26B71C8
:10AB04005C4A12787AB907EE903A9FED5B7AF8EED8
:10AB1400E77A78EE677AF0EEE77AF4EEC77AF1EE48
:10AB240010FA00F38780DFF89081544F544E98F860
:10AB3400002018463978B0EE480AFEF7A7FF3055D2
:10AB4400FFF7E0FE4F4B355DB0EE408A1B784E4A6E
:10AB54002B44127807EE903AF8EEE77A002A5CD19B
:10AB6400BDEEE77A494A4A4EF2EE080A4949B0EE88
:10AB7400000A17EE103A9FED486A86FB0306107828
:10AB8400DA17C2EB660202EB4202A3EB8203434AEA
:10AB94000C33A2FB0362D20802EB4202A3EB820352
:10ABA40000EB400200EB82000144194491F90130AA
:10ABB40006EE903AF8EEE66A86EE867A37EE277A63
:10ABC400C7EE200A21F0ECFF88EE000A21F0ACFC6D
:10ABD400334B9FED347AA10003EB8402F2EE087A42
:10ABE40020EE270AD2ED007A70EE677AF0EEE77A6B
:10ABF400F4EEC77AF1EE10FA04D52B4A32F8142099
:10AC040095422ED00B442046294683ED000ABDEC24
:10AC1400028BBDE8F041FCF75BBB244BB0EE000AAD
:10AC24001B7800EE903AF8EE600AC7EEA00A21F015
:10AC3400B7FFC9E7B0EE480ADFF87C8021F07AFF5D
:10AC44000E4F1B4BC0B298F8002068713978185524
:10AC5400FEF71CFF174B0A4E1B5D30552BB96B7961
:10AC640065E7BDEC028BBDE8F0812046FAF7FEF9FA
:10AC7400F5E700BF01CF01206666263FDECE012046
:10AC8400F4D2002020CF0120EACE01201BCF0120E6
:10AC9400ABAAAA2A683C00200000C842ABAAAAAA10
:10ACA400040F01206F12833AEC0E012096930020CA
:10ACB400848D0020140E0120DDCE01202DE9F04703
:10ACC4004FF00009DFF86880174E184FDFF864A0D2
:10ACD400307800254319A7FB0324E40804EB44045B
:10ACE400A3EB840418F80430ABB9B9F1000F04D114
:10ACF4005AF824000BF0A6FC60B9621C0B4BE0B2BE
:10AD0400A3FB0213DB0803EB4303A2EB83023270C1
:10AD1400BDE8F087307801350C2DDBD1B9F1000F97
:10AD2400F6D14FF00109D3E7C8CE0120ABAAAAAAF5
:10AD3400340F0120D08E002038B52DED028B05464E
:10AD4400FFF7BCFF0123414A28710446EB7095EDDF
:10AD5400030A1354FFF76CFDB0EE408A21F0EAFEBB
:10AD64003B4BC0B23B4A3C49B0EE480A68713B4D8C
:10AD7400127809781855FEF789FE2855FFF7C2FDA9
:10AD840037492B5DB0EE408A0978364A0B44127875
:10AD940007EE903AF8EEE77A002A4AD1BDEEE77A58
:10ADA400314A324DF2EE080A3149B0EE000A17EE8C
:10ADB400103A9FED306A85FB03051078DA17C2EB71
:10ADC400650202EB4202A3EB82032B4A0C33A2FB83
:10ADD4000352D20802EB4202A3EB820300EB4002CF
:10ADE40000EB82000A18134493F9013006EE903AFE
:10ADF400F8EEE66A86EE867A37EE277AC7EE200A00
:10AE040021F0CEFE88EE000A21F08EFB1B4B1C4A7B
:10AE1400002103EB840320461155F2EE087ABDECC1
:10AE2400028B20EE270A83ED000ABDE83840FEF7C6
:10AE340091BF144BB0EE000A1B7800EE903AF8EE86
:10AE4400600AC7EEA00A21F0ABFEDBE7340F012055
:10AE5400848D0020DDCE0120DECE0120F4D200203E
:10AE640020CF0120EACE01201BCF0120ABAAAA2AC1
:10AE7400683C00200000C842ABAAAAAA040F012023
:10AE840038360120969300202DE9F84F2B4C0026EC
:10AE940004F1F005237823B1E37813B16378002B30
:10AEA40047D004F8286BAC42F4D1254FDFF8ACA0AE
:10AEB400244E07F10C09244D3C46DFF8A480DFED55
:10AEC400237ADFF8A0B009E0214B9BF80020197821
:10AED400FEF7A0FC04F8010B4C4528D0E01B00222F
:10AEE40098F80030C0B2EAEC017A05F8012B06F8B4
:10AEF400010B002BE8D0174A174B1178DFF868C014
:10AF04001A7869B102F10B03ACFB03C3DB088B4273
:10AF140028BF0B46013B03EB430302EB4303DAB2C6
:10AF240000EB4200C0B204F8010B4C45D6D1BDE899
:10AF3400F88F2079FEF744FFB3E700BF68300120A3
:10AF4400F4D20020848D0020340F01200000000082
:10AF5400DECE0120AB93002096930020040F012045
:10AF6400E5CE0120DDCE0120ABAAAAAA2DE9F04F3F
:10AF74002DED048BA5B0AE4C0027DFF8D8A20DF15F
:10AF8400080804F19006B946454620460AF1010A2C
:10AF940012F0A2FA034620460C3405F8013B1F4385
:10AFA40012F08EFA012808BF0AF8019CB442ECD1D1
:10AFB400A04C002204F1F0052646234613F8281B72
:10AFC400AB4242EA0102F9D12FB922B925B0BDEC56
:10AFD400048BBDE8F08F984809A912F047FC974B01
:10AFE40005AF1B7803F0FD03012B4FF000030CBFEA
:10AFF4004FF0010C9C468DF820300CF10C0C98E8B5
:10B00400070087E8070004D19DF80830002B40F0C2
:10B014006F8138460DF13C090727424609AB61466A
:10B024000197CDF80090FFF7E9F8854B8346DFEDF3
:10B03400858A1F6815F090F99FED838A80469FEDFD
:10B04400839ADFF8F0A104E00AF1280AAA4500F087
:10B0540096809AF80030002BF6D0BBF1000F6AD02E
:10B06400F0EE006A4B4600224FF0FF30597A79B96E
:10B07400D3ED007A9AED027A77EEC77AF0EEE77AAA
:10B08400F4EEE67AF1EE10FA02D5F0EE676A50B209
:10B0940001320C33D1B28B45E8D8431C4BD024ABDE
:10B0A40000EB40009AF8012003EB800010F84C3CC0
:10B0B40050ED157A1A430123CAED027A00F84B3C8D
:10B0C4009AF802308AF80120002B00F0C58010EDB8
:10B0D400147ADAED045A9AED086AB4EE657ADAF86D
:10B0E4001830A7EE876ADAED096AFB1ACAF81470F9
:10B0F400F1EE10FA77EE266A98BFB0EE657A032B6C
:10B10400CAED096A8AED086A8AED047A9CD9F5EEDB
:10B11400C06A0023CAF81C808AF80230F1EE10FAE3
:10B12400C8BFC6EE267ACAED037A002A8CD15046EF
:10B13400FFF702FE88E700238AF800309AF801300E
:10B14400002B81D19AF8023083B1DAED097AF5EE59
:10B15400C07AF1EE10FA40F30D81DAED086A86EE5A
:10B16400A77A50468AED037AFFF7E6FD9AF80400C1
:10B174000AF1280AFEF724FEAA457FF46AAFBBF160
:10B18400000F3AD00BF1FF3B0C2212AB4FF0010C35
:10B194005FFA8BFB12FB0B3203E009F10C099145BA
:10B1A4002BD099F80930002BF7D1204601780029DB
:10B1B40039D103EB830399ED007AD9ED017A09F1D2
:10B1C4000C0906F833C006EBC30367EE276A9980BF
:10B1D400A3F802C019F8041C914583ED027A83EDAB
:10B1E400037AC3ED047AC3F81C80C3ED086AC3ED87
:10B1F400097A5970C3E90577D3D1154A002301218F
:10B204009360C2E9003323782BB1E3781BB16378F0
:10B214000BB92379D1542834AC42F4D125B0BDEC18
:10B22400048BBDE8F08F01332830062BB5D0BDE781
:10B23400AC0C012068300120900D0120EFCE0120DC
:10B24400A43A01200000A0423333333F00007A4483
:10B25400340F01202C360120002A7FF4F5AEDAF8F1
:10B2640014309AED047AFB1A10ED146ACAF81470BB
:10B2740006EE903ADAF81C30CAF81C80F8EE666ADA
:10B2840066EE876AC6EEA85A37EE657AB4EE467A59
:10B29400F1EE10FA98BFB0EE467A67EE086A8AEDCE
:10B2A400047AF4EEC66AF1EE10FA1DD8334A127825
:10B2B400002A5CD007EE102AF8EEC76AA8EB030355
:10B2C4009AED036A07EE103A77EEC67AB8EE477A3B
:10B2D400C7EE095A67EEA57A36EEA57AC7EE876AF5
:10B2E40076EE867ACAED037A5046FFF7F5FBABE6B5
:10B2F4009DF80930002B7FF48CAE9DF813307BBB96
:10B30400BDF93A10B2EE0A6ABDF92630F2EE085AD7
:10B3140099421B4BD4BF002101211A78D2B1D3ED3D
:10B32400027A35EEE77AF4EEC77AF1EE10FA54BFFA
:10B33400F0EE476AF0EE676AF4EEC66AF1EE10FAD0
:10B3440008DAF4EEC77AB0EE666AF1EE10FACCBF12
:10B35400012100212833AB42DFD100293FF459AE4B
:10B3640000238DF8143001238DF8203051E6F2EEDD
:10B37400046AA3E79AED027AF3E600BF06CF012040
:10B3840068300120B14B1A68D2072DE9F0412DED48
:10B39400028B88B005D4AE490120AE4A0968186012
:10B3A4001160AD4F0A204FF00008AC4E3C4607F147
:10B3B4006C0501E014F80C0F00EB400006EB800074
:10B3C40012F08AF8A54240EA08005FFA80F8F1D149
:10B3D400B8F1000F00F0C0809D499E4A0B681068C8
:10B3E4001B1A042B04D808B0BDEC028BBDE8F08115
:10B3F4000B6802A99A480026136012F037FABDF9C7
:10B404001C4001239749092206E0013330460C31E0
:10B414000A2B10D011F80C2C08A8DDB200EB420264
:10B42400184632F9182CA242EFDD013314462E4699
:10B434000C310A2BEED1002CD5DD411C8A4B07EED2
:10B44400904AA3FB0142F8EEE77AD20802EB8202AB
:10B45400A1EB420100F10902A3FB024301EB41010C
:10B4640008ACDB0817F8211003EB830304EB41015C
:10B47400A2EB430331F9182C03EB430317F82330F1
:10B4840004EB430333F9183C9A4273DA07EE103A9B
:10B49400B7EE006AF8EEC76A86EEA77AB4EEC67A0B
:10B4A400F1EE10FA40F1C38000EB4000B6EE006A02
:10B4B40007EB8003D3ED027AD3ED016A67EE277AB6
:10B4C40067EE867AF1EE677A77EEA67ADFED676A41
:10B4D400674E9FED687A67EEA67A337887EE878A9F
:10B4E400002B00F08B80644D0123B5F900403370CC
:10B4F400002C68DB07EE904ADFED5C0ADFED5F8A23
:10B50400F8EEE77A78EE677A77EEA07A37EEA80A53
:10B5140021F0A2F930EE680A9FED597AF0EEC07A74
:10B52400F4EEC77AF1EE10FA7FF65DAFB0EE480A9A
:10B5340021F000FB00B2424200F07F0302F07F02E0
:10B5440058BF534203F07F03A3427DD12C8008B03F
:10B55400BDEC028BBDE8F081454E337833BB00214E
:10B56400454B4FF6FF7231701A8008B0BDEC028B68
:10B57400BDE8F08107EE102AB7EE006AF8EEC76A5C
:10B5840086EEA77AB4EEC67AF1EE10FA42D500EB55
:10B594004000B6EE006A07EB8003D3ED027AD3EDE8
:10B5A400016A67EE277A67EE867A8DE73548434667
:10B5B4003549424600780978CDE900101821032066
:10B5C400F8F70EFFCBE7B0EE480A21F0B3FA04B265
:10B5D400634204F07F0403F07F0358BF5C4204F02D
:10B5E4007F0428490023284A032009781278CDE9EA
:10B5F4000021E2B21721F8F7F3FEA7E721487F22E2
:10B60400214900780978CDE9001018210320F8F7C2
:10B61400E7FE68E700EB4000B6EE007A07EB800730
:10B62400D7ED027AD7ED016A67EE877A4CE700EB33
:10B634004000B6EE007A07EB8003D3ED027AD3ED37
:10B64400016A67EE877A3DE71C46CAE72C9C002016
:10B65400A43A01201C9E0020DC300020AC0C012008
:10B66400900D0120F4300020CDCCCCCC0000004360
:10B67400C7CE01200000B44386930020000080421E
:10B684003333333FA7930020A59300202DE9F04FD7
:10B69400924C85B09249204612F032F92678002E59
:10B6A40040F099808F4DDFF8708298F80040002CAC
:10B6B40000F0AB808C4B8D4E01931B78022B00F075
:10B6C4007C8132788A4F1AB139781446994207D06E
:10B6D400FFF7DAFB019B34701B78012B00F06781C4
:10B6E400844E337802932BB100230293FEF70EFDB0
:10B6F400029B3370019B1B783B70794E7E4BDFF8C5
:10B704001C823746D3F80090DFF814A2C3463846AB
:10B714000C3711F0E1FE20B19AF800300BB9CBF8E8
:10B724000090AF420BF1040B0AF8010BEFD1734BFD
:10B734001B781BB3DFF8E4A10027DFF8A4B1584657
:10B744000BF10C0B11F0C8FE7B1C48B16C4A12784B
:10B754002AB1DAF80020A9EB0202282A00D8DFB2C5
:10B76400AB450AF1040AEAD1664B1B78002B40F082
:10B77400E680624A1278BA4240F2D480002C40F04B
:10B78400A280029B002B55D1019B1B78022B57D022
:10B79400002C5AD15C4FA246DFF87081DFF860912B
:10B7A40008E0012839D001340C36013708F10108CA
:10B7B4000C2C4AD0304611F083FE02280546F0D105
:10B7C4003B78002BEFD199F80030002B6FD0E0B21A
:10B7D400FEF720FBE7E7424C04F1900520460C34C9
:10B7E40011F07AFE80F00100AC4206EA0006F5D1C1
:10B7F400002E3FF458AFDFF82081384812F074F877
:10B8040098F80040002C7FF455AF384E3378002B65
:10B814005CD0354B364F01935AE73B7813B187F828
:10B8240000A0C0E799F80030002B46D1E0B2FEF743
:10B83400C7FAB8E7FEF790FD019B1B78022B04D1F1
:10B84400FFF7A0FD029B002BA2D000242F4E304D09
:10B85400304FA14603E0013404350C2C19D016F8FE
:10B86400013BCBB917F8013B002BF4D05FFA84F805
:10B874004046FEF72DFB0028EDD128680AF0E2FED1
:10B884000028E8D101344046F9F7D2FB04350C2CEA
:10B89400E5D105B0BDE8F08F28680AF0D9FE00288C
:10B8A400E0D0E0B206F8019CFEF78AFADAE7E0B2EB
:10B8B40088F80030FEF74EFA75E7E0B2FEF74AFA70
:10B8C40088F800506FE7FFF751FB5AE7064B0193E6
:10B8D4001B78012B77D0064F02E700BF900D0120A3
:10B8E400AC0C01203C0D0120EFCE0120C0CE012084
:10B8F400C3CE0120C1CE0120A43A012004CF0120EF
:10B90400F0CE0120C2CE01202C3601203836012091
:10B91400D08E0020140E0120F2CE0120749D002050
:10B92400A89D00201F46F8B20137FEF773FA0C2FCA
:10B93400F9D10123344A1370344BC3F80090002327
:10B944000394DFF8E0A04446DFF8DCB0A8462F4FAC
:10B954001D46584611F0C0FD80B12D4B1A78DAB15E
:10B964002268396828328A42A9EB010101D395295A
:10B9740017D99AF80020002A18BF15460BF10C0BB2
:10B984000AF1010A0434C345E3D1039C002D7FF47A
:10B99400F5AE1D4A1570F1E63A68A9EB02021D2ABC
:10B9A400E7D84FF0010305468AF80030E6E798F837
:10B9B4000030002B7FF494AE06E03478002C8AD05B
:10B9C4000024144F84E6134F134B1B7802934BB996
:10B9D400124B134E1B7893B93378002B7FF486AE49
:10B9E400012389E60E4E3378002B3FF47FAE3B787B
:10B9F400012B02D00123029378E602937CE633788C
:10BA0400002BF4D1F6E700BFC2CE0120A49D002094
:10BA1400F0CE0120C3CE0120E5CE012011CF0120BC
:10BA2400C1CE01202C360120AC0C0120964B2DE90F
:10BA3400F0411C68E60705D4944D954C2D682560AB
:10BA440001241C60934B1C68E50705D48F4D924C70
:10BA54002D68256001241C60904B1C68E40705D404
:10BA64008A4D8F4C2D68256001241C608B1803447B
:10BA740013F0FF0325D18B4A8B4C8C488C491278E8
:10BA8400237003700B7082B98A4D01248A4E336887
:10BA940028460C35E340DF0704D411F01DFD0028CF
:10BAA40040F096800134162CF1D100238349844C54
:10BAB4008448854A0B70FF21237003701170BDE820
:10BAC400F0817F4C25784DB10026804D26700124ED
:10BAD4007F4E2D7834700DB97E4D2C70DFF8C8C1BF
:10BAE4009CF800409C4240D9DFF8C08198F800607F
:10BAF40016B1002488F80040654C644DD4F800E089
:10BB04002C68A4EB0E043B2CD9D9634C2D6825601A
:10BB14008CF80030704B714C1B782568002B35D0A5
:10BB2400012900F08B80002800F088806C4B002AEB
:10BB340040F0FE80B3F894316A4A013B9BB21D2B5E
:10BB440028BF0B2352F82330AB42236000F09080CF
:10BB54005F4B01221A701EB998F80030002BAED149
:10BB6400534B00221A70BDE8F081484D484E2F68AF
:10BB7400DFF83881376098F8006016D31EB14FF0B3
:10BB8400000E88F800E09C42C2D0BEE7012947D0ED
:10BB9400002845D0002A40F0C980534B534A1978F5
:10BBA400534B002908BF1346CEE714B1012E40F0D1
:10BBB400D980002EA9D03A4C26682C68A41B3B2CB3
:10BBC40040F200810024012688F80040324C9DE7B1
:10BBD4003C4A1378BBB1474B2C4D1968C90700F197
:10BBE400B28029684448016001211960334B1978F7
:10BBF400002900F0C68029680068091A4F297FF6D9
:10BC04005EAF00211970631E3C492F480024A1FB3C
:10BC140003132B4914705B08037001230B704EE768
:10BC240001281ED0E9B1002A40F08F802E4B344AFF
:10BC34001978344B002908BF134685E7012863D0DF
:10BC4400002961D0264B002A40F08180B3F8963158
:10BC5400244A013B9BB21D2B28BF0C2352F82330EE
:10BC640072E7002840F0928011B9002A40F08780E2
:10BC7400002E3FF471AF0E4B1A78002A3FF471AFD7
:10BC8400134A012111706CE7409C0020A43A012062
:10BC940030C60020389C002028C600203C9C002090
:10BCA4002CC60020F5CE0120CBCE0120C9CE012028
:10BCB400CACE012050CA0020700F0120E2CE01201C
:10BCC40009CF012013CF0120A1930020E6CE01204B
:10BCD400D9CE012021CF0120D7CE0120D47200205B
:10BCE400D8720020D4700020D8CE0120B48D00205A
:10BCF400AC8D0020449C002034C60020ABAAAAAA24
:10BD0400D88D0020D08D002000284BD10029AFD140
:10BD1400002AADD0384B394AB3F89831013B9BB275
:10BD24001D2B28BF0D2352F823300DE7344B0BE7AE
:10BD3400B3F89A31314A013B9BB21D2B28BF0E2325
:10BD440052F8233000E72F4850E72F4BFCE6B3F8B6
:10BD54009C312A4A013B9BB21D2B28BF0F2352F86A
:10BD64002330F1E6294C2E682768F61B3B2E34D984
:10BD740001242E6888F80040254C26601DE7254BD9
:10BD8400E2E601212A681970026098E600293FF46E
:10BD94006FAF22BB204B214A1978214B002908BFE1
:10BDA4001346D1E600293FF463AF134BCAB1B3F88D
:10BDB400A031124A013B9BB21D2B28BF112352F81C
:10BDC4002330C1E6174B1A78002A3FF478AE16499F
:10BDD4000120002208701A7071E6002696E6134BC3
:10BDE400B2E6B3F89E31054A013B9BB21D2B28BF36
:10BDF400102352F82330A7E6D8720020D470002014
:10BE0400A48D002034C60020C88D002028C6002040
:10BE14002CC60020B48E0020D8CE0120F88C00203F
:10BE2400108D0020D9CE0120CACE012090700020B0
:10BE3400434B1A68D0072DE9F04705D44149012046
:10BE4400414A096818601160404C01254FF0FF36E3
:10BE5400DFF81CA104F1FC09DFF818813C4FDAF883
:10BE6400003020460C34EB40D9070CD411F034FBDD
:10BE74006B1E40B1A8FB032397F9002043F347034B
:10BE84009A4218BF1E464C4505F10105E7D1314BD6
:10BE94001A68D20705D42B4901202F4A0968186073
:10BEA4001160002E2CDB2D4B00202D4993F900202E
:10BEB4000870B24211D023492A48234A09681E70E7
:10BEC400037811603BB1284B1A78B24203D0274A59
:10BED40001211E701170BDE8F087224A1378002BEF
:10BEE400F1D1184B18491B6809685B1A3B2BF2D92E
:10BEF40001231D481D49137006700B70BDE8F087BF
:10BF0400184BFF2015491A780870002AE3D0144A08
:10BF1400117831B90B4901200F4B09681070196071
:10BF2400D9E708490C4809680068091A4F29D2D989
:10BF340000210E480124117019700470CBE700BF72
:10BF4400149C0020A43A0120B49D002050CA002073
:10BF5400A1930020189C0020B89D002097930020F6
:10BF6400C4CE012013CF012016CF0120D9CE012049
:10BF7400700F0120ABAAAAAA2DE9F047364F82B070
:10BF8400397800294DD0354B1B78002B13BF8A46D6
:10BF94004FF0000A89464FF00009314D314A324BC7
:10BFA40005F1040812782C46304E1A70601B09EA19
:10BFB40001013278C0B2FBF769FE04F8010BA04519
:10BFC40001D03978F2E72A4B1B7863B13B7883F0D0
:10BFD40001035AEA03042CD001A93078FCF796FE39
:10BFE40008B1019B2B60BAF1000F1ED1DFF88880E5
:10BFF4000424FDF74DF8E0B2013432783978FBF7C8
:10C0040045FE072C08F8010FF5D11A4B2C786878F7
:10C01400A978EA781C8058809980DA8002B0BDE85B
:10C02400F0878A464FF00109B7E73078FCF7CEFF76
:10C03400DCE7DFF8488008F1100958F8040B0AF02F
:10C0440001FB002818BF0446C145F6D1002CCAD014
:10C0540001A8FCF7C7FCC3E7DECE012017CF0120FF
:10C06400ECD2002003CF012015CF0120DDCE01202A
:10C0740036CF0120202E0120EFD20020487100206D
:10C084001D4A1E49107809781D4A38B51D4B1E4CAF
:10C094001870B4F900301170002B24DAFFF76CFF2C
:10C0A40014211A4817F0CCF9194813F0D9FB194B8D
:10C0B4001B787BB9184B1B7863B9184B1C784CB9A7
:10C0C400174DE0B2013415F8011BFAF775F9042C89
:10C0D400F7D138BD124A134B92E803000A0C1860DA
:10C0E40099809A7138BDFBF777FC0028D6D14FF6BA
:10C0F400FF732380D2E700BF12CF012013CF0120AA
:10C10400DECE0120DDCE012088930020A82F002060
:10C11400E06600200FCF012021CF0120B993002039
:10C12400ECD20020E4D2002070B5094D0024094E61
:10C13400FFF722FF55F8040B0AF084FA18B901340A
:10C14400042CF7D170BD315DE0B2FAF735F9F6E7AA
:10C1540048710020ECD20020334B4FF6FF72334875
:10C164002DE9F04383B01A8013F0B6FA304813F087
:10C17400B3FA304813F0B0FA2F4813F0ADFA2F4D4C
:10C184004FF0E02340222E4E00242E4FDFF8C890BB
:10C19400DFF8C880C3F8882172B655F8040B0AF09A
:10C1A40057FA48BB55F8040C0AF04CFA08B13B5D49
:10C1B40013B362B616F8011B234B244A89B11878CD
:10C1C400A31CDFF89CC0127850B3DBB22048009364
:10C1D4000023007801900120F8F702F9002306F803
:10C1E400013C0134042CD7D14FF0E0234022C3F8A2
:10C1F400082103B0BDE8F08359F824000AF012FACC
:10C2040058F824000AF00EFA55F8040C0AF00AFA59
:10C21400104B53F824000AF005FA01233B55C8E7F4
:10C224009CF80030D2E700BF88930020188E0020CD
:10C23400208E0020288E0020308E0020487100209F
:10C24400A4CB0020CC72002001CF01209F930020BA
:10C25400E1CE0120587100208C7200207C720020F5
:10C264009A9300202DE9F04F2E4F85B02E4E0024D6
:10C274002E4DDFF8D490DFF8D480DFF8D4B0DFF8A7
:10C28400D4A057F8042BD9F800309B1AB8F8002032
:10C294009A4207D3013401360435042CF1D105B098
:10C2A400BDE8F08F72B628680AF0D2F960B3204B6B
:10C2B400204A039352F824000AF0B4F91E4A52F8B3
:10C2C40024000AF0AFF928680AF0ACF91B4A52F8C6
:10C2D40024000AF0A7F90122039B1A5562B63178AB
:10C2E4000029D7D09AF800309BF80020B3B9144B3A
:10C2F4001B7800930120134B1B7801930023F8F75C
:10C304006FF800233370C5E728680AF09BF900280A
:10C31400E4D0074B1A5D002ACAD0DFE7A31CDBB2C6
:10C32400E7E700BF1C1A0120A4CB002048710020BD
:10C33400CC7200208C7200207C7200205871002086
:10C344009A930020E1CE0120A43A0120909300208A
:10C354009F93002001CF01202DE9F041204F84B0AC
:10C3640000264FF001081F4D07F1FC040396CDE9A8
:10C37400016638460C3711F0AFF8A5FB08320643C6
:10C3840022F00103F6B203EB520348B104AAA8EB6E
:10C39400030302EB830353F80C2C013243F80C2CF7
:10C3A400A74208F10108E4D1019B022B02DC029BA5
:10C3B400022B09DD0C49FF200C4B012208701A7076
:10C3C40036B104B0BDE8F081039B022BF8DDF1E740
:10C3D400064B1E7004B0BDE8F041FFF7BDBE00BFC0
:10C3E40050CA0020ABAAAAAAA1930020F5CE01202E
:10C3F400F0B594488DB011F063F8022804467ED05D
:10C40400012801D00DB0F0BD8F4B904A1B68126813
:10C414009B1AB3F5487FF5D920218D4C8D48002611
:10C4240017F00EF88C4813F01BFA23788B4A314628
:10C4340083F001030C201670237014F0B5FB2478EC
:10C44400002C00F0E980864B1621864D86481E702C
:10C4540016F0F6FF804813F003FAFE2128682971CC
:10C46400A0B1824B824A034482481B11D1541378F1
:10C4740051788B4228BF0B469178D2788B4228BFE3
:10C484000B46934228BF134680F87A307A4B7B4997
:10C494001B687B4A7B488B420092029000F2CF805B
:10C4A40003EB4303DC00013C102C40F2C88002AED5
:10C4B40008A806923146F7F735F9224606A96948D5
:10C4C40013F088F8069B08A8DB689847009BDB6894
:10C4D400304698476C4B694A01201B686B4993426C
:10C4E400087008D803EB4303DB00013B102B02D98F
:10C4F4002A6802B11360664B01221A7082E7544B1A
:10C504001B787BB1504D514E2B6832689B1A642BBB
:10C5140004D92B689B1AB3F5FA6F1CD32B683360CC
:10C524000DB0F0BD0E215B4816F08AFF4A4813F0A7
:10C5340097F94A4A0C20137883F00103C3EB0321D3
:10C54400137014F031FB544B93F90030013370D065
:10C554003D4D3E4EE2E72B68B1EE044B4F4FB1EE3A
:10C56400085B9A1A4EF6602397ED006A15214C4831
:10C57400B7EEC66AB3FBF2F307EE103AB8EEC77B28
:10C58400A6EE047B87EE056BB7EEC66B87ED006AFB
:10C5940016F056FF97ED000A21462F48B7EEC00A61
:10C5A40013F09EF92C4813F05BF93E4B9FED3E7A55
:10C5B40093ED006AD7ED006A26EE076ADFED3B7A59
:10C5C40076EEA66A324B304A1C7887EEA67A2B495F
:10C5D4002948C6EE267AFCEEE77A17EE903AC2EDC9
:10C5E400007AF8EE677A77EE677AFCEEE77A17EE70
:10C5F400902AC0ED007A002C08BF13468B428DD8D8
:10C6040003EB4303DB00013B102B87D9154A126867
:10C61400002A83D0136081E71621254816F010FF05
:10C624000D4813F01DF90F4813F056F8174B1C7002
:10C63400E8E6204B0122044D044E1A706EE71E4BAF
:10C6440002AE45E7400F0120A43A0120FC3101204D
:10C654000FCF0120542F0020E0660020E6CE0120F9
:10C664000ECF01205C8E0020782F002000BFF7BF82
:10C67400C46A002000E400E0F8310120AAAAAA0A52
:10C68400084800200D3F0000840F012010CF012036
:10C69400A29300202C2F0020A1930020588E00206C
:10C6A4003C2F0020C48E0020C0E1644CC0E1E44C67
:10C6B400902F002021CF012045050000000000003C
:10C6C40010B537482DED028B82B010F0F9FE012829
:10C6D40055D0022806D0334C2378EBB902B0BDEC18
:10C6E400028B10BD304BF7EE007A30491B78304A8C
:10C6F400002B91ED001ADFED2F0A4FF00003294CB7
:10C7040037EEC11A92ED000A47FEA00A2370F8F72B
:10C71400B7FD2378002BE1D0234BF7EE007A264CAB
:10C724001B78234A002BDFED230A94ED000A47FE11
:10C73400A00A92ED008ACDED010A20F0C1FBB7EE0C
:10C74400C07ADDED010AB0EE480A9FED0F6B9FED54
:10C75400101BA7EE061BB7EEC11BF8F791FD94ED75
:10C76400007A9FED0D6BB7EEC77A37EE067BB7EE16
:10C77400C77B84ED007A02B0BDEC028B10BD094B7F
:10C784001870C9E7AFF300809A9999999999D93F9C
:10C79400333333333333E33F7B14AE47E17A743FAF
:10C7A400D09B0020FDCE0120FACE0120800F012075
:10C7B400F4C900206666E63ED07200202DE9F047F9
:10C7C400794D8CB0794C2B7823B923782BB1784BE5
:10C7D4001B7813B1774B1B7823B1002323700CB063
:10C7E400BDE8F0871621744816F02AFE734813F04A
:10C7F40037F8734AFD20734902F1200C724F734ECF
:10C804001368083202F8040CA3B13B441B11C8544A
:10C814000B7891F801E0734528BF734691F802E064
:10C82400734528BF734691F803E0734528BF7346E8
:10C8340086F87A309445E3D1654F4FF47A726549AE
:10C844003B68009102FB03F3634A0A33934200F20C
:10C85400A98003EB4302D200013A102A40F2A280DD
:10C86400069106A9564812F0B5FE069B08A8DB6897
:10C874009847009BDB68DFF8809102A898473868E6
:10C88400D9F80030DFF8748103F10A0A4FF47A739F
:10C8940003FB00F6514BD8F800005644009313F004
:10C8A400F7F94D4B3044984214D800EB4000C600D1
:10C8B400013E102E0ED9009B02A908A806935B68BE
:10C8C4009847324606A9464812F084FE069B08A8FB
:10C8D400DB689847009B02A8DB689847D9F80030CA
:10C8E40038685B0003F10A0A4FF47A7303FB00F61D
:10C8F4003C4BD8F800005644009313F0C9F9364B6A
:10C904003044984214D800EB4000C600013E102E7B
:10C914000ED9009B02A908A806935B689847324683
:10C9240006A9314812F056FE069B08A8DB68984712
:10C93400009B02A8DB689847D9F800303E6803EBF7
:10C944004303D8F8000003F10A074FF47A7303FB9A
:10C9540006F6264B3E44009313F09AF91E4B3044DE
:10C96400984214D800EB4000C600013E102E0ED9A8
:10C97400009B02A908A806935B689847324606A95B
:10C984001B4812F027FE069B08A8DB689847009B0B
:10C9940002A8DB68984700232B70002323700CB097
:10C9A400BDE8F087134B66E721CF0120D9CE0120E3
:10C9B400B99300200FCF0120C02F0020E066002093
:10C9C400188E0020C46A002000BFF7BF00E400E016
:10C9D400A0CB002058480020AAAAAA0A2848002070
:10C9E400208E002038480020288E0020484800204F
:10C9F400308E002059050000908D0020508E0020BC
:10CA04000C282DE9F04F8DB000F23C83074600EB73
:10CA14004003C74807EB8303C64AC749C65CC748F7
:10CA2400935D06EBC602805D34468D5DC6EBC601A0
:10CA3400019306EB4603029006EB4202C048C3EBA7
:10CA4400C3030FFA85FA009500EB0108BD4800EB1B
:10CA5400030EBD4B03EBC10CBC4B03EBC2032A46D4
:10CA640007EE903AEB000393B94BC4EBC404D8F837
:10CA740000001D78DFF8889302FB05F5DFF884B326
:10CA8400DEF804100635DEF80820DEF80C30C9F8AC
:10CA94000000ABFB055BDEF80000AE4D4FEADB0B9C
:10CAA4000FC5AD4A01991770AC4A9EF81430167040
:10CAB400AB4A2B7111700299AA4AB8F8043011706C
:10CAC400A94AA9F8043082F800B098F80630A74AB9
:10CAD4000399A2F800A089F80630A54AA54B118055
:10CAE4001A78DEF810000192009A28601A70002368
:10CAF400A14E0293A14BDFF810A35A1EDFF80C934A
:10CB04009F4F0392DFF808B3DFF80883BCE80F00F7
:10CB14000FC6BCE80F000FC6BCE80F000FC69CE8A8
:10CB24000300982286E80300964E17EE901A964862
:10CB340013F00AFF3059954B3519CAF8000094498F
:10CB44001A191859934E944BC9F8000008592144F6
:10CB5400DFF8C4E2306018590492CEF800001819C6
:10CB64008E4ADFF8B8C205908D4B10592244CCF898
:10CB74000000185923443860A888AAF80400A8794A
:10CB8400049D8AF80600A888A9F80400A87989F801
:10CB9400060088888979B0800598B1718188814EB2
:10CBA400AEF8041081793519DFF874928EF8061006
:10CBB400918892793059ACF804108CF806207A499F
:10CBC4009A887A4E9B79BA80C9F80000784A085945
:10CBD4002144DFF850E2BB713060764B1059224497
:10CBE400DFF844C2CEF8000018592344724FCCF841
:10CBF4000000724800EB040A00593860A888A9F8BC
:10CC04000400A87989F8060088888979B080B17110
:10CC140091889279AEF804108EF806209A88684EAE
:10CC2400ACF804209B79BAF804109AF806208CF822
:10CC34000630644BDFF8F4C118591D19B980BA7174
:10CC4400614FDFF8ECA1CCF8000038592744DFF835
:10CC5400E491CAF800005D49305926445C4BC9F898
:10CC640000005C4A08592144DFF8CCE118601059EF
:10CC74002244CEF80000A888ACF80400A8798CF807
:10CC84000600B888DFF8B4C1AAF80400B879524F96
:10CC94008AF80600B088A9F80400B0794F4E89F8E4
:10CCA40006008888897998809971918892794C4B8B
:10CCB4008EF806204B4A1D46AEF80410105902EBBC
:10CCC4000409494A1860DFF878E102EB040A1059B4
:10CCD400464BCEF800001A1918594549454BCCF873
:10CCE4000000049208592144434A18601059224410
:10CCF4003860301905903059404E3060B9F804005E
:10CD0400A88099F80600DFF83C91A871BAF80400ED
:10CD1400049DAEF804009AF80600DFF82CA18EF802
:10CD24000600A888DFF824E1ACF80400A8798FE0B5
:10CD3400683C00205C41002060410020F831002064
:10CD4400BC320020143D00206C3B00208C3E0020AF
:10CD54001FCF01209C8E00201BCF0120EACE012092
:10CD6400BC930020B893002020CF01208C93002096
:10CD74008A93002096930020648E0020ECD2002039
:10CD8400A48D002024410020B871002040410020DF
:10CD940034320020AC8D002050320020703100204D
:10CDA40060330020DC310020F43200201C9000208D
:10CDB40010330020D0330020BC8D00207C330020B1
:10CDC400FC310020B4330020443300209833002089
:10CDD400C88D0020EC400020FC8F0020D8320020B9
:10CDE400F88C002008410020C0310020543100207C
:10CDF40040340020208D0020183200200C900020A8
:10CE0400C8700020ABAAAAAAB48D0020D88D002037
:10CE1400DDCE0120DECE0120D08D0020B48E002096
:10CE2400188D002024900020BC8E0020E08D00206E
:10CE340088700020C88E002090700020E88D0020AB
:10CE4400108D0020288D002068930020448E00203F
:10CE5400994D8CF806008888DFF8B4C298808979E7
:10CE6400997193880599BB8093798A88BB718B7972
:10CE7400924FB28038592744B371914E914B286038
:10CE840030591A1990492644CAF8000018590492D6
:10CE94008E4B8F4AC9F80000085921441860105974
:10CEA4002244CEF80000B888A880B879A871B08868
:10CEB400049DAAF80400B0798AF80600A888A9F8A5
:10CEC4000400A87989F8060088888979988099717E
:10CED40091889279AEF804108EF806207D4A7E4B34
:10CEE400105911197D4ACCF8000088888979ACF86A
:10CEF4000400185923448CF8061099889B79106013
:10CF04009371774B918093E80300764BADF8201032
:10CF1400090C07908DF8221093E8070009AB83E809
:10CF24000700DDE90254E8B201359BF8002098F8C7
:10CF34000010FAF7ABFE072D04F8010FF3D168498E
:10CF4400694B0A78694C1A804A7804F10C05654EDD
:10CF54005A808A789A80CA78DA8014F8010B9BF890
:10CF6400002098F80010FCF791FDAC4206F8010B84
:10CF7400F3D172B65E485F4CC51D10F8017F0DF108
:10CF84001B02002312F8011FB94258D00133072BAA
:10CF9400F8D166780DF11B020023077012F8011F07
:10CFA400B14245D00133072BF8D1A84204F8016FF0
:10CFB400E3D162B6504C0026504D72B654F8040BBF
:10CFC40009F040FB002843D162B60136042EF4D1A7
:10CFD4004B4C00264B4DDDE9008702E001360C2E58
:10CFE40018D054F8040B09F02DFB0028F6D035F8BE
:10CFF400161009AA002312F8010B884222D001332B
:10D004000C2BF8D14745E9D1F0B2FAF761F90136B2
:10D014000C2EE6D13C4C2378002B49D0FFF730F896
:10D024002378002B44D00DB0BDE8F04FFCF782BF4D
:10D034002B4AA842D65C04F8016F9ED1B9E7284A6E
:10D04400D75CA6E7274AF0B2D15CFAF741F9DEE7EC
:10D0540035F816100DF11B02002312F8010F884257
:10D064000AD00133072BF8D1DDE900239342ABD179
:10D07400F0B2F9F7A1F9A7E7194AF0B2D15CF9F7D0
:10D084009BF9A1E7214B4FF00C0A0024DFF884C080
:10D0940007EE903A6023DFF880E0524603930123C1
:10D0A400DFF87880264627460293CDE900A3DBE427
:10D0B4000DB0BDE8F08F00BF049000204C3C002070
:10D0C4002C3A00206C3A0020503B0020F08D0020C8
:10D0D4005C340020883A0020683D00201490002031
:10D0E400ECD20020F4D20020202E0120848D0020D8
:10D0F400E3D20020AB31012048710020B8CB0020DE
:10D10400D08E0020EC0E0120D9CE01208C3E0020D0
:10D11400948D00206C3B0020143D0020BC32002084
:10D1240038B5154D0446B5F90000A0420CD083B2C1
:10D13400A3F11502C62A08D9A3F1EC02132A04D9D3
:10D144000E4B01222C801A7038BDA3F1F902022A79
:10D15400F6D9F428F4D0D13B032BF1D9A0F1C803BC
:10D16400012BEDD9064B33F9101000F00DF8034BE9
:10D1740001222C801A70E7E7A6CE0120AF9300208D
:10D18400D87200200000000002382DE9F04383B07B
:10D19400F92800F23581DFE810F0800F400F3B0FD3
:10D1A400360F2D0F270F33013301EE0EE80EE40E78
:10D1B400DE0ED60ECC0EC40EBA0E33013301A40E0D
:10D1C4009D0E0F100B10430E220EE60FC00FFF0D25
:10D1D400470DF90CF20CD20CCB0CC70CBE0CAC0CEA
:10D1E400A80C80117C11601137111511B1108A102F
:10D1F4006310DB11B3118811841134120412431229
:10D20400760E7A1351132A13FF123A1033101610A4
:10D21400FA00F812DB12B9126A12C313A1133D0CFF
:10D224001B0CC3175A1779173C171A17F616C5168D
:10D234009716A018E51763153F151B15F714D3149B
:10D244002F14E819D919F518CD183F161B16F71520
:10D25400CD157B185D18B71939186A195419840C3F
:10D264005B0C7E1A571A2D1A291ACD1BC61B8E1653
:10D274006316C01BBC1B9C189818A61B9A1BAA1BE0
:10D28400E113931B591B4B1922193C1B2D1BA4158D
:10D2940087151E1BF51A1C180D18C91AA51AF70BA9
:10D2A400D30B780870089C080E071F08C7074708A7
:10D2B40012059106890677064706E606BE064C0364
:10D2C4002403C4049A047D042D04F303CB03AC03A8
:10D2D4009E03B80779076D055E056A074807DA02F9
:10D2E400B3020B0BF708CF08A408310A090A610B33
:10D2F400EB04F105BA05780A8D05750951093D0B52
:10D304000103890BA60AD41BCA0A3607A7099D097B
:10D31400330B73034D092009500A3A0545022202D2
:10D32400FF01F801F5013301330133013301330106
:10D334003301330133013301330133013301330149
:10D34400EE01E801E201DC01330133013301D901CB
:10D35400D601D301D001CD01CA01C701C401C10165
:10D36400BE01BB01B801B501B201AF01AC01990125
:10D3740093018901830177017001650162015C01F8
:10D384005601530150014D0145013F01360107EE9D
:10D39400901A9FEDB75BB8EEE74B9FEDB77B84EE39
:10D3A400056B36EE077BB7EEC77BB5EEC07AF1EEC0
:10D3B40010FA03F1A284F7EE007AB4EEE77AF1EE04
:10D3C40010FA43F38E864FF48033B7EE007BAC4AF9
:10D3D400FFEE005A536237EE467BB7EEC77BB4EEDE
:10D3E400E57AF1EE10FA03F18584F7EE007AB4EEF3
:10D3F400E77AF1EE10FA43F3698647F6FF739386F2
:10D4040003B0BDE8F0830A299E4BA8BF0A21032973
:10D41400B8BF03211970F3E79B4801229B4B01809D
:10D424001A70EDE781F3080108B203B0BDE8F043D8
:10D43400FFF776BE964B1970E2E7964B1970DFE75B
:10D44400954B1970DCE70039944B18BF0121197012
:10D45400D6E7084603B0BDE8F043F8F771B8904B3F
:10D464001970CDE7CAB28F498F4B904809781A706A
:10D4740003B0BDE8F04310F019BAC9B28A4A894B27
:10D484008A4812781970F3E707EE901A884BF8EE81
:10D49400E77AC3ED007A03B0BDE8F043F8F7C0B80B
:10D4A40007EE901A834BF8EEE77AF2E700398248E8
:10D4B400824B4FF0010218BF01211A7001709FE7DF
:10D4C400C8B203B0BDE8F043FFF79ABA7C4B00261C
:10D4D4007C4F7D4D7D4C1980FBF738FFF0B201364F
:10D4E4002A782178FCF7D2FA0C2E07F8010BF5D133
:10D4F40086E7774BD97383E7754B997380E7744B51
:10D5040059737DE7724B19737AE7714BD97277E7D8
:10D514006F4B997274E76E4B597271E76C4B1972C9
:10D524006EE76B4BD9716BE7694B997168E7684B90
:10D53400597165E7664B197162E7654BD9705FE70E
:10D54400634B99705CE7624B597059E7604B1970F3
:10D5540056E700395F4B18BF0121197050E70039B5
:10D564005D4B18BF012119704AE701295B4BB8BF15
:10D574000121198044E711B10229B8BF0221584B97
:10D5840019703DE7574B19603AE7574B197003B0D0
:10D59400BDE8F043FEF7C8BD07EE901ADFED535A1D
:10D5A400B8EEE77B9FED324B87EE046BB7EEC66BAC
:10D5B400B4EEE56AF1EE10FA03F3B182DFED4C7AD2
:10D5C400B4EEE76AF1EE10FA03F10785F0EE467A5D
:10D5D400FEEEC87A17EE903A464A936110E707EEDA
:10D5E400901ADFED426AB8EEE74B9FED215B84EEC3
:10D5F400057BB7EEC77BB4EEE67AF1EE10FA03F3DF
:10D604009182DFED3B7AB4EEE77AF1EE10FA03F1A2
:10D61400E784F0EE477AFEEEC87A17EE903A364A7F
:10D624001362EDE607EE901ADFED306AB8EEE74BD1
:10D634009FED0F5B84EE057BB7EEC77BB4EEE67A15
:10D64400F1EE10FA03F38E82DFED297AB4EEE77A75
:10D65400F1EE10FA03F14F84F0EE477AFEEEC87A49
:10D6640017EE903A244AD361CAE600BFAFF30080B4
:10D6740000000000000059407B14AE47E17A843F6B
:10D684008C360120AE930020A8CE0120AF93002059
:10D6940006CF012007CF012008CF0120F2CE0120C0
:10D6A400EFCE0120F4CE0120F1CE0120900D012017
:10D6B400088D00200C8D0020FBCE0120FCCE012023
:10D6C4008E930020F4D2002012CF012013CF01202A
:10D6D400B4310120F0CE0120EECE0120929300203F
:10D6E40004CF0120A80C01209B93002000FEFF46DC
:10D6F40000FEFFC668CC0020FCCE002066663042E7
:10D7040007EE901A5FED036ACD4B4FF6FF75B8EE46
:10D71400E77ADFEDCC7AD3E90040B4EEE77AD3E9D7
:10D724000212F1EE10FA58BFF0EE477A67EEA67ACD
:10D73400FCEEE77A17EE903A0733DB08AB4228BFDA
:10D744002B469BB2A38583858B85938558E607EE8C
:10D75400901ABB4ADFEDBC6A4FF6FF75B8EEE77A64
:10D7640002F110000126B5EEC07A52F8041BF1EE66
:10D7740010FA03F1F88067EE267AFCEEE77A17EEEA
:10D78400903A0733DB08AB421C4628BF2C464C8535
:10D79400002B03F0E8809042E5D131E607EE901AC1
:10D7A400DFEDAA6AB8EEE74B9FEDA15B84EE057B43
:10D7B400B7EEC77BB4EEE67AF1EE10FA03F3E0813C
:10D7C400DFEDA37AB4EEE77AF1EE10FA03F11584F3
:10D7D400F0EE477AFEEEC87A17EE903A9D4A53620D
:10D7E4000EE607EE901A9C4BF7EE006AB8EEE74B94
:10D7F40003F110009FED8E5B84EE057BB7EEC77BD3
:10D80400B5EEC07A53F8041B0022F1EE10FA0CD4E2
:10D81400B4EEE67A4FF08042F1EE10FA05DCF0EE59
:10D82400477AFEEEC17A17EE902A83420A63E7D163
:10D83400E6E507EE901A884ADFED836A4FF6FF7536
:10D84400B8EEE77A02F110000126B5EEC07A52F87C
:10D85400041BF1EE10FA03F1928067EE267AFCEED7
:10D86400E77A17EE903A0733DB08AB421C4628BF31
:10D874002C46CC85002B03F082808242E5D1BFE5A3
:10D8840007EE901A754BDFED765AB8EEE74B9FED35
:10D89400755A7549754A9FED667B84EE076B93ED67
:10D8A400007A734B37EE077AC5EE077AB7EEC66B8C
:10D8B40066EE255A81ED006AC5EE876ABCEEE67A0B
:10D8C400F8EE476A82ED007A77EEE67AFCEEE77AC4
:10D8D400C3ED007A94E507EE901A664BB8EEE75B69
:10D8E4009FED536B85EE067BB7EEC77B83ED007A25
:10D8F40086E50B29604E4FF00405604CA8BF0B2150
:10D904004FF0000806F1380921EAE177E357C6F839
:10D9140020800B2BA3F10902738603F075800C2B76
:10D9240003F0C780012A43F2BE80013DEED167E5D2
:10D9340007EE901A524BDFED536AB8EEE74B03F152
:10D9440010009FED3B5B84EE057BB7EEC77BB5EE25
:10D95400C07A53F8041B0022F1EE10FA0CD4B4EE92
:10D96400E67A46F6FF72F1EE10FA05DCF0EE477A3D
:10D97400FEEECA7A17EE902A98420A62E7D13FE592
:10D9840007EE901A9FED2A5BB8EEE74B9FED2A7BDA
:10D9940084EE056B36EE077BB7EEC77BB5EEC07A37
:10D9A400F1EE10FA03F18581F7EE007AB4EEE77A2E
:10D9B400F1EE10FA43F36A834FF48033B7EE007B41
:10D9C400314AFFEE005A536237EE467BB7EEC77B0F
:10D9D400B4EEE57AF1EE10FA03F16881F7EE007A1D
:10D9E400B4EEE77AF1EE10FA43F3458347F6FF739A
:10D9F400938605E507EE901A9FED0D6BB8EEE75B95
:10DA040085EE067BB7EEC77BB5EEC07AF1EE10FA71
:10DA140003F1EE81DFED1D7AB4EEE77AF1EE10FA50
:10DA240043F32882184A1A4BD361E9E4AFF3008028
:10DA340000000000000059407B14AE47E17A843FA7
:10DA44008C720020000000006666304200FEFF4633
:10DA540000FEFFC6F8C9002058710020588E00202F
:10DA6400C0E1644CC0E1E44CC48E0020840F01206A
:10DA7400F8310120A8CB00209CCF00207493002013
:10DA8400AC7200202EFFDF40C0CC00200044AC4626
:10DA94000000FE7F0B29D24AD248A8BF0B210023E5
:10DAA40021EAE171036253560B2B438602F0B287DD
:10DAB4000C2B03F00580A3F10902012A3FF6A0AC68
:10DAC400C169383003B0BDE8F0430AF0DDBA07EEAF
:10DAD400901ADFEDC56A4FF6FF71C44AB8EEE77AD3
:10DAE400DFEDC37A012502F11004B4EEE77AF1EE1A
:10DAF40010FA58BFF0EE477A67EEA67AFCEEE77AA2
:10DB040017EE903A0733DB088B4228BF0B469BB2D3
:10DB140052F8041B888ECB8600B98D869442F7D1C7
:10DB24006EE407EE901AB14ADFEDAF6A4FF6FF7567
:10DB3400B8EEE77A02F110000126B5EEC07A52F889
:10DB4400041BF1EE10FA02F1FF8667EE267AFCEE72
:10DB5400E77A17EE903A0733DB08AB421C4628BF3E
:10DB64002C468C86002B02F0EF869042E5D147E4E8
:10DB740007EE901A9F4ADFED9C6A4FF6FF75B8EEE8
:10DB8400E77A02F110000126B5EEC07A52F8041BC0
:10DB9400F1EE10FA02F1E18667EE267AFCEEE77AFE
:10DBA40017EE903A0733DB08AB421C4628BF2C46DD
:10DBB400CC85002B02F0D1869042E5D120E407EE1B
:10DBC400901A8D4ADFED886A4FF6FF75B8EEE77A52
:10DBD40002F110000126B5EEC07A52F8041BF1EEF2
:10DBE40010FA02F1C98667EE267AFCEEE77A17EEA0
:10DBF400903A0733DB08AB421C4628BF2C468C8680
:10DC0400002B02F0B9869042E5D1FFF7F9BB07EE8D
:10DC1400901ADFED7A6AB8EEE74B9FED6F5B84EE06
:10DC2400057BB7EEC77BB4EEE67AF1EE10FA02F3A9
:10DC34009C87DFED737AB4EEE77AF1EE10FA03F124
:10DC44003F81F0EE477AFEEEC87A17EE903A6D4ABD
:10DC54009361FFF7D5BB07EE901A6B4BB8EEE75B09
:10DC64009FED5D6B85EE067BB7EEC77B83ED007A97
:10DC7400FFF7C6BB0B29654E4FF00405584CA8BFEF
:10DC84000B214FF0000806F1380921EAE177E35748
:10DC9400C6F820800B2BA3F10902738602F0AE862E
:10DCA4000C2B02F01687012A42F21A87013DEED1AD
:10DCB400FFF7A6BB07EE901AB3EE047AF8EEE77A04
:10DCC400F4EEC77AF1EE10FA02F156879FED507A1E
:10DCD400F4EEC77AF1EE10FA03F38B819FED4D7ADF
:10DCE40067EE877AB0EE677AB0EE670ABEEEE07A46
:10DCF40017EE104A1FF0E4F8F0EE407AFEEEE07AF8
:10DD040017EE902A444BC3E90642FFF779BB07EEAE
:10DD1400901AB5EE005B414BB8EEE73BDFED376A96
:10DD24003F4C03F110069FED366A3E4D9FED2A4BA2
:10DD340083EE047B27EE057BB7EEC77BB4EEE67A71
:10DD440053F8042B21462046F1EE10FA10DCB4EE11
:10DD5400C67A29462846F1EE10FA09D4F0EE477A3D
:10DD640048BF2846FEEEC87A17EE901A58BF0846F8
:10DD7400B342C2E90610E1D1FFF742BB07EE901AA5
:10DD8400DFED196A4FF6FF711A4AB8EEE77ADFED54
:10DD9400187A012502F11004B4EEE77AF1EE10FAD4
:10DDA40058BFF0EE477A67EEA67AFCEEE77A17EEF4
:10DDB400903A0733DB088B4228BF0B469BB252F8DC
:10DDC400041B888ECB8600B98D86A242F7D1FFF75B
:10DDD40017BB00BFAFF300800000000000005940F3
:10DDE40074930020C0CC0020666630425871002035
:10DDF400000000007C7200204871002000FEFF46F5
:10DE040000FEFFC6FCCE0020B0CB002054D1002081
:10DE140000D08946936515384C0701209C72002078
:10DE24000000FF7F0000018007EE901AD64BB1EE90
:10DE3400046ADFEDD66AB8EEE74B03F11004F7EE9F
:10DE4400003AD348D34D9FEDCC5B84EE057BB7EE0F
:10DE5400C77BB4EEE67A53F8041B0246F1EE10FADF
:10DE64000DD4B4EEC67A2A46F1EE10FA07DCC3EEFE
:10DE7400877AF0EE675AFEEEC15A15EE902AA34255
:10DE84004A62E6D1FFF7BCBA07EE901AC24BB8EE6D
:10DE9400E75B9FEDB96B85EE067BB7EEC77B83ED41
:10DEA400007A03B0BDE8F043F8F70CBA07EE901A15
:10DEB400BA4BF8EEE77AC3ED007AF2E707EE101AF0
:10DEC400DFEDB77ADFEDC36A4FF6FF70B8EEC77ABD
:10DED400B44A012602F11005B4EEE77AF1EE10FA25
:10DEE40058BFF0EE477A67EEA67AFCEEE77A17EEB3
:10DEF400903A0733DB08834228BF03469BB252F8AB
:10DF0400040B848EC38604B98686AA42F7D1A64B35
:10DF14001960FFF775BA07EE901ADFEDAE6AA34BEE
:10DF24004FF6FF75B8EEE77ADFED9D7AD3E900404E
:10DF3400B4EEE77AD3E90212F1EE10FA58BFF0EE2C
:10DF4400477A67EEA67AFCEEE77A17EE903A073343
:10DF5400DB08AB4228BF2B469BB2A38583858B8508
:10DF64009385FFF74DBA07EE901A904ADFED996A50
:10DF74004FF6FF75B8EEE77A02F110000126B5EE10
:10DF8400C07A52F8041BF1EE10FA02F1EF8467EE46
:10DF9400267AFCEEE77A17EE903A0733DB08AB42B9
:10DFA4001C4628BF2C464C85002B02F0DF8490428F
:10DFB400E5D1FFF725BA07EE901A7A4ADFED856AB4
:10DFC4004FF6FF75B8EEE77A02F110000126B5EEC0
:10DFD400C07A52F8041BF1EE10FA02F1B88467EE2D
:10DFE400267AFCEEE77A17EE903A0733DB08AB4269
:10DFF4001C4628BF2C464C85002B02F0A884824284
:10E00400E5D1FFF7FDB907EE901A694BF8EEE77A10
:10E01400C3ED007AF8F700F940F201126549664849
:10E0240003B0BDE8F04308F0A7BB07EE901A9FEDDC
:10E03400525BB8EEE74B9FED526B84EE057B37EEF7
:10E04400067BB7EEC77BB5EEC07AF1EE10FA02F1AB
:10E054002A86F7EE007AB4EEE77AF1EE10FA43F38B
:10E0640002804FF48033554A5362FFF7C9B907EE73
:10E07400901A534BB8EEE75B9FED3F6B85EE067B42
:10E08400B7EEC77B83ED007AFFF7BAB907EE901AB3
:10E09400F7EE005ABFEE005A0423B8EEE72B4948C6
:10E0A400B7EE007B9FED343B9FED356B82EE034B67
:10E0B400DFED453A34EE066B37EE447BB7EEC66BC4
:10E0C400B7EEC77BB5EEC06AF1EE10FA02F17E84BA
:10E0D400B4EEE56AF1EE10FA42F37F844FF4803136
:10E0E400B4EEC57AF1EE10FA02F16D84B4EEE57A7D
:10E0F400F1EE10FA42F3798447F6FF72013BE1D165
:10E10400324B59629A86FFF77BB907EE901A304B6F
:10E11400B8EEE75B9FED186B85EE067BB7EEC77B29
:10E1240083ED007AFFF76CB907EE901A1D4ADFED14
:10E13400296A4FF6FF75B8EEE77A02F1100001265E
:10E14400B5EEC07A52F8041BF1EE10FA02F1028423
:10E1540067EE267AFCEEE77A17EE903A0733DB088F
:10E16400AB421C4628BF2C46CC85002B02F0F28320
:10E174009042E5D1FFF744B9000000000000594087
:10E184007B14AE47E17A843FAC7200203333333FD3
:10E1940000B76D5BD0CCCC0C34CA002030CA002050
:10E1A4000000000048710020A0CB0020587100201E
:10E1B40080930020D88C01200CCC002054D1002066
:10E1C400B4CB00200180FFFF00FEFF469CCF00205F
:10E1D400ACCB00206666304207EE901A5FED036A0E
:10E1E400DB4B4FF6FF75B8EEE77ADFEDDA7AD3E969
:10E1F4000040B4EEE77AD3E90212F1EE10FA58BF08
:10E20400F0EE477A67EEA67AFCEEE77A17EE903ADC
:10E214000733DB08AB4228BF2B469BB2A38583851B
:10E224008B859385FFF7ECB807EE901AC84BF7EE91
:10E23400006AB8EEE74B03F110009FEDC35B84EE78
:10E24400057BB7EEC77BB5EEC07A53F8041B0022FA
:10E25400F1EE10FA0CD4B4EEE67A4FF08042F1EE0F
:10E2640010FA05DCF0EE477AFEEEC17A17EE902A3A
:10E2740098420A63E7D1FFF7C3B84FF47A73B64AFA
:10E2840001FB03F31360FFF7BBB807EE901ADFED51
:10E29400B36AB8EEE74B9FEDAC5B84EE057BB7EE5B
:10E2A400C77BB4EEE67AF1EE10FA02F37E84DFED7A
:10E2B400AC7AB4EEE77AF1EE10FA02F10A86F0EEE7
:10E2C400477AFEEEC87A17EE903AA64A5362FFF7F1
:10E2D40097B84FF47A73A44A01FB03F31360FFF772
:10E2E4008FB807EE901ADFEDA16A4FF6FF71A04ACE
:10E2F400B8EEE77ADFED977A012502F11004B4EE67
:10E30400E77AF1EE10FA58BFF0EE477A67EEA67A94
:10E31400FCEEE77A17EE903A0733DB088B4228BF0E
:10E324000B469BB252F8041B888ECB8600B98D86AF
:10E334009442F7D1FFF764B807EE901A8C4ADFEDE8
:10E344008B6A4FF6FF75B8EEE77A02F110000126EA
:10E35400B5EEC07A52F8041BF1EE10FA02F1008314
:10E3640067EE267AFCEEE77A17EE903A0733DB087D
:10E37400AB421C4628BF2C468C86002B02F0F08250
:10E384009042E5D1FFF73CB807EE901A784BF7EED0
:10E39400006AB8EEE74B03F110009FED6B5B84EE6F
:10E3A400057BB7EEC77BB5EEC07A53F8041B002299
:10E3B400F1EE10FA0CD4B4EEE67A4FF08042F1EEAE
:10E3C40010FA05DCF0EE477AFEEEC17A17EE902AD9
:10E3D40083420A63E7D1FFF713B807EE901AB3EE4E
:10E3E400047AF8EEE77AF4EEC77AF1EE10FA02F165
:10E3F40092839FED607AF4EEC77AF1EE10FA02F39D
:10E40400E8859FED5D7A67EE877AB0EE677AB0EEC5
:10E41400670ABEEEE07A17EE104A1EF051FDF0EEE8
:10E42400407AFEEEE07A17EE902A544BC3E9064296
:10E43400FEF7E6BF524B1980FEF7E2BF07EE901AD3
:10E44400DFED466AB8EEE74B9FED3F5B84EE057B5C
:10E45400B7EEC77BB4EEE67AF1EE10FA02F3558319
:10E46400DFED3F7AB4EEE77AF1EE10FA02F174854B
:10E47400F0EE477AFEEEC87A17EE903A414AD3613D
:10E48400FEF7BEBF07EE901ADFED3F6AB8EEE74B2A
:10E494009FED2D5B84EE057BB7EEC77BB4EEE67A89
:10E4A400F1EE10FA02F14483F1EE047AB4EEE77A65
:10E4B400F1EE10FA02F32585F7EE006AC6EE877ACC
:10E4C400B0EE677ABEEEC17A17EE103A2F4A536265
:10E4D400FEF796BF10292E4BA8BF10210129B8BF03
:10E4E40001211970FEF78CBFB1F5967F294B9FED82
:10E4F4002A7AA8BF4FF49671D3ED006ADFED275A4C
:10E504001E2966EE876A2648B8BF1E21254A264B77
:10E5140007EE901AF8EEE77A37EEA76AC0ED007AB4
:10E5240086EE867AC5EE867ABCEEC77AF8EE476A3E
:10E5340082ED007A77EEE67AFCEEE77AC3ED007AB4
:10E54400FEF75EBFAFF300800000000000005940FA
:10E554004871002000000000908D002000FEFF465E
:10E5640000FEFFC6C0CB0020508E002066663042FD
:10E574008C72002000D0894693651538C0CE0020E7
:10E5840090930020F8C900203333333F4C07012017
:10E59400BB930020C48E0020C0E1644CC0E1E44C75
:10E5A400588E0020840F0120F831012007EE901AC4
:10E5B400D34ADFEDD46A4FF6FF75B8EEE77A02F17D
:10E5C40010000126B5EEC07A52F8041BF1EE10FAE1
:10E5D40002F1CF8167EE267AFCEEE77A17EE903AE5
:10E5E4000733DB08AB421C4628BF2C464C85002B66
:10E5F40002F0BF818242E5D1FEF702BF07EE901A16
:10E60400B7EE005BF7EE006AB8EEE73B9FEDBA4B5E
:10E6140083EE047B37EE457BB7EEC77BB4EEE67A38
:10E62400F1EE10FA42F34F83B74B72B6B74A0021AA
:10E63400D361117662B6FEF7E3BE07EE901ADFED02
:10E64400B46AB8EEE74B9FEDAC5B84EE057BB7EEA6
:10E65400C77BB4EEE67AF1EE10FA02F14782F1EEEE
:10E66400047AB4EEE77AF1EE10FA02F37884F7EE66
:10E67400006AC6EE877AB0EE677ABEEEC17A17EE0C
:10E68400103AA44A5362FEF7BBBE07EE901AB8EEE6
:10E69400E77AB5EEC07AF1EE10FA02F14C82F6EEAA
:10E6A400007ADFED986A9C4A9C49E7EE267A087E58
:10E6B400FCEEE77A17EE903A934228BF1346C4075C
:10E6C40003F17F024FEAD21202F1010242F13A82CF
:10E6D4000C6A9C4282F04385C88B0B62904238BF1F
:10E6E400CA83FEF78DBE07EE901ADFED946AB8EE8A
:10E6F400E74B9FED815B84EE057BB7EEC77BB4EE01
:10E70400E67AF1EE10FA02F33E82DFED857AB4EE9A
:10E71400E77AF1EE10FA02F18D84F0EE477AFEEE1C
:10E72400C87A17EE903A7F4AD361FEF769BE07EEC6
:10E73400901ADFED825AB8EEE73BB7EE007B9FED0F
:10E744006E4B83EE046B37EE467BB7EEC77BB4EEBD
:10E75400E57AF1EE10FA02F32E82DFED717AB4EE6F
:10E76400E77AF1EE10FA02F15384F0EE477AFEEE06
:10E77400C87A17EE903AB7EEC66BDFED707A6A4A44
:10E78400B4EEE76A9361F1EE10FA02F31182DFED61
:10E79400647AB4EEE76AF1EE10FA02F19D83F0EECA
:10E7A400467AFEEEC87A17EE903AD361FEF728BE99
:10E7B40007EE901A5D4ADFED536A4FF6FF75B8EE27
:10E7C400E77A02F110000126B5EEC07A52F8041B74
:10E7D400F1EE10FA02F1D68067EE267AFCEEE77AC3
:10E7E40017EE903A0733DB08AB421C4628BF2C4691
:10E7F400CC85002B02F0C6808242E5D1FEF700BE34
:10E8040008294B4BA8BF08210129B8BF0121197061
:10E81400FEF7F6BD07EE901ADFED486AB8EEE74B57
:10E824009FED355B84EE057BB7EEC77BB4EEE67AED
:10E83400F1EE10FA02F37981DFED397AB4EEE77A7A
:10E84400F1EE10FA02F15A83F0EE477AFEEEC87A3E
:10E8540017EE903A374A1362FEF7D2BD07EE901ACC
:10E86400DFED286A264B4FF6FF75B8EEE77ADFED49
:10E87400327AD3E90040B4EEE77AD3E90212F1EE3A
:10E8840010FA58BFF0EE477A67EEA67AFCEEE77A04
:10E8940017EE903A0733DB08AB4228BF2B469BB2F6
:10E8A400A38583858B859385FEF7AABD07EE901A11
:10E8B400DFED226AB8EEE74B9FED0F5B84EE057B3C
:10E8C400B7EEC77BB4EEE67AF1EE10FA02F3C48138
:10E8D400DFED137AB4EEE77AF1EE10FA02F11C835D
:10E8E400F0EE477AFEEEC87A17EE903A0D4A93613D
:10E8F400FEF786BDAFF30080000000000000594021
:10E904007C720020666630420000FF7F2CD100201C
:10E914003333333FC0CE002000B1020000D30020C7
:10E9240000FEFFC688CC002030CC00208C72002072
:10E93400BA930020F8C900200000000000FEFF4642
:10E9440007EE901A5FED036AB8EEE74B9FED9A5B12
:10E9540084EE057BB7EEC77BB4EEE67AF1EE10FAEF
:10E9640002F32081DFED967AB4EEE77AF1EE10FA45
:10E9740002F1AC82F0EE477AFEEEC87A17EE903AD6
:10E98400904A1362FEF73CBD07EE901ADFED8E6AE3
:10E99400B8EEE74B9FED885B84EE057BB7EEC77B53
:10E9A400B4EEE67AF1EE10FA02F3F080DFED847A49
:10E9B400B4EEE77AF1EE10FA02F13F83F0EE477A13
:10E9C400FEEEC87A17EE903A7E4AD361FEF718BD80
:10E9D40007EE901AF8EEE77AF5EEC07AF1EE10FA47
:10E9E40002F192819FED797A4FF6FF71784A67EED2
:10E9F400877AFCEEE77A17EE903A0733DB08994200
:10EA040028BF19469186002B7EF4FAAC0123938625
:10EA1400FEF7F6BC07EE901A9FED676BB8EEE75B66
:10EA240085EE067BB7EEC77BB5EEC07AF1EE10FA41
:10EA340002F11581F7EE007AB4EEE77AF1EE10FAFE
:10EA440042F33C834FF08043614A1363FEF7D8BC22
:10EA540007EE901A5F4BF7EE006AB8EEE74B03F14E
:10EA640030009FED555B84EE057BB7EEC77BB5EEBA
:10EA7400C07A53F8041B0022F1EE10FA0CD4B4EE61
:10EA8400E67A4FF48032F1EE10FA05DCF0EE477AC4
:10EA9400FEEEC87A17EE902A98424A62E7D1FEF752
:10EAA400AFBC0B294B4D4C4C4FF00008A8BF0B21B9
:10EAB40005F1300721EAE17608E00C2B01F07B87B1
:10EAC400012A41F27287AF423EF49AACA35755F83B
:10EAD400040B0B2BA3F10902C0F820804386ECD170
:10EAE400C169383009F078FBEDE73C4B1970FEF74B
:10EAF4004EBD3B4B00263B4F3B4D3C4C1970F0B296
:10EB040001362A782178FAF7C1FF0C2E07F8010B99
:10EB1400F5D1FEF775BC1429354BA8BF142121EAA1
:10EB2400E1711970FEF76CBC324B1970FEF768BCCA
:10EB34000039314B18BF01211970FEF761BC07EE93
:10EB4400901A2E4BB7EE001ADFED2D0AB8EEE75BF4
:10EB54001A782C49002A2C4B91ED000A41FE200A18
:10EB64009FED156B85EE067BB7EEC77B31EE471A3A
:10EB740083ED007A03B0BDE8F043F6F781BB0039BA
:10EB8400224B18BF01211970FEF73ABC204BC9B2C1
:10EB9400204A1B78204801FB03F3204C00780633FD
:10EBA400217001441E48A2FB03231E4ADB08117096
:10EBB4000370FEF725BC00BF0000000000005940B0
:10EBC40000FEFFC6C0CB002000FEFF466666304252
:10EBD400440401209C8F002074930020E0CE012087
:10EBE40011CF0120F4D2002012CF012013CF012035
:10EBF400F9CE0120DFCE0120D8CE0120FACE0120AB
:10EC04006666E63EF4C90020800F0120ECCE0120A8
:10EC140096930020ABAAAAAAB29300201FCF01208A
:10EC240020CF0120FECE012007EE901AD64DD74CFE
:10EC34005520B8EEE75BB5F9AA109FEDD16B85EED0
:10EC4400067BB7EEC77B84ED007AFEF79DFAB5F933
:10EC5400701107EE901ADFEDCE6AB8EEE74B9FED28
:10EC6400C85B84EE057BB7EEC77BB4EEE67AF1EEC3
:10EC740010FA01F39487DFEDC77AB4EEE77AF1EE88
:10EC840010FA02F12081F0EE477AFEEEC87A17EE10
:10EC9400903A07EE901AC04AB7EE006ABF49F8EE00
:10ECA400E76A92ED005AB7EE007BCB6126EE855AF7
:10ECB4009FEDB33BB7EEC55A85EE034B37EE447B6D
:10ECC400B7EEC77BB4EEC67AF1EE10FA42F3438096
:10ECD400B34B72B6B348C5690362AB4202F0858296
:10ECE40085FAA3F1EFF30086360142F11082AE4FAC
:10ECF400D917EE1787FB03ECC1EBEC2187FB05C7A3
:10ED0400C6EBE726891B002902F013814162012327
:10ED1400037662B692ED006AB7EE007B94ED005A7A
:10ED2400F7EE004A66EE866AB7EEC55A9FED942B5D
:10ED3400B7EEE66A86EE023B37EE437B27EE057BB1
:10ED4400B7EEC77BB4EEE47AF1EE10FA41F39487A0
:10ED5400934B72B69549C8690B62984202F04F8290
:10ED640080FAA3F2EFF30084240142F1E2818E4A97
:10ED740082FB034582FB0024DA17C2EBE522C517A8
:10ED8400C5EBE424121B002A02F05D814A620123D0
:10ED94000B7662B6FEF734BB07EE901A9FED786BE4
:10EDA400B8EEE75B85EE067BB7EEC77BB5EEC07ABF
:10EDB400F1EE10FA01F15887F7EE007AB4EEE77A33
:10EDC400F1EE10FA42F39581DFED797A72B6794B60
:10EDD400C3ED0A7AC3ED137A62B6FEF711BB07EEF0
:10EDE400901A9FED676BB8EEE75B85EE067BB7EE96
:10EDF400C77BF7EE007AB5EEC07AF1EE10FA08D4CC
:10EE0400B4EEE77AF1EE10FAD4BF77EEC77ADFED0D
:10EE14006A7A72B6674BC3ED1B7A62B6FEF7F0BA34
:10EE240007EE901A9FED566BB8EEE75B85EE067B16
:10EE3400B7EEC77BB5EEC07AF1EE10FA01F13F8769
:10EE4400F7EE007AB4EE677AF1EE10FA37FE877ABD
:10EE5400584BDFED5A7AD3ED2A6A36EEE76AE6EECE
:10EE6400077A72B6BDEE007AC3ED2B7AB6EE006A6D
:10EE740067EE877A87EEA67A77EE067AC3ED097A8B
:10EE840062B6FEF7BDBA07EE901ADFED4D6A4FF693
:10EE9400FF714C4BB8EEE77ADFED477A03F13000AF
:10EEA400B4EEE77AF1EE10FA58BFF0EE477A67EE67
:10EEB400A67AFCEEE77A17EE902A0732D2088A4245
:10EEC40028BF0A4692B253F8041B98428A85FAD1A5
:10EED400FEF796BA00393C4B18BF01211970FEF7B2
:10EEE4008FBA3A4A07EE901A394B1278B8EEE70A0D
:10EEF400F7EE007A93ED001ADFED360A002A364B5E
:10EF040037EEC11A47FEA00A83ED000A32E607EE87
:10EF1400901A3248B8EEE70A03B0BDE8F0430EF0A9
:10EF2400B3BD81F308012D4803B0BDE8F0430EF0F2
:10EF3400A9BD07EE901A2948B8EEE70A03B0BDE868
:10EF4400F0430EF09BBD81F30801244803B0BDE8F3
:10EF5400F0430EF091BD07EE901A2148B8EEE70A8F
:10EF6400DAE781F308011E48DEE707EE901A1D4830
:10EF7400B8EEE70AD0E781F308011A48D4E700BFE6
:10EF84000000000000005940D87200204C8E002080
:10EF940000FEFF4600FEFFC6548E002030300120E4
:10EFA4000000FF7F54CF0020E5DBE27678CE00201E
:10EFB4006666263F880F012000000000CDCC4C3E41
:10EFC40066663042008F0020B9930020FACE0120FB
:10EFD400800F01206666E63EF4C900205418012023
:10EFE4003C0D01204CCB0020CF4AD04B1268DA8173
:10EFF400FEF706BACE480EF04BFDCD4803B0BDE88F
:10F00400F0430EF04DBFCB480EF042FDC948F5E782
:10F01400C9480EF03DFDC848F0E707EE901AB7EE78
:10F02400006AB8EEE74B9FEDBC5B84EE057BF7EE20
:10F03400C76BF4EEC66AF1EE10FA41F36886BF4B73
:10F0440072B6BF49C8690B62834202F0C48080FA79
:10F05400A3F2EFF30084250142F15380B94A82FB05
:10F06400034582FB0024DA17C2EBE522C517C5EB82
:10F07400E424121B002A01F064874A6201230B7600
:10F0840062B69FEDA76BB04A27EE067BFCEEC77B0A
:10F0940017EE903A1370FEF7B3B907EE901AB7EE75
:10F0A400006AB8EEE74B9FED9C5B84EE057BF7EEC0
:10F0B400C76BF4EEC66AF1EE10FA41F361869F4B1A
:10F0C40072B6A248C26903629A4202F0898082FA47
:10F0D400A3F1EFF30084250142F11F80994981FBDC
:10F0E400034581FB0214D917C1EBE521D517C5EB04
:10F0F400E424091B002901F0F2864162012303760E
:10F1040062B69FED876B924A27EE067BFCEEC77BC7
:10F1140017EE903A1370FEF773B907EE901A9FED4D
:10F124007E6BB8EEE75B85EE067BB7EEC77BB5EE8C
:10F13400C07AF1EE10FA01F1E385F7EE007AB4EE4D
:10F14400E77AF1EE10FA09DC67EE076A9FED816A4F
:10F15400DFED817A26EE877AE7EE067A7F4BC3ED00
:10F16400277AFEF74DB907EE901A9FED6B6BB8EE58
:10F17400E75B85EE067BB7EEC77BF7EE007AB5EE6C
:10F18400C07AF1EE10FA01F17385B4EEE77AF1EE8C
:10F1940010FA41F38B87FFEE006ADFED717A72B6E5
:10F1A4006E4BC3ED1C6AC3ED2C7A62B6FEF728B928
:10F1B4006C4B1970FEF724B900396B4B18BF012151
:10F1C4001970FEF71DB907EE901A9FED536BB8EE58
:10F1D400E75B85EE067BB7EEC77BB5EEC07AF1EE52
:10F1E40010FA01F15B85DFED617AB4EEE77AF1EEB6
:10F1F40010FA41F350865E4A5E4BD361FEF700B9C4
:10F204000B295D4A5A48A8BF0B21FEF748BC07EEFC
:10F21400901A5A4BDFED5A6AB8EEE74B03F130000F
:10F224009FED3D5B84EE057BB7EEC77BB5EEC07A00
:10F2340053F8041B0022F1EE10FA0CD4B4EEE67A73
:10F2440046F6FF72F1EE10FA05DCF0EE477AFEEEB8
:10F25400CA7A17EE902A98420A62E7D1FEF7D0B82C
:10F26400484A07EE901ADFED486A4FF6FF75B8EE8C
:10F27400E77A02F13004012610E067EE267AFCEE0C
:10F28400E77A17EE903A0733DB08AB42184628BFFB
:10F294002846C8854BB194423EF4B2A8B5EEC07A74
:10F2A40052F8041BF1EE10FAE7D5CE85F3E707EE2A
:10F2B400901ADFED356A4FF6FF71324BB8EEE77AFC
:10F2C400DFED327A03F13000B4EEE77AF1EE10FAB2
:10F2D40058BFF0EE477A67EEA67AFCEEE77A17EEAF
:10F2E400902A0732D2088A4228BF0A4692B253F8BB
:10F2F400041B98428A85FAD1FEF782B8214A07EEA8
:10F30400901ADFED216A4FF6FF75B8EEE77A02F145
:10F31400300401264DE000BF000000000000594009
:10F324000000000000C05F4070930020D8720020ED
:10F33400541801203C0D01204CCB00200000FF7F1D
:10F3440050CE0020E5DBE27699930020D4340120EE
:10F35400A49300203333733FCDCC4C3D880F012060
:10F36400AE47613F03CF0120DCCE01200044AC4610
:10F374008C3601200000FE7F74930020308F002023
:10F384002EFFDF40D08E0020666630420000000071
:10F3940067EE267AFCEEE77A17EE903A0733DB083D
:10F3A400AB42184628BF284648854BB194423EF4E8
:10F3B40027A8B5EEC07A52F8041BF1EE10FAE7D58F
:10F3C4004E85F3E70B29BE4DBE4CA8BF0B2105F1BA
:10F3D400300721EAE17608E00C2B01F0DD82012AF6
:10F3E40041F2D382BD423EF40BA8A35755F8040B57
:10F3F4000B2BA3F1090280F83832EDD1416A00F5F4
:10F404000F7008F0E9FEEDE707EE901AAC4BF7EE4B
:10F41400006AB8EEE74B03F130009FEDA75B84EE82
:10F42400057BB7EEC77BB5EEC07A53F8041B002208
:10F43400F1EE10FA0CD4B4EEE67A4FF48032F1EE29
:10F4440010FA05DCF0EE477AFEEEC87A17EE902A41
:10F454009842CA62E7D1FDF7D3BF06299A4F4FF00D
:10F4640000069A4DA8BF0621994CDFF89C9221EA28
:10F47400E1714FFA81F8F0B201362A78217889F8DF
:10F484000080FAF703FB0C2E07F8010BF3D1FDF70C
:10F49400B7BF904B1970FDF7B3BF8F4B1970FEF7D0
:10F4A40076B88E4B1960FDF7ABBF07EE901ADFED0F
:10F4B4008C6A4FF6FF738B4AB8EEE77ADFED8A7AEF
:10F4C400012502F13004B4EEE77AF1EE10FA58BFE8
:10F4D400F0EE477A67EEA67AFCEEE77A17EE901A1A
:10F4E4000731C908994228BF194689B252F8043B2A
:10F4F400988ED98600B99D869442F7D1FDF780BFD6
:10F5040007EE901A774A89B2DFED756AB8EEE77AAA
:10F5140002F130054FF6FF76012710E067EE267AF8
:10F52400FCEEE77A17EE903A0733DB08B3421C4649
:10F5340028BF344684864BB1954201F04A82B5EE29
:10F54400C07A52F8040BF1EE10FAE7D58786F3E798
:10F5540007EE901A634BF7EE006AB8EEE74B03F13F
:10F5640030009FED555B84EE057BB7EEC77BB5EEAF
:10F57400C07A53F8041B0022F1EE10FA0CD4B4EE56
:10F58400E67A4FF08042F1EE10FA05DCF0EE477AAD
:10F59400FEEEC17A17EE902A83420A63E7D1FDF7A3
:10F5A4002FBF07EE901A514AB1EE046ADFED506A9C
:10F5B400B8EEE73B02F13004F7EE005A4D484E4DE9
:10F5C4009FED3D4B83EE047BB7EEC77BB4EEE67A4A
:10F5D40052F8041B0346F1EE10FA0DD4B4EEC67AC9
:10F5E4002B46F1EE10FA07DCC5EE877AB0EE675AC7
:10F5F400BEEEC15A15EE103AA2424B62E6D1FDF7B7
:10F60400FFBE07EE901A3D4BB8EEE75B9FED2A6B09
:10F6140085EE067BB7EEC77B83ED007AFDF7F0BE7F
:10F62400374A07EE901ADFED2E6A4FF6FF75B8EEF3
:10F63400E77A02F13004012610E067EE267AFCEE48
:10F64400E77A17EE903A0733DB08AB42184628BF37
:10F65400284648854BB194423DF4D2AEB5EEC07A0B
:10F6640052F8041BF1EE10FAE7D54E85F3E707EEE6
:10F67400901AF8EEE77AF5EEC07AF1EE10FA01F19D
:10F6840097839FED177A4FF6FF711E4A67EE877ACC
:10F69400FCEEE77A17EE903A0733DB08994228BF6D
:10F6A40019465185002B7DF4ABAE01235385FDF73C
:10F6B400A7BE00BFAFF30080000000000000594067
:10F6C400CC8F002074930020F4D2002012CF0120AC
:10F6D40013CF0120D7CE0120E4CE01200433012032
:10F6E40066663042D08E002000000000308F00207B
:10F6F4003333333F00B76D5BD0CCCC0C08330120DF
:10F70400008F002044040120F3CE012007EE901A5C
:10F714009FEDA55BB8EEE74B9FEDA56B84EE057BF3
:10F7240037EE067BB7EEC77BB5EEC07AF1EE10FA82
:10F7340001F14483F7EE007AB4EEE77AF1EE10FAC1
:10F7440041F389844FF480339B4A5362FDF758BEDA
:10F7540007EE901A9FED946BB8EEE75B85EE067B9F
:10F76400B7EEC77BB5EEC07AF1EE10FA01F129834A
:10F77400DFED927AB4EEE77AF1EE10FA41F36983A1
:10F784008D4A8F4BD361FDF73BBE0B298D4A8A48C6
:10F79400A8BF0B21FEF783B907EE901ADFED8A6A42
:10F7A4004FF6FF73894AB8EEE77ADFED897A0125CF
:10F7B40002F13004B4EEE77AF1EE10FA58BFF0EE3D
:10F7C400477A67EEA67AFCEEE77A17EE901A0731CD
:10F7D400C908994228BF194689B252F8043B988E49
:10F7E400D98600B99D869442F7D1FDF709BE774AC0
:10F7F40007EE901ADFED746A4FF6FF75B8EEE77AFC
:10F8040002F13004012610E067EE267AFCEEE77A76
:10F8140017EE903A0733DB08AB42184628BF284658
:10F8240088864BB194423DF4EBADB5EEC07A52F804
:10F83400041BF1EE10FAE7D58E86F3E707EE901A73
:10F84400624BF7EE006AB8EEE74B03F130009FED30
:10F85400565B84EE057BB7EEC77BB5EEC07A53F8F2
:10F86400041B0022F1EE10FA0CD4B4EEE67A4FF049
:10F874008042F1EE10FA05DCF0EE477AFEEEC17A32
:10F8840017EE902A98420A63E7D1FDF7B9BD4F4AB3
:10F8940007EE901ADFED4C6A4FF6FF75B8EEE77A83
:10F8A40002F13004012610E067EE267AFCEEE77AD6
:10F8B40017EE903A0733DB08AB42184628BF2846B8
:10F8C400C8854BB194423DF49BADB5EEC07A52F875
:10F8D400041BF1EE10FAE7D5CE85F3E707EE901A94
:10F8E400F8EEE77AF5EEC07AF1EE10FA01F16382F0
:10F8F4009FED357A4FF6FF71364A67EE877AFCEE54
:10F90400E77A17EE903A0733DB08994228BF194685
:10F91400D185002B7DF474AD0123D385FDF770BD33
:10F9240007EE901AF8EEE77AF5EEC07AF1EE10FAE7
:10F9340001F123829FED247A4FF6FF7267EE877AF6
:10F94400FCEEE77A17EE903A0733DB08934228BFC0
:10F9540013469BB21F4A9385FDF752BD0D1E1E4CE4
:10F9640018BF01252378AB420AD01C4801910EF040
:10F97400E5F81B480EF0E2F81A480EF0DFF801999A
:10F98400194AF7EE007A194B0029DFED190A92EDB6
:10F99400001A93ED000A47FEA00A37EEC11A25703B
:10F9A400FFF7E8B8AFF30080000000000000594002
:10F9B4007B14AE47E17A843F443801200044AC46CE
:10F9C4000000FE7F7493002066663042008F0020A2
:10F9D4000000000044040120FACE01204CCB00209A
:10F9E4003C0D012054180120800F0120F4C900208F
:10F9F4006666E63E00FEFF4607EE901A5FED036A78
:10FA0400B8EEE74B9FEDD05B84EE057BB7EEC77B8A
:10FA1400B4EEE67AF1EE10FA01F3BB80DFEDCC7AB6
:10FA2400B4EEE77AF1EE10FA01F1DD82F0EE477AF6
:10FA3400FEEEC87A17EE903A07EE901AC54AC64908
:10FA4400B7EE006AF8EEE76A92ED005AB7EE007B73
:10FA540091ED004AC14926EE855AB7EEC44A8B613E
:10FA64009FEDB92BB7EEC55A85EE023B37EE437BCB
:10FA740027EE047BB7EEC77BB4EEC67AF1EE10FA3C
:10FA840041F3A481B64B72B6B648C4690362A3427B
:10FA940001F0B08384FAA3F1EFF300852F0141F163
:10FAA4004283B14ED917E51786FB03C7C1EBE721A3
:10FAB40086FB0476C5EBE625491B002901F0A082EC
:10FAC40041620123037662B692ED006AB7EE007BD1
:10FAD400F7EE005A66EE866A9FED9B3BB7EEE66A48
:10FAE40086EE034B37EE447BB7EEC77BB4EEE57A84
:10FAF400F1EE10FA41F31D81994B72B69B49C86926
:10FB04000B62834201F0808380FAA3F2EFF3008456
:10FB1400260141F11483944A82FB034582FB0024AD
:10FB2400DA17C2EBE522C517C5EBE424121B002A41
:10FB340001F0EA814A6201230B7662B6FDF760BCEC
:10FB440007EE901ADFED8F6AB8EEE74B9FED7E5B10
:10FB540084EE057BB7EEC77BB4EEE67AF1EE10FADD
:10FB640001F31A80DFED7A7AB4EEE77AF1EE10FA57
:10FB740001F13C82F0EE477AFEEEC87A17EE903A35
:10FB84007B4AD361FDF73CBC07EE901ADFED7D6A3A
:10FB9400B8EEE74B9FED6C5B84EE057BB7EEC77B5D
:10FBA400B4EEE67AF1EE10FA00F3AC87DFED687A92
:10FBB400B4EEE77AF1EE10FA01F1CB81F0EE477A78
:10FBC400FEEEC87A17EE903A694A9361FDF718BCC5
:10FBD40007EE901ADFED6B6AB8EEE74B9FED5A5BC8
:10FBE40084EE057BB7EEC77BB4EEE67AF1EE10FA4D
:10FBF40000F3E487DFED567AB4EEE77AF1EE10FA1B
:10FC040001F10982F0EE477AFEEEC87A17EE903AD7
:10FC1400584A5362FDF7F4BB07EE901ADFED596AB8
:10FC2400B8EEE74B9FED485B84EE057BB7EEC77BF0
:10FC3400B4EEE67AF1EE10FA00F36187DFED447A70
:10FC4400B4EEE77AF1EE10FA01F19281F0EE477A20
:10FC5400FEEEC87A17EE903A464A1362FDF7D0BB1F
:10FC640007EE901ADFED476AB8EEE74B9FED365B7F
:10FC740084EE057BB7EEC77BB4EEE67AF1EE10FABC
:10FC840000F36A87DFED327AB4EEE77AF1EE10FA28
:10FC940001F14C81F0EE477AFEEEC87A17EE903A05
:10FCA400344AD361FDF7ACBB0B29334D334CA8BFA9
:10FCB4000B2105F1100721EAE176A35755F8040B4F
:10FCC4000B2BA3F1090280F8383200F0B1860C2B1B
:10FCD40000F0CC86012A40F2D286AF42EDD1FDF786
:10FCE4008FBB07EE901A244BF7EE006AB8EEE74B91
:10FCF40003F110009FED145B84EE057BB7EEC77B28
:10FD0400B5EEC07A53F8041B0022F1EE10FA0CD4BD
:10FD1400B4EEE67A4FF48032F1EE10FA05DCF0EE40
:10FD2400477AFEEEC87A17EE902A9842CA62E7D163
:10FD3400FDF766BB0B29114A1148A8BF0B21FDF73B
:10FD4400AEBE00BFAFF300800000000000005940C9
:10FD540000FEFFC6548E00204C8E0020303001205F
:10FD64000000FF7F44360120E5DBE276FC3401200D
:10FD7400683A012090320120987100207493002089
:10FD84000C33012000FEFF4607EE901A5FED036A74
:10FD9400B8EEE74B9FEDCE5B84EE057BB7EEC77BF9
:10FDA400B4EEE67AF1EE10FA00F3A386DFEDCE7A34
:10FDB400B4EEE77AF1EE10FA01F1D480F0EE477A6E
:10FDC400FEEEC87A17EE903AC84A1362FDF718BBE4
:10FDD40007EE901ADFEDC66AB8EEE74B9FEDBC5B09
:10FDE40084EE057BB7EEC77BB4EEE67AF1EE10FA4B
:10FDF40000F38286DFEDBC7AB4EEE77AF1EE10FA16
:10FE040001F1B380F0EE477AFEEEC87A17EE903A2D
:10FE1400B64AD361FDF7F4BA07EE901ADFEDB46A7F
:10FE2400B8EEE74B9FEDAA5B84EE057BB7EEC77B8C
:10FE3400B4EEE67AF1EE10FA00F3CA86DFEDAA7AA0
:10FE4400B4EEE77AF1EE10FA01F1EE80F0EE477AC3
:10FE5400FEEEC87A17EE903AA44A9361FDF7D0BA41
:10FE6400002900F0858641F26C138B42A8BF0B4633
:10FE7400B3F5875FB8BF4FF4875307EE903A9FED11
:10FE8400964BB8EEE76B9FED965B86EE047B27EE10
:10FE9400057BB7EEC77B974BD3ED007AF4EE477A38
:10FEA400F1EE10FA3DF4ACAA83ED007A03B0BDE89C
:10FEB400F043F7F7B3BB904BC1F10101197003B0E4
:10FEC400BDE8F043F5F762B807EE901AB8EEE77AAA
:10FED400B5EEC07AF1EE10FA00F1A886F6EE007ADB
:10FEE400DFED8E6A854A8649E7EE267A087EFCEEC7
:10FEF400E77A17EE903A934228BF1346C40703F1FA
:10FF04007F024FEAD21202F1010240F196860C6A96
:10FF1400A34241F24A81C88B0B62824288BFCA83E2
:10FF2400FDF76EBA07EE901A764AF2EE086A9FED74
:10FF3400766AB8EEE73BDFED755A02F13004002033
:10FF44009FED634B83EE047BB7EEC77BB4EEE67A9A
:10FF540052F8041B4FF44043F1EE10FA0CDCB4EEFB
:10FF6400C67A40F29913F1EE10FA05D467EE257AB9
:10FF7400FCEEE77A17EE903A94428B6281F83902EC
:10FF8400E4D1FDF73DBA07EE901AF8EEE77AF5EE04
:10FF9400C07AF1EE10FA00F108879FED607A4FF60F
:10FFA400FF7267EE877AFCEEE77A17EE903A073332
:10FFB400DB08934228BF13469BB2554A918ED386E1
:10FFC40000297DF41DAA01239386FDF719BA07EED3
:10FFD400901AF8EEE77AF5EEC07AF1EE10FA00F135
:10FFE4000C879FED4E7A4FF6FF71494A67EE877A88
:0CFFF400FCEEE77A17EE903A0733DB08CA
:02000004600199
:10000000994228BF1946D185002B7DF4FBA9012315
:10001000D385FDF7F7B907EE901AF8EEE77AF5EE1B
:10002000C07AF1EE10FA00F1FF869FED3D7A4FF6AF
:10003000FF7267EE877AFCEEE77A17EE903A0733A5
:10004000DB08934228BF13469BB2324A9385FDF7E3
:10005000D9B907EE901AB7EE005BF7EE006AB8EE7A
:10006000E73B9FED1C4B83EE047B37EE457BB7EE01
:10007000C77BB4EEE67AF1EE10FA40F3C386264B66
:1000800072B6264A0021D361117662B6FDF7BAB97D
:1000900007EE901AF8EEE77AF5EEC07AF1EE10FA74
:1000A00000F1C5869FED1E7A4FF6FF71194A67EE83
:1000B000877AFCEEE77A17EE903A0733DB0899422D
:1000C00028BF19465185002B7DF49CA90123538537
:1000D000FDF798B900000000000059400000000042
:1000E0000030B14052B81E85EB59604000FEFFC69B
:1000F0009C34012000FEFF46D0700020A793002012
:1001000000B10200D0E80020CC8F0020CDCCCC3D47
:10011000000080450C0401200000FF7F1C380120F6
:100120006666304207EE901AF8EEE77AF5EEC07A8E
:10013000F1EE10FA00F138861FED077A4FF6FF72E4
:1001400067EE877AFCEEE77A17EE903A0733DB0822
:10015000934228BF13469BB2D44A918ED38600297E
:100160003EF456ACFDF74EB907EE901ADFEDD06ABB
:10017000B8EEE74B9FEDCB5B84EE057BB7EEC77B1C
:10018000B4EEE67AF1EE10FA00F16585F1EE047A4C
:10019000B4EEE77AF1EE10FA00F34587F7EE006A65
:1001A000C6EE877AB0EE677ABEEEC17A17EE103AE5
:1001B000C04A5362FDF726B907EE901ABE4BB8EE5F
:1001C000E75B9FEDB86B85EE067BB7EEC77B83EDF3
:1001D000007AFDF717B90B29B84DB94CA8BF0B2110
:1001E00005F1100721EAE176A35755F8040B0B2B14
:1001F000A3F1090280F8383200F015840C2B00F0CE
:100200002E84012A40F24484BD42EDD1FDF7FAB8B4
:1002100007EE901ADFEDAB6AB8EEE74B9FEDA15BFE
:1002200084EE057BB7EEC77BB4EEE67AF1EE10FA0A
:1002300000F37084DFEDA47AB4EEE77AF1EE10FA01
:1002400000F1C686F0EE477AFEEEC87A17EE903AD5
:100250009E4A9361FDF7D6B807EE901A9FED916B19
:10026000B8EEE75B85EE067BB7EEC77BB5EEC07AEE
:10027000F1EE10FA00F12285F7EE007AB4EEE77A9B
:10028000F1EE10FA40F30C874FF48033904A53623A
:10029000FDF7B8B807EE901A9FED826BB8EEE75BFA
:1002A00085EE067BB7EEC77BB5EEC07AF1EE10FAAD
:1002B00000F11D85DFED877AB4EEE77AF1EE10FAF2
:1002C00040F3B885824A844BD361FDF79BB8834BDA
:1002D0001970FDF75EB9824B1970FDF75AB907EE38
:1002E000901AB3EE047AF8EEE77AF4EEC77AF1EEFC
:1002F00010FA00F16B849FED7B7AF4EEC77AF1EE91
:1003000010FA00F311869FED787A67EE877AB0EEE7
:10031000677AB0EE670ABEEEE07A17EE104A1CF07C
:10032000D1FDF0EE407AFEEEE07A17EE902A614BB6
:10033000C3E90642FDF766B807EE901ADFED5C6A86
:10034000B8EEE74B9FED575B84EE057BB7EEC77BBE
:10035000B4EEE67AF1EE10FA00F13584F1EE047AAB
:10036000B4EEE77AF1EE10FA00F3DB85F7EE006AFF
:10037000C6EE877AB0EE677ABEEEC17A17EE103A13
:100380005A4A5362FDF73EB807EE901AB3EE047A6C
:10039000F8EEE77AF4EEC77AF1EE10FA00F1E183B5
:1003A0009FED507AF4EEC77AF1EE10FA00F3A185D2
:1003B0009FED4D7A67EE877AB0EE677AB0EE670A06
:1003C000BEEEE07A17EE104A1CF07CFDF0EE407AAB
:1003D000FEEEE07A17EE902A444BC3E90642FDF7A1
:1003E00011B807EE901A424BF7EE006AB8EEE74BF1
:1003F00003F110009FED2B5B84EE057BB7EEC77B0E
:10040000B5EEC07A53F8041B0022F1EE10FA0CD4BA
:10041000B4EEE67A4FF48032F1EE10FA05DCF0EE3D
:10042000477AFEEEC87A17EE902A9842CA62E7D160
:10043000FCF7E8BF05292F4BA8BF052121EAE17190
:100440001970FDF7A6B85FFA81F92B4F00262B4DE6
:100450002B4CDFF8B480F0B201362A78217888F886
:100460000090F9F715FB0C2E07F8010BF3D1FCF700
:10047000C9BF0039234B204F4FF0000618BF0121A0
:100480001E4D1F4C1970F0B201362A782178F9F709
:10049000FFFA0C2E07F8010BF5D1FCF7B3BF00BF34
:1004A000AFF3008000000000000059404404012028
:1004B0003333333F88070120408E0020A87100208D
:1004C0007493002000FEFF4600FEFFC6703201203C
:1004D0000C3301200044AC460000FE7F17CF012002
:1004E000BD93002000D0894693651538C83201209D
:1004F00088710020E3CE0120F4D2002012CF012029
:1005000013CF0120E5CE0120A693002007EE901A1C
:100510009FEDD46BB8EEE75B85EE067BB7EEC77B4D
:10052000B5EEC07AF1EE10FA00F19E83DFEDCF7ADE
:10053000B4EEE77AF1EE10FA00F3C084F0EE477AF9
:10054000FEEECA7A17EE903AC94A1362FCF75ABF18
:1005500007EE901AC74BF8EEE77AC3ED007AF5F78D
:100560005DFE40F20112C449C448FDF75BBD07EED1
:10057000901ADFEDC35AB8EEE73BB7EE007B9FED74
:10058000B94B83EE046B37EE467BB7EEC77BB4EE18
:10059000E57AF1EE10FA00F34983DFEDBA7AB4EEB2
:1005A000E77AF1EE10FA00F14D85F0EE477AFEEEB3
:1005B000C87A17EE903AB7EEC66BDFEDB17AB24A61
:1005C000B4EEE76A9361F1EE10FA00F30683DFED13
:1005D000AD7AB4EEE76AF1EE10FA00F12A85F0EE9A
:1005E000467AFEEEC87A17EE903AD361FCF70ABF5E
:1005F000A64B1970FCF706BFA54807EE901ADFED71
:10060000A56A4FF6FF75B8EEE77A00F130040126CF
:1006100012E067EE267AFCEEE77A17EE903A07339F
:10062000DB08AB421A4628BF2A4692B2CA8553B1AC
:1006300084428A863CF4E6AEB5EEC07A50F8041BDC
:10064000F1EE10FAE5D50122CE85F1E707EE901A1A
:10065000DFED906A4FF6FF718D4BB8EEE77ADFED74
:100660008E7A03F13000B4EEE77AF1EE10FA58BF5B
:10067000F0EE477A67EEA67AFCEEE77A17EE902A5C
:100680000732D2088A4228BF0A4692B253F8041BA6
:1006900098428A85FAD1FCF7B5BE7D4A07EE901ADA
:1006A000DFED7C6A4FF6FF75B8EEE77A02F13004B1
:1006B000012610E067EE267AFCEEE77A17EE903A14
:1006C0000733DB08AB42184628BF284648854BB1A4
:1006D00094423CF497AEB5EEC07A52F8041BF1EEAA
:1006E00010FAE7D54E85F3E707EE901ADFED646A5E
:1006F000B8EEE74B9FED5B5B84EE057BB7EEC77B07
:10070000B4EEE67AF1EE10FA00F3A382DFED5D7A43
:10071000B4EEE77AF1EE10FA00F18284F0EE477A57
:10072000FEEEC87A17EE903A5C4A9361FCF76ABE17
:1007300007EE901A5A4BDFED526AB8EEE74B594C70
:100740009FED506A03F11000574D9FED465B84EE1C
:10075000057BB7EEC77BB4EEE67A53F8041B22465E
:10076000F1EE10FA0BDCB4EEC67A2A46F1EE10FA7E
:1007700005D4F0EE477AFEEEC87A17EE902A98423A
:100780004A62E8D1FCF73EBE07EE901A474BF7EEFF
:10079000006AB8EEE74B03F110009FED325B84EE88
:1007A000057BB7EEC77BB5EEC07A53F8041B002279
:1007B000F1EE10FA0CD4B4EEE67A4FF48032F1EE9A
:1007C00010FA05DCF0EE477AFEEEC87A17EE902AB2
:1007D0009842CA62E7D1FCF715BE07EE901A344B77
:1007E000B8EEE75B9FED1F6B85EE067BB7EEC77B30
:1007F00083ED007AFCF706BE07EE901A2D4BB8EE9B
:10080000E75B9FED186B85EE067BB7EEC77B83ED4C
:10081000007AFCF7F7BD0B29274D284CA8BF0B2108
:1008200005F1100721EAE176A35755F8040B0B2BCD
:10083000A3F1090280F8383200F003810C2B00F09C
:100840000681012A40F22B81AF42EDD1FCF7DABDDF
:1008500007EE901A1A4BF8EEE77AFCF71CBE00BFC1
:10086000AFF3008000000000000059402EFFDF4081
:10087000C832012080930020D88C01200C3A01203E
:1008800000FEFF4600FEFFC6303A01201CCF0120CB
:100890006C8F00206666304200000000C0CB002054
:1008A000BC7200200000FF7F00000180A8710020C2
:1008B0003C8E0020388E0020887100207493002028
:1008C000680C012007EE901AC54BF8EEE77AFCF7AA
:1008D000E2BDC9B2C34B197000297CF45AAEC24BB9
:1008E0004FF6FF721A80FCF754BEC04B1970FCF72C
:1008F00050BEBF4B0026BF4FBF4DC04C1970F0B269
:1009000001362A782178F9F7C3F80C2E07F8010B85
:10091000F5D1FCF777BDBA4B1970FCF73ABEC8B2F7
:1009200003B0BDE8F043F4F741BC0129B54BB8BFB3
:1009300001211970FCF766BD0129B34BB8BF012135
:100940001970FCF75FBDB14CFEF785B98E86FDF7D7
:100950000EB94E85FDF755BBCE85FDF70BBCCE8598
:10096000FDF72CB98E86FDF70DBD4E85FCF715BF42
:100970004E85FDF71EBB4E85FDF73EBE8E86FDF70C
:1009800044B9CE85FCF77BBFCE85FDF737BF416A02
:1009900000F50F7007F07AFBFEF726BD416A4FF0B5
:1009A000004200F50F7007F0D5FBFEF71DBDC169D1
:1009B000383007F06BFBFEF788B8826A383050F8A1
:1009C0001C1C07F0C7FBFEF780B80246FDF798BB7A
:1009D0000021FDF787BB8E4B1980FCF713BDF0EEAD
:1009E000467AFEEEC87A17EE901AFDF77BBB67EEEB
:1009F000237AFDEEE77A17EE902A12B2FDF780BB5C
:100A0000F169484607F0EAFBFDF752B9F16948463B
:100A100007F0E4FBFCF78BBFC169383003B0BDE8D9
:100A2000F04307F0DBBB416A00F50F7007F0D6FB1F
:100A3000FFF7EABB416A00F50F7007F0CFFBFFF745
:100A40004EB9416A00F50F7007F0C8FBFCE6416A39
:100A50004FF0004200F50F7007F07CFBF4E6416AAE
:100A60004FF0004200F50F7007F074FBFFF7CCBBAE
:100A7000416A4FF0004200F50F7007F06BFBFFF783
:100A80002EB9416A00F50F7007F000FBFFF727B998
:100A9000416A00F50F7007F0F9FAFFF7B5BB416A3C
:100AA00000F50F7007F0F2FACEE6F169484607F05C
:100AB000EDFAFCF73CBFB26A4846F16907F04AFB21
:100AC000FCF735BF826A383050F81C1C03B0BDE813
:100AD000F04307F03FBBB26A4846F16907F03AFBC2
:100AE000FDF7E6B8F169484607F0D0FAFDF7E0B83F
:100AF000484BFDF7C8BD484BFFF768B9464BFFF7B9
:100B000089B9454BFFF7AAB8434BFFF75FB8424B93
:100B1000FDF7B6BC404BFFF79BBB404A404CFDF78E
:100B200086BC3D4BFCF75ABD3B4BFCF77ABD3A4BBC
:100B3000FDF792BE374BFDF7CBBC3A49087E10F06B
:100B4000010340F00D830122CC8B40F001000B62C9
:100B50009442087638BFCA83FCF754BC2E4BFFF78B
:100B6000A1B82E4A2E4C37E42B4BFCF77DBD2A4B07
:100B7000FDF76FB89FED2C7AFFF78FB9274A284C05
:100B8000FDF7C2B8244BFCF72BBE234BFDF7CDBDC0
:100B9000214BFDF71BBF204BFEF750BF1E4BFEF74E
:100BA000F1BF1D4BFEF777B81B4BFDF7EBBE1A4BA1
:100BB000FDF78DBB184BFDF7FABD174BFDF7DDBDFB
:100BC000154BFFF727B8134BFFF7DABB134A144C4A
:100BD000FFF7ADBB104BFFF741B90F4B05E500BF69
:100BE000A40C0120DBCE01208893002014CF01202B
:100BF000AB930020F4D2002012CF012013CF0120AC
:100C000036CF0120A59300209A9300204C8E00201F
:100C10009493002000B76D5B0000FF7FDE57170044
:100C2000DF57170000D300205CCF0243D34BC2E450
:100C3000D349087E10F0010340F0B8820122CC8B2A
:100C400040F001000B629442087638BFCA83FCF77B
:100C5000D9BBCA4B68E5CB4BFFF7AABAC74BFDF728
:100C600047BE0023FDF7F2BE00236DE4DFEDC67A38
:100C7000FEF7AEB8DFEDC56AFEF793BAFFEE007A75
:100C8000B4EEE77AF1EE10FA00F18182DFEDC07A7E
:100C900027EE277AFDEEC77A17EE903AFEF75BB89B
:100CA000BC4B0022DA61FCF7ADBB0023FDF7DDB9D8
:100CB000B94BFCF79FBE0023FCF782BE0023FFF771
:100CC000E5BA9FEDB67AFEF7C5B8FFEE007AB4EE4E
:100CD000E77AF1EE10FA00F16682DFEDAD7A27EEE9
:100CE000277AFDEEC77A17EE903AFDF7A0BCAC4B21
:100CF0000022DA61FCF786BBA74BFCF782BB00231E
:100D0000FCF765BBDFEDA77AFEF72ABAA64AFDF726
:100D10007FBEBFEE006AF4EEC66AF1EE10FA00F193
:100D200019829FED9B6A66EE866AFDEEE66A16EE14
:100D3000903AFEF787B9FFEE007AB4EEE77AF1EE6B
:100D400010FA00F10A82DFED927A27EE277AFDEEA3
:100D5000C77A17EE903AFEF7D2BEFFEE007AB4EEF5
:100D6000E77AF1EE10FA00F1F281DFED897A27EEF1
:100D7000277AFDEEC77A17EE903AFDF7ACBF002355
:100D8000FEF7EABDBFEE006AF4EEC66AF1EE10FAB5
:100D900000F103829FED7E6A66EE866AFDEEE66AEA
:100DA00016EE903AFEF78EB90023FFF7D5B900236F
:100DB000FFF705B97C4AFEF77ABC7B4AFEF7AEBD69
:100DC0000023FEF7C3BC794B0022DA61FCF71ABBA3
:100DD000FFEE007AB4EEE77AF1EE10FA00F1DA8174
:100DE000DFED6B7A27EE277AFDEEC77A17EE903AA1
:100DF000FEF74BBE6E4B0022DA61FCF703BB6D4A77
:100E0000FFF705B9FFEE007AB4EEE77AF1EE10FADB
:100E100000F1C681DFED5E7A27EE277AFDEEC77A14
:100E200017EE903AFFF72CB90023FFF70EB9614A8D
:100E3000FFF74CB9DFED607A604927EE277A584A10
:100E4000FCEEC77A17EE903AC2ED077A8B423FF676
:100E50003AAAFCF7D7BADFED587A584927EE277A35
:100E6000524AFCEEC77A17EE903AC2ED077A8B42EF
:100E70003EF689ACFCF7C6BADFED4F7A4F4927EE54
:100E8000277A4B4AFCEEC77A17EE903AC2ED077A02
:100E90008B423CF6CAADFCF7B5BADFED477A47495D
:100EA00027EE277A3B4AFCEEC77A17EE903AC2ED5E
:100EB000077A8B423EF6A2A9FCF7A4BA46F6FF7366
:100EC000FFF742BB3E4BFCF7C4BE3D4BFDF7E3BE14
:100ED0003B4BFDF757BD3A4BFDF7F9B9384BFDF7E2
:100EE00066BC9A42B4BF01224FF0FF324262FEF765
:100EF00007B9344A344CFFF76FBA314BFCF7B4BB37
:100F00002F4BFDF7A9BC314BFDF7E2BA8342CCBFB2
:100F100001234FF0FF334B62FEF70FBE284BFDF766
:100F2000E7BC2A4BFFF72CBA264A274CFFF7FFB93C
:100F3000234BFEF7B7BEAB42CCBF01234FF0FF33CC
:100F40004362FDF7E6BE8342CCBF01234FF0FF337F
:100F50004B62FEF795B81A4BFEF738BE184BFDF7FB
:100F60008FBA1A4BFDF78FBB154BFEF72FBF144BF3
:100F7000FEF750BF124BFEF771BE00BF0000FF7FAF
:100F8000D0E8002000B76D5B0AD7A33B00000080CB
:100F900000FEFF4E8C3601200180FFFF00000000A4
:100FA0000C330120CDCC4C3D4404012044380120B9
:100FB000C0CC00200C040120C637BE470000FE7FD5
:100FC00000000180008C3C4B00BE6C50D0CCCC0C9F
:100FD000914BFFF73DB9914A914CFDF728BA8E4BE2
:100FE000FCF7FCBA8C4BFCF71CBB8B4BFEF726BD09
:100FF000894BFEF7C7BD894A894CFCF785BE864BF5
:10100000FCF7EEBBA342CCBF01234FF0FF3343629A
:10101000FEF759BD804BFDF7B0BB7F4BFEF7FABD25
:101020007D4BFFF781BB7F4BFFF7C2B87A4BFEF7D2
:1010300015BF794BFFF7D9BA774BFDF776BB764BE7
:10104000FDF7C4BC744BFFF7B6BA9842B4BF012396
:101050004FF0FF334B62FDF79CBEF0EE477AFEEE99
:10106000C87A17EE903AFEF771BBF0EE477AFEEEC3
:10107000C87A17EE903AFCF7F8BFDFED6B7A27EEEF
:10108000277AFDEEC77A17EE903A1BB2FCF7B2BC96
:10109000F0EE477AFEEEC87A17EE903AFCF790BC75
:1010A000F0EE477AFEEEC87A17EE903AFFF7EEB808
:1010B0009FED5E6AF1EE476AE7EE467AFEF771B899
:1010C000F0EE477AFEEEC17A17EE903AFDF7BEBC1D
:1010D000DFED557A27EE277AFDEEC77A17EE903AC4
:1010E0001BB2FCF78EB9F0EE477AFEEEC87A17EE27
:1010F000903AFCF76CB9DFED4E6ADFED4E7AE7EE21
:10110000267AFDF765BE41F23A1492FBF4F2FDF740
:10111000B3BF41F23A1691FBF6F1FDF7F6BD41F28D
:101120003A1491FBF4F1FDF7E7BF41F23A1591FB58
:10113000F5F1FEF7C4BC41F23A1492FBF4F2FDF76C
:1011400024BE41F23A1492FBF4F2FEF7F2BC324BA9
:10115000FDF7C1BD304BFDF775BF2F4BFEF7CFBC80
:1011600000230022344D0B62144640FA02F3DF07DD
:1011700007D555F822307F33DB0901339C4238BF55
:101180001C460132082AF0D1CC83FCF73BB9224B34
:10119000FDF7E1BD204BFEF778BC1F4BFDF792BF7A
:1011A0001D4BFEF76DBF1C4BFDF741BA002300221B
:1011B000224D0B62144640FA02F3DB0707D555F8BF
:1011C00022307F33DB0901339C4238BF1C46013299
:1011D000082AF0D1CC83FCF715B900230B7662B650
:1011E000FDF751BF0023037662B6FDF78CBF0023E5
:1011F000037662B6FDF790BD0023037662B6FEF774
:1012000065BC00230B7662B6FCF7FCB800230B76B6
:1012100062B6FCF7F7B800BF00000180008C3C4BC1
:1012200000BE6C50D0CCCC0C00FEFF468FC2F53D0A
:10123000B81E253F0AD7A33B20D30020F0E80020AA
:1012400000230D4A70B50D4D1C460D4E1370072C32
:1012500020460BD0F42C09D036F91430B5F9002013
:1012600019469A4202D02B80FBF790FF01340235D9
:10127000B4F5807FEBD170BD1ACF0120D872002069
:10128000282E01202DE9F0432DED048B87B00FF0BF
:1012900065F8904B024690481A600CF0E3FA039010
:1012A000002800F0DB808D4B07EE900A8C4E93ED0A
:1012B000007AF8EE677AB5EEC07AF1EE10FA00F136
:1012C000D28096ED008A77EEC77A9FED866AF3EEBC
:1012D000046AA7EE867A78EE478A83ED007AF4EE08
:1012E000E68AF1EE10FA00F3EF817F4D002401E071
:1012F000DBB24BB1013428460CF0F0F80C350B2C66
:10130000074680F00103F3DD96ED008A774BB1EEDE
:10131000040A9FED777A1B78DFED760A07EE903AA4
:10132000062B9FED759AF8EE677A28BFF0EE470A14
:1013300028EE099A80EE270A1BF034FCDFED6F7A65
:10134000F4EEE78A69EE009AF1EE10FA00F192806D
:10135000FFB1A8EEE78A6A4BF7EE007A1A68D00769
:1013600086ED008A30D4674C0125674922681D60EC
:1013700023680A609B1A092B2DD8644B644A1B789A
:1013800002EB830292ED007A87FE677A82ED007AA3
:1013900034E0F4EEE98ADFED5F7A9FED5F7AF1EEFB
:1013A00010FA58BFF0EE477AA8EEE78A86ED008A79
:1013B000F4EEE98AF1EE10FA00F26781DFED4F7A80
:1013C0004F4B1A68D007CED54F494E4C0A68236858
:1013D0009B1A092BD1D94D4D2268504B0A602A78AF
:1013E0000132A3FB02131B0903EB8303A2EB83036C
:1013F000474A02EB83022B70C2ED007A444B03F1A3
:101400005002B3EC017A9A42C7FEC77AF9D1002F95
:1014100041D0434B01221A70424B1A68D10734D590
:10142000414A116823685B1A092B17D93F49236881
:10143000B1F900601360B3B2A3F11502C62A40F2FD
:101440008380A3F1EC02132A7ED9394B1B78002B41
:1014500040F0E180374B4FF6FF721A8007B0BDECC9
:10146000048BBDE8F083B0EE678AC6ED007AB0EE7B
:10147000677A28E7DFED307AA8EEE78A86ED008A02
:10148000002F95D0F7EE007A9AE721680120264ACE
:1014900018601160C6E7224A1378002B40F0DC8008
:1014A000264B93ED007A37EEC76ADFED256AF5EE3D
:1014B000407A0022A6EE267AF1EE10FA83ED007A49
:1014C000AAD1DFED207AB4EEE77AF1EE10FA48BF48
:1014D0001A60A1E7BC9D0020900D0120C86A002081
:1014E000CC6A0020CDCC4C3DAC0C0120AE9300204A
:1014F000CDCCEC3F6666A63FCD81C93A0000000026
:10150000209C0020A43A0120C09D0020C5CE0120CF
:10151000CC9D002017B7D139ACC5A737CDCCCCCCEA
:10152000C6CE0120249C0020C49D0020A6CE012010
:10153000FBCE0120849300200AD7A33C4C0F01204E
:10154000022B073D6F12833AA3F1F902022A7FF6BC
:101550007CAFF42E3FF479AFD13B032B7FF675AF10
:10156000A6F1C803012B7FF670AF594B1A68D2075A
:1015700006D42268DFF88891C9F8002001221A6099
:1015800054490DF11602544B304631F9167005A935
:10159000B3F90050F4F7C4F948B1BDF914309D42D5
:1015A000C0F29480BDF916309D42A8BF1D46ED1BC8
:1015B00007EE907A494BB8EEE70A07EE905A93EDA2
:1015C000008AF8EEE77AA7EE880A1BF0B5FAB5EEC6
:1015D000C08A05B2F1EE10FA4DDDDFF824912368E0
:1015E000D9F800209B1AFA2B45D9DFF8188101237E
:1015F0003B4F88F8003030462946FBF7C7FD0023F3
:10160000226888F80030374B3D801B78C9F80020ED
:10161000002B3FF41FAF314BDFED337A93ED000A1F
:10162000324D20EE270A1BF087FAB5F9003004B2DC
:10163000A3420BD02E49C2B22E4B032009781B784F
:10164000CDE9003100231821F2F7CCFE2C8007B041
:10165000BDEC048BBDE8F083204BDFED276A93EDF2
:10166000007A77EE266AF4EEE67AF1EE10FA3FF6AB
:10167000D3AE177017E71A4FB7F90030AB4219D045
:10168000DFF87C90DFF87C80B5E788EEA90A1AF0D5
:10169000E9FEDFED1A7A29EE279AB0EE408A89EE4C
:1016A000290A1AF0DFFEC8EE007AB7EE007AC7FE0C
:1016B000C77A85E6DFF84C8098F80030002B3FF4BD
:1016C000C4AEDFF83C9096E701271FE61D466EE7A3
:1016D000289C0020D8720020A8CE01204C0F0120A9
:1016E000A2CE0120FBCE01200000FE428493002008
:1016F000E1CE01209A9300200AD7A33C039F5240D9
:10170000C89D0020AF9300202DE9F04FDFF8C49072
:1017100091B0DFF8C4800746274E0024274D4FF0D4
:10172000010ADFF8B8B059F8040B04F07DFF58F84F
:10173000040B04F079FF56F8040B04F075FF55F81C
:10174000040B04F071FF0BF804A00134042CEAD15F
:101750001B490BA81B4A002381F800A052F8272040
:101760001949F2F723FD0F98C0B103681B6B984726
:10177000002835D10F9888B10368DB6A98470F9825
:101780004368013B43603BB90368DB6A98470F98A5
:1017900010B103685B68984700230F9322210B4820
:1017A00011F050FE0B2F00F262810121384607AD87
:1017B000074C00F0AFF973E0487100205871002029
:1017C00021CF01209870002050190120602D0020A9
:1017D000D87200208C7200207C720020CC72002015
:1017E000A84904A80EF08CFA0F9807ADC0B10368A1
:1017F0001B6998470122294690B10F9B1846002B80
:1018000000F03D811B689B689847002800F03781F5
:101810009DF81C1004A80EF051FB0F980028E6D18B
:10182000994C04A928460EF089FA21462846F8F773
:1018300055F928460EF09EFA3846F8F777F9934B9B
:101840000F2193481B78A4F8E83111F0FBFD0F98A5
:10185000002800F0048103685B6B9847064628B1B6
:1018600022F0A8FB0146304611F0ECFD89480DF04E
:10187000F9FF0F9888B10368DB6A98470F984368AF
:10188000013B43603BB90368DB6A98470F9810B18E
:1018900003685B68984700230F9304A80EF06AFA68
:1018A0007D487E4B90F900007D4A34F9100093F991
:1018B000003092F9002000EE900A7A49002034F9B5
:1018C0001220F8EEE00A91F90010029334F9133077
:1018D000DFF83C82744F754E009308906A4B9FED81
:1018E000740A74480195CDF81C800A9709960CF08B
:1018F0008BF8099B1BB103222946284698476E4B5B
:10190000019593F900309FED6A0A34F913306B4862
:1019100000EE903A6A4BCDF81C8093F90030F8EE57
:10192000E00A029334F913300093664B93F90030C8
:1019300034F91320644B93F9001000230893524BA1
:10194000CDE909670CF060F8099B1BB10322294619
:10195000284698475D49019591F900105C4A34F991
:10196000111092F9002000EE101A5A4934F9122091
:1019700091F90010B8EEC00A434B34F911105648E3
:1019800000EE901A5549CDF81C8091F90010F8EE40
:10199000E00A029134F911100091514991F90010B7
:1019A00034F911100024CDE9096708940CF02CF8E3
:1019B000099B1BB103222946284698470E21494816
:1019C00011F040FD3348304D01240DF04BFF20460F
:1019D000013435F9021FFBF7D9FBB4F5807FF6D14E
:1019E000414B1B78002B3DD132480CF05BFA334859
:1019F0000CF058FA38480CF055FA3C4B1A7822B1E2
:101A00003B4A002112781970AAB13A4A00213A4B98
:101A10000F9811700B9358B14368013B43603BB979
:101A20000368DB6A98470F9810B103685B689847B2
:101A300011B0BDE8F08F314BF7EE007A30491B78DA
:101A4000304A91ED001A002BDFED2F0A37EEC11A54
:101A500092ED000A47FEA00AF3F714FCD5E7014611
:101A6000084E00E70021084600F08EFCBCE73A462D
:101A70002649084807AD044C0DF010FF10E7FF2180
:101A8000C8E600BFE4420020D872002027CF012022
:101A9000502D0020E06600209D9300209E930020A2
:101AA0009C930020A093002075050000250A0000EB
:101AB0000000C8424CCB0020A99300203C0D01201F
:101AC000AA930020A8930020AD930020B793002094
:101AD000B3930020B493002054180120B593002044
:101AE000B6930020B42D002019CF0120E8CE0120AC
:101AF000F8CE0120EBCE012014470020FACE0120C1
:101B0000800F0120F4C900206666E63E842D002087
:101B1000999F00002DE9F04F04468FB003200D4639
:101B20000021B94E0EF044FC4FF0E0234022B748AC
:101B3000B74F3470C3F88821437957F824202BB16C
:101B4000114608300AF0C2FE57F824200123AF499D
:101B500009A8F2F72BFB002D00F09D801821AD485D
:101B600011F070FCAC480DF07DFEAC4DAC4B57F85D
:101B700024701A6805EB44236402DA8137B13846D1
:101B800022F018FA0146384611F05CFC0DF10C0900
:101B90000DF11808A04825440DF064FEA1494846FF
:101BA000A14F0EF0ADF80A2296F9001040460EF053
:101BB0001DF941464846AC1C0EF06EF940460EF049
:101BC000D9F83946484605F5FF750EF069F90A223D
:101BD00034F9021F40460EF009F9414648460EF01E
:101BE0005BF940460EF0C6F8394648460EF058F903
:101BF000A542ECD1494609A80DF002FE09A80DF056
:101C000031FE48460EF0B6F80E21884811F01AFC55
:101C10000D98002800F0EE8003685B6B984704463F
:101C200028B122F0C7F90146204611F00BFC7A4892
:101C30000DF018FE0D9858B10368DB6A98470D98AF
:101C40004368013B4360002B00F0B08000230D93FC
:101C500096F900000B2800F2D080FFF755FD4FF0F9
:101C6000E023402203200121C3F808210EF0A0FB4D
:101C70006F4B0D98099358B14368013B43603BB9E2
:101C80000368DB6A98470D9810B103685B68984752
:101C90000FB0BDE8F08F1721664811F0D3FB5E4806
:101CA0000DF0E0FD01AC644B294601954FF400486E
:101CB000ADF80850614D93F800E023462846DFF860
:101CC00094A1DFF894B15E4F30F902CBBEF1000F62
:101CD00009D01FFA8CF2A2F1EC09153AC62A7CD978
:101CE000B9F1130F79D9A3F8008001310233032928
:101CF000EAD1544FDFF8209107F5007A37F9021F37
:101D000048460DF0A3FD48460DF0ACFD5745F5D112
:101D10000DF10C090DF1180842494846DFF808B1E9
:101D20000DF0EEFF0A2296F9001040460EF05EF824
:101D300041464846444F0EF0AFF840460EF01AF8C0
:101D4000594648460EF0ACF80A2237F9021F4046C1
:101D50000EF04CF8414648460EF09EF840460EF014
:101D600009F8594648460EF09BF85745ECD14946CC
:101D700009A80DF045FD09A80DF074FD48460DF0C9
:101D8000F9FF2D4BA21DDFF8CCC0197849B1B5F988
:101D9000000083B2A3F1EC07153BC62B11D9132F1A
:101DA0000FD902340235A242F0D12DE70368DB6A75
:101DB00098470D9800283FF449AF03685B6898473F
:101DC00044E7B4F900300234023513F5004F18BF70
:101DD0002CF81030A242D9D116E73BF911203AF97C
:101DE0001C904A457FF47FAF1A8037F811202AF8FB
:101DF0001C207AE70146154C16E7024614490648AE
:101E00000DF04CFD2BE700BFE7CE0120501901205B
:101E100098700020042E0020E0660020E47400206A
:101E2000709300209C300020A0300020382E00202D
:101E300014470020202E0020E8CE0120008D002035
:101E4000A8FE0020D6720020DA720020E4420020B2
:101E5000842D0020D8720020A0FE0020F8B56C4D23
:101E60002C68E40705D46B4C26686B4C2660012473
:101E70002C606A4C247824B9694C24780CB922B1BE
:101E80001BB1684B00221A70F8BD664C02282578F9
:101E90004BD1012B49D0002D5BD101215D4B624E0E
:101EA0002170317019681B685B485B1A0160B3F5DB
:101EB000C87FE9D3002AE7D05C48002318212370AB
:101EC00011F0C0FA5A480DF0CDFC5A4B1978002990
:101ED00065D0594C337894F90000584A002B5CD0F7
:101EE000013082FB0032C317C3EB620303EB4303F1
:101EF000A0EB830040B20B2820707AD8FFF704FCD7
:101F00004F4BF7EE007A4F491B784F4A002BDFED1D
:101F10004F0A91ED001A92ED000A47FEA00A37EE33
:101F2000C11ABDE8F840F3F7ADB9022915D1012A6D
:101F300013D0EDB9374A01213B4E21701168126868
:101F40003548521A35700160B2F5C87F9CD36BB921
:101F5000F8BD022901D1012A0AD1334E377857BB87
:101F6000012952D12B4B1B68002D8DD03848A4E796
:101F70002D4E35782DB1012825D1264B2B481B68D5
:101F80009BE72449244809680068091AB1F5C87F0D
:101F9000FFF47AAF9A42E9D1F8BD0B30A1E72D4B9F
:101FA000254C1B78002B95D094F900000B2826D8DF
:101FB000FFF7B0FD8EE7012805D1164B1B68002DF9
:101FC0007FF47AAFF8BD1449012708681149096800
:101FD000002D3FF459AF091AB1F5C87FFFF454AF93
:101FE0009A423FF451AF1148194B002F08BF1846D1
:101FF00063E7024618490E480DF050FC80E70246A0
:1020000015490B480DF04AFC64E703490868DDE711
:102010004C9C0020A43A012090C60020F8CE01205C
:1020200005CF0120CDCE0120CCCE012050300020A4
:10203000E066002019CF0120E7CE0120ABAAAA2A32
:10204000FACE0120800F0120F4C900206666E63E2A
:1020500034300020EBCE0120842D00202DE9F84FF4
:102060009A4D40F2EE289A4C9A4FDFF8FC922E6877
:1020700011F066FA2378002B00F0D0803B78DB0764
:1020800040F1CC802B68D9F800209B1A0E2B40F22F
:10209000C5801D21904811F0D5F990480DF0E2FB64
:1020A0004FF496618E4824F03DF8F3F7BBFAF4F74D
:1020B000B5F840F201128B498B4804F05FFB40F207
:1020C00001128849894804F059FB72B6884B0022F6
:1020D00088491A76D96162B687494FF400404FF4B7
:1020E0008033864C8861A361C861854C85488649E8
:1020F000A36100F10C05854C0A6350F8041B54F8E9
:10210000042B8542C1E90633C1E90833C2E906332D
:10211000C2E90833F1D17E484FF48033DFF84CB286
:102120004FF40045DFF848A24FF40054DFF8449222
:102130000022DFF84482DFF844E2DFF844C2754F42
:10214000754E50F8041BC1E906330B625BF8041BA3
:102150008D615AF8041B81F839228C6259F8041BEE
:1021600081F839228C6258F8041B81F839228C627C
:102170005EF8041BCD615CF8041B0A63674947F8ED
:10218000043F814246F8043FDBD1654B002003F158
:10219000300153F8042B8B421063FAD1614B40F2AB
:1021A0001E5261485A620BF0ABF960480BF08AFA94
:1021B0005E480BF00DFB00210A200EF035F90021DE
:1021C00008200EF031F9002109200EF02DF9002130
:1021D0000B200EF029F9564B1B78002B6AD11721E2
:1021E000544811F02FF93D480DF03CFB4FF480119D
:1021F000514823F093FFF8B9504A514937480DF040
:102200004DFBC82100200EF0D1FC002101200EF072
:10221000CDFC002102200EF0C9FCF2E72B682278E9
:102220009B1B32B1B3F5FA6F3FF633AF11F088F96B
:102230001EE74345FAD92CE71221424811F002F972
:1022400026480DF00FFB404B93F900000B2836D8C1
:10225000FFF75AFA3D4C3E4DDFF8288104F10C0699
:102260003C4F14F8010B98F800203978F7F710FC70
:10227000B44205F8010BF4D10A200EF0C3F8014670
:102280003548003918BF01210BF002F932480BF034
:1022900025F910B9314B01221A701721304811F07D
:1022A000D1F80E480DF0DEFA01210320BDE8F84F09
:1022B0000EF07EB8FF210C200EF078FC8FE702466E
:1022C000284906480DF0EAFAC4E700BFA43A012005
:1022D0002ECF01202DCF0120785A0020E06600206B
:1022E00000002020D88C01200CCC00200C3A0120CA
:1022F000240701200000FF7FD43901209032012003
:10230000F8C90020608F00200C0401202C900020D0
:10231000BC720020C03A0120D0C90020CC7200203D
:102320006C8F0020BCC9002038CA0020900D01200D
:10233000E6CE0120985A002050190120B05A002002
:10234000C45A0020D85A0020E7CE0120848D0020F6
:10235000F4D2002013CF0120D09B0020FDCE01201D
:10236000EC5A0020842D0020AC3B01207871002025
:102370008871002098710020A87100209C720020B4
:102380007C72002012CF012010B50C46ADF5007D07
:10239000062839D8DFE800F0123B566D80AE040005
:1023A000674B1B78002B00F0C780FEF749FF112117
:1023B000644811F047F864480DF054FA122163485C
:1023C00011F040F860480DF04DFA614C0DF5007CBD
:1023D0006B4643F6FF7E002134F9022F8A420846FD
:1023E00006DB7245A8BF724602F07F00C2F3C71138
:1023F0001870023303F8011C6345ECD100224FF43E
:102400000071684610F02AFA0DF5007D10BD0D210F
:10241000504811F017F84C480DF024FA0021032021
:102420000DF0C6FF4C4823F089FE00204B4B18707E
:10243000FFF76AF9012103200DF5007DBDE810408A
:102440000DF0B6BF1021464810F0FCFF00230A2211
:1024500021463D480DF030FA3B480DF003FA0B2CB5
:102460005ED8002120460DF5007DBDE81040FFF745
:1024700051BB10213A4810F0E5FF00230A22214603
:1024800031480DF019FA30480DF0ECF9334B0B2CB4
:102490001C7045D80121E5E70B29B5D80E2131483C
:1024A00010F0D0FF214600230A2227480DF004FA3D
:1024B00025480DF0D7F92949214B002220460C7000
:1024C0001A70FFF721F92849F7EE007A274B91EDB2
:1024D000001A274A1B7837EEC11ADFED260A002BB7
:1024E00092ED000A47FEA00A0DF5007DBDE8104000
:1024F000F2F7C8BE124C2378DBB91F494FF40072C3
:102500001E480EF023FA012311211D48237010F0FC
:1025100099FF0D480DF5007DBDE810400DF0A2B902
:102520002246184908480DF5007DBDE810400DF021
:10253000B5B92C211448EAE70E211448E7E700BF9B
:102540001ACF0120C42E0020E0660020482E002073
:10255000D67200205C2E002050190120E7CE012009
:102560006C2E0020E82E0020800F0120FACE0120E2
:10257000F4C900206666E63ED8720020282E0120AD
:10258000802E0020842D0020942E0020D82E0020A4
:102590002DE9F04F844C87B0CDE903232368DD0794
:1025A00005D4824B1A68824B1A6001232360814B49
:1025B0001A68D40705D47D4A14687F4A1460012242
:1025C0001A60022800F07A81022900F0BA800128FE
:1025D00002D17A4B00221A70012902D1784B0022D5
:1025E0001A70784B1B78002B00F0BA80764B029360
:1025F000764B0193039B002B00F00481049B002B7E
:1026000000F00081724B0593029B1B7833B9674B36
:102610001A68704B1A600123029A13706E4E4FF0C5
:10262000010B6E4D06F1FC073446B24631E048EA34
:1026300009032B600AF050FF20B169490B6843EA97
:1026400009030B6028FA0BF20BF1FF3365494FF0D9
:10265000010CD207A1FB031016D4AEB1019A20F0F1
:10266000010182F800C001EB50015F4A82FB03C206
:10267000C2EBE3725B1A5D49C3EBC3030B44134423
:102680005B4A93F9063013600C340BF1010BA7423F
:102690001ED020464FF001090AF014FF20460AF030
:1026A0001DFF06464B462046D5F8008009FA0BF977
:1026B000002EBCD103FA0BF928EA09032B600AF0BB
:1026C0000BFF0028B9D10C340BF1010BA742E0D16C
:1026D000019B56461B78FBB1454B1B68591C1BD010
:1026E000444A11788B4217D01370434C434AA2F8E6
:1026F000463023782BB1F7F71FFC23780BB1F9F79D
:10270000C1FC3F4B012230460C361A700AF0E6FE3F
:1027100040B9B74200F0E28030460C360AF0DEFEE7
:102720000028F6D0324B1B685A1C00D05BB2059AC9
:102730001370244B1B78002B00F0A68007B0BDE877
:10274000F08F1F4B0124194A1C70A04212681A4BCB
:102750001A603FF43EAF1B4B1B78002B7FF446AF53
:10276000164A127822B1164A1278002A40F0B9802F
:10277000154B0293039B002B00F08680049B002BDB
:1027800000F08280029B1B7833B9084A0121114B6B
:10279000126802981A6001700A4B1B78002BCDD189
:1027A000024B1B68CAE700BF509C0020A43A0120DE
:1027B00094C60020549C002098C60020CECE012054
:1027C000D0CE0120F8CE012005CF0120D1CE0120AE
:1027D000B19300201C2E012050CA0020680F012058
:1027E000700F0120ABAAAAAA56555555F0470020F4
:1027F000E86A0020F9CE0120D9CE0120D87200204D
:10280000EBCE0120624BF7EE007ADFED620A1B7817
:10281000614A002B614B624D93ED001A47FEA00AFE
:10282000604B37EEC11A93ED000A00231370F2F7E4
:1028300029FD2B6801335C4B1A785C4B00F09480C7
:102840001A705B4B1B78002B40F09480594B01248D
:10285000594A1968029B1160002201991C704FF0BF
:10286000FF330A701621554A55482B6013700592A4
:1028700010F0E8FD53480CF0F5FF534B1C70464B2D
:102880001B78002B7FF4C0AE029B1B78002B3FF41B
:1028900055AF484B484A1B6812689B1AB3F5C87F6E
:1028A0007FF64CAF039B1BB1049B002B7FF446AF1C
:1028B0000023454A029913700B703FE7434A0123F6
:1028C0004348022913703B4A146804607FF484AEC5
:1028D000404912680B70404B1A6082E64FF0FF339C
:1028E00025E73B4A334E11683268521AB2F5C87F69
:1028F000BFF43EAF384A11683268521AB2F5C87F49
:10290000BFF436AF4FF00109344C234A344D04F183
:10291000FC084F4682F800902B6020460C340AF0E9
:10292000DDFD07FA09F309F1010910B12A68134323
:102930002B604445F1D12B4B012532681D70029369
:102940001D4B214C1A60284B1A460193002313702B
:102950004FF0FF32124B1A60237883B10E4B1B7875
:10296000002B3FF407AF45E693F9001091427FF446
:1029700067AF6BE700210846FFF706FD66E7172102
:102980001A4810F05FFD0F480CF06CFF2570E5E76A
:10299000FACE01206666E63EF8CE0120800F0120C7
:1029A000E86A0020F4C90020F9CE0120B09300208D
:1029B00019CF0120A43A01201C2E0120B193002040
:1029C00084300020E0660020CFCE0120CECE012052
:1029D00094C60020D0CE012098C6002050CA002006
:1029E000680F012005CF0120D1CE01206C300020DE
:1029F000874B70B52DED028B1B788CB0F02B27D058
:102A0000FA2B08D1834B1B78002B40F0AA800CB026
:102A1000BDEC028B70BDFC2B3DD17E4B1B78002B97
:102A2000F5D07D4B7D491B687D4A7E488B420092E4
:102A3000029005D803EB4303DC00013C102C7ED848
:102A4000794B02AE304698470CB0BDEC028B70BD9E
:102A5000764A774B12781B7843EA0223062BD6D1AD
:102A6000744C6378A3F17E02012AD0D9A578802620
:102A700016FB0535FF2DCADC6F4B01221A70002DA5
:102A800040F0A3802179E078FFF77EFC6B4A6C4B25
:102A900012681A60BBE7F82BB9D15E4B1B78002B8C
:102AA000B5D0684C684E94ED008A0DF057FC336841
:102AB000B2EE047AF2EE066A644DC01A644BB3FBC0
:102AC000F0F307EE903AF8EEE77AE8EE077A87EE51
:102AD000A67A84ED007A0DF041FC5E4BDFED5E7A64
:102AE00093ED006A94ED007A26EE276ADFED5B6ACB
:102AF00037EE077A2A685A4B01324749C6EE877A81
:102B00003060182A2A60C6EE076ABCEEE67AF8EE54
:102B1000476A83ED007A77EEE67AFCEEE77A17EE05
:102B2000903AC1ED007A2BD0122A7FF770AF4D4852
:102B30000CB0BDEC028BBDE870400CF0CFBD02AE16
:102B400008A806923146F0F7EFFD224606A945484F
:102B50000CF042FD069B08A8DB689847009BDB68E9
:102B600070E70023394A404913600B70F4F7C8FA44
:102B70000E213E4810F066FC3D480CF073FED6E78F
:102B80002649274A27488B42009202903CD803EB03
:102B90004303DC00013C102C36D902AE08A8069293
:102BA0003146F0F7C1FD224606A92E480CF014FD6F
:102BB000069B08A8DB689847009BDB68304698476F
:102BC000F4F79EFA00232B6021E71F21294810F01B
:102BD00039FC294626480CF039FEE37822790C218D
:102BE000254816FB023610F02DFC214831460CF02A
:102BF0002DFE1F480CF036FE204B3146284623F8A8
:102C00001560FAF7C3FA41E7074B02AED6E700BFFB
:102C100034CF01200FCF0120F8310120AAAAAA0A3F
:102C2000084800200D3F00004505000033CF01207B
:102C300032CF0120003C012019CF0120A43A01200D
:102C40009C3B0120588E0020780F01204C10012061
:102C5000A0252600C48E0020C0E1644CC0E1E44CF5
:102C6000840F01205C8E00200ECF0120F42D002067
:102C7000E0660020C42D0020E42D0020D872002042
:102C80002DE9F04FDFF8808185B098F80010002919
:102C90005AD1DFF878B10C46DFF874A1C8235F463B
:102CA000DFF84C9139F913604FF6FF7327F8023BB8
:102CB000B3B2A3F11505A3F1EC02132A88BFC62D08
:102CC00094BF0125002539D8D13B032B36D9A6F175
:102CD000C803012B32D9E3B24CB1BBF90020B24298
:102CE0002CD0022B03D1BBF90230B34226D039F8E5
:102CF000163003A93A4A304627F8026C22F81430FD
:102D00000DF10E02374BE35C39F913300193F2F702
:102D100007FE019B40B1BDF90C2093425DDBBDF97C
:102D20000E209342A8BF13462F4A1946304629F871
:102D3000163022F81430FAF729FA2946022C3CD032
:102D400001341AF8013FADE7284D0424284E264FE0
:102D5000DFF88C9035F9020D4FF6FF7300280DDB7C
:102D600036F91010E25F914207D134F9091026F8C4
:102D70001010FAF70BFA4FF6FF732B80023CA31CDE
:102D8000E8D11C4BF7EE007A1B4993ED001A0023A3
:102D900009781A4A37EEC11A9942DFED190A92ED05
:102DA000000A47FEA00A88F80030F2F76BFA154BCC
:102DB0001B785BB905B0BDE8F08F0029FAD001237C
:102DC00088F800300F4B1B78002BF3D00021084609
:102DD00005B0BDE8F04FFFF7D7BA1346A4E700BF30
:102DE000A8FE0020843E0020A0FE0020068D0020CA
:102DF000D8720020800F0120FACE0120F4C90020F3
:102E00006666E63E19CF0120E8CE0120008D002045
:102E1000883E00202DE9F04184B0F2F7D3FB00207A
:102E20000FF0F8FD002840F01981A64B1A782AB15E
:102E3000A54AD2F88421140600F1CB800B20DFF8DC
:102E4000F4820DF0DFFA0146A048003918BF0121D5
:102E50000AF01EFB09200DF0D5FA01469C48003906
:102E600018BF01210AF014FB08200DF0CBFA01462F
:102E70009848003918BF01210AF00AFB0A200DF01A
:102E8000C1FA01469448003918BF01210AF000FB3D
:102E9000924993480AF076FBF9F714FCF9F7AAFA7D
:102EA0008B480AF00FFB04468A480AF00BFB0146E8
:102EB000874803910AF012FB0246864800920AF006
:102EC0000DFB009A0346039902902046019200915F
:102ED000FFF75EFB00992046DDE90123FEF7BEFF08
:102EE00098F80030002B40F0B6807E4B197800290E
:102EF00000F0AC807C4C7D4800910AF027FE2378DE
:102F00000099184320707A480AF020FE237800992F
:102F10000343784823700AF019FE2278764B104359
:102F20001B782070002B40F0A380744E3368D807C4
:102F300040F19780724C0DF011FA2368C01AB0F579
:102F4000FA6F01D3FEF79EF96E4A1368D90705D4CC
:102F50006D4B01206D491B6810600B606C4A136853
:102F6000DB0705D4684B01206A491B6810600B60C1
:102F7000694E5A480AF0B2FA337818BB002B40F079
:102F80008580664C664F3B78012B74D03070F3F728
:102F9000A9F8644B1B781BB998F80030002B7FD040
:102FA00094F90030002B17DAF6F724FEF8F770FBDF
:102FB0005D4B1B780BB1F1F741FD04B0BDE8F0416A
:102FC000F1F726BC002BDCD14F4B504A1B68136035
:102FD000D7E700221A7031E7544A03263F4D137099
:102FE000F8F728FF012394F9000016FB003000EBEE
:102FF000400005EB80000AF071FA94F900200223EA
:10300000074616FB02334A4E03EB430305EB8300EE
:103010000AF064FA94F900300090013303EB4303A3
:1030200003EB430305EB83000AF058FA00990246CC
:103030003846F8F7FDFC33782BB1F9F723F83378ED
:103040000BB1F6F779FFF9F7BBFBADE723480AF0C0
:1030500045FA01464EE7F9F707F946E7FFF7C8FCDE
:10306000E3E60DF07BF9264C01232060336062E734
:10307000F1F7FCFA59E7274B1A68234B1B689B1A98
:10308000B3F5C87F82D900233B707FE71E4B1F49F1
:103090001A680968214C521AF92A04D9204FF2E71C
:1030A000F9F75CF97CE794F900201D4F0132EAD171
:1030B0003A781849012A3FD001223A701A680A600A
:1030C000DCE700BF19CF012000002E40400F012097
:1030D0008C3B0120B0FE0020D09B002044CA002081
:1030E00038CA0020FACE0120EBCE01204CCB0020C4
:1030F0003C0D012054180120FBCE01201C9C002017
:10310000BC9D0020589C0020A43A01209CC60020B1
:103110005C9C0020A0C60020D2CE0120A1930020FC
:10312000D3CE0120E6CE012001CF0120EDCE01203B
:10313000D9CE01200FCF01201A680D68521BB2F5BD
:10314000C87FB9D238700090FFF79AFD00981AE74F
:103150002DE9F04FBD4885B0F0F7DEFFBC48F0F731
:1031600077FFBC48F0F77AFEBB48F0F777FEBB4824
:10317000F0F7D2FFBA48F0F76BFFBA48F0F738FF24
:10318000B948F0F76BFEB948F0F768FEB848F0F7B9
:1031900065FEB848F0F7C0FFB748F0F75FFEB748E4
:1031A000F0F7BAFFB648F0F759FEB648F0F756FE0A
:1031B000B548F0F7B1FFB548F0F750FEB448F0F766
:1031C0004DFEB448F0F7A8FFB348F0F76FFFB348DF
:1031D000F0F76CFFB248F0F769FFB248F0F766FF0E
:1031E000B148F0F763FFB148F0F760FFB048F0F77F
:1031F0005DFFB048F0F75AFFAF48F0F757FFAF4810
:10320000F0F754FFAE48F0F751FFAE48F0F74EFF2D
:10321000AD48F0F781FFAD48F0F71AFFAC48F0F782
:1032200017FFAC48F0F714FFAB48F0F711FFAB48BD
:10323000F0F70EFFAA48F0F70BFFAA48F0F708FFD7
:10324000A948F0F705FFA948F0F702FFA848F0F7F2
:10325000FFFEA848F0F7FCFEA748F0F7F9FEA748E4
:10326000F0F7C6FEA648F0F7C3FEA648F0F7C0FE8A
:10327000A548F0F7BDFEA548F0F7F0FDA448F0F72B
:10328000EDFDA448F0F7EAFDA348F0F7E7FDA348F9
:10329000F0F7E4FDA248F0F7E1FDA248F0F7DEFD0B
:1032A000A148F0F7DBFDA148F0F7D8FDA048F0F702
:1032B000D5FDA048F0F7D2FD9F48F0F7CFFD9F481D
:1032C000F0F7CCFD9E48F0F7C9FD9E48F0F7C6FD2B
:1032D0009D48F0F7C3FD9D48F0F7C0FD9C48F0F70E
:1032E000BDFD9C48F0F7BAFD9B48F0F7B7FD9B4841
:1032F000F0F7B4FD9A48F0F7B1FD9A48F0F7AEFD4B
:103300009948F0F7ABFD9948F0F7A8FD9848F0F719
:10331000A5FD9848F0F7A2FD9748F0F79FFD974864
:10332000F0F79CFD9648F0F799FD9648F0F796FD6A
:103330009548F0F793FD9548F0F790FD9448F0F725
:103340008DFD9448F0F78AFD9348F0F787FD934888
:10335000F0F704FF9248F0F7A9FE9248F0F7FEFE5E
:103360009148F0F7A3FE9148F0F7A0FE9048F0F7DF
:103370009DFE9048F0F79AFE8F48F0F797FE8F4831
:10338000F0F766FE8E48F0F7E9FE8E48F0F78EFE05
:103390008D48F0F78BFE8D48F0F788FE8C48F0F7EB
:1033A000DDFE8C48F0F782FE8B48F0F77FFE8B48FD
:1033B000F0F77CFE8A48F0F7E3FD8A48F0F7E0FD7D
:1033C0008948F0F7DDFD8948F0F7DAFD8848F0F725
:1033D000D7FD8848F0F7D4FD8748F0F7D1FD87483E
:1033E000F0F7CEFD8648F0F7CBFD8648F0F7C8FD34
:1033F0008548F0F7C5FD8548F0F7C2FD8448F0F731
:10340000F7FD8448F0F7F4FD8348F0F7F1FD8348B9
:10341000F0F724FD8248F0F7EBFD8248F0F7E8FD75
:103420008148F0F7E5FD8148F0F718FD8048F0F796
:1034300015FD8048F0F712FD7F48F0F7D9FD7F4871
:10344000F0F7D6FD7E48F0F7D3FDFBE01C380120F5
:10345000443801200C040120440401202CD1002018
:1034600054D10020D4390120308C0120B87F0120B4
:10347000807F012024740120688C0120D4800120E9
:10348000D072012008730120746701205866012062
:1034900020660120C45A012054A601202C9F01203F
:1034A000E8A9012010B1012070940120C0A20120E0
:1034B000989B01207CAD0120A4B40120DC90012068
:1034C00038B801200498012024070120FCCC0120F9
:1034D000BCC601204CC80120CCBB01200CC201207D
:1034E0009CC301202CC50120DCC901206CCB01202C
:1034F000ECBE01205CBD01207CC00120F07F0120DA
:10350000A08C01204073012090660120ACFF0020B8
:10351000E4FF0020540001208C000120C4000120A1
:10352000CCFE00201C00012074FF0020340101208B
:103530003CFF002004FF0020FC0001202C030120A0
:103540009C030120A401012014020120F4020120A7
:1035500064030120D403012084020120BC02012065
:10356000DC0101206C0101204C02012074060120C5
:10357000B4040120AC060120E40601200406012069
:103580003C060120EC040120CC050120240501208B
:103590007C0401205C050120940501208474012035
:1035A000CC7B012034810120387801207C880120E7
:1035B000A4740120E884012054810120C0CC0020A3
:1035C000D46701201C6F0120886B0120F467012063
:1035D000245B01206C620120445B0120D85E012045
:1035E0002C09012068090120C4070120E0090120FD
:1035F000B40801201C0A0120F0080120A4090120C0
:10360000580A01203C080120780801200008012008
:103610001C3B0120E43A0120543B01206080012042
:103620004C740120FC8001209C670120B0730120B4
:1036300000670120505A0120EC5A0120AC3A0120C9
:10364000B4350120B148F0F7D3FCB148F0F7D0FC15
:10365000B048F0F7FDFCB048F0F792FCAF48F0F747
:103660008FFCAF48F0F78CFCAE48F0F789FCAE4811
:10367000F0F7BEFCAD48F0F7F1FBAD48F0F7EEFB1C
:10368000AC4CAD48DFF8BCA3F0F7E8FBAB4DAC4861
:10369000F0F7E4FBAB4E04F1180202212046AA4FDA
:1036A000F0F7B8FB05F1180202212846C4F800A083
:1036B000A64CF0F7AFFB06F1180202213046C5F820
:1036C00000A0F0F7A7FBA24D04F11802022120464A
:1036D000C6F800A0F0F79EFB9E4EC4F800A00024A0
:1036E00005F1180201212846F0F794FB9A4A9B49FC
:1036F00028462E60EC6110F013F89948F0F778FC3A
:103700009848F0F775FC9848F0F70EFC9748F0F7EA
:103710000BFC9748974DF0F707FC9748F0F768FCCB
:103720009648F0F72DFC05F1180201212846F0F724
:1037300071FB894A894928462E60EC610FF0F0FF41
:103740008F48F0F755FC8F48F0F752FC8E48F0F7A1
:103750007FFC8E48F0F74CFC8D48F0F711FC8D484B
:10376000F0F7B0FB8C4D8D48F0F772FC8C48F0F709
:103770003FFC05F1180202212846F0F74BFB89486F
:10378000C5F800A0F0F734FC874E8848F0F7F8FB46
:103790008748F0F797FB874A3368176014611481F4
:1037A000D460002B02F0EA8419465B69002BFBD140
:1037B0004A610024804B7F48012513604FF00208C6
:1037C00054614FF003095460947203F077FA7B4818
:1037D000F0F70EFC7A48F0F7D3FB7A48F0F708FCD4
:1037E000794A7A497A48F0F703FB5B4A7949784885
:1037F0000FF096FF784A79497948F0F7F9FA564A76
:10380000744977480FF08CFF76480BF00DFD764B2E
:1038100022466D49009573480BF07AFD4E4A6D497A
:1038200070480FF07DFF71480BF0FEFC6E4B224696
:1038300069496E4800940BF06BFD474A65496B4837
:103840000FF06EFF6A4A6B496B48F0F7D1FA424AB3
:10385000604969480FF064FF684A66496848F0F7B4
:10386000C7FA3D4A5B4966480FF05AFF654A61490D
:103870006548F0F7BDFA384A564963480FF050FFE3
:10388000624A5C496248F0F7B3FA334A51496048EA
:103890000FF046FF5F4A60496048F0F7A9FA2E4AE8
:1038A0004C495E480FF03CFF5D4A5B495D48F0F7CC
:1038B0009FFA294A47495B480FF032FF5A4A564956
:1038C0005A48F0F795FA244A424958480FF028FF21
:1038D000574A51495748F0F78BFA1F4A3D49554816
:1038E0000FF01EFF54480BF09FFC544B22463E49FC
:1038F000514800940BF00CFD174A36494E480FF022
:103900000FFF4F480BF090FC9EE000BF44350120B4
:103910007C3501209CCF0020988001203867012051
:10392000E8730120885A0120BCC90020185A0120E0
:1039300078730120B0720120C8660120607F0120E9
:1039400028800120108C0120904500200066012075
:103950000C3A0120E4460020F86A0020713501008D
:10396000303A0120C0CB0020940A0120300B012006
:10397000CC0B01200CCC00206C0C0120880701200E
:103980009032012030CC00208C360120683A012092
:103990004C070120D0E800200C3601200C33012018
:1039A000F8C9002088CC0020749C0020C832012077
:1039B00000D30020500F0120F84500209C34012046
:1039C000C0CE0020FCCE00200C0401201C380120B9
:1039D000441A0120D1C101004404012044380120CF
:1039E000F02201208C270120D439012068280120F1
:1039F000206601202CD1002044290120D072012012
:103A0000202A0120807F0120FC2A0120308C012007
:103A1000D82B01205866012054D10020B42C01205D
:103A200008730120581A0120B87F0120341B01209F
:103A3000688C0120101C0120EC1C0120DC9001206E
:103A4000C81D0120C0460020A64B2246A649A74813
:103A500000940BF05DFCA64AA649A4480FF060FE56
:103A6000A5480BF0E1FBA54B22469F49A2480094D4
:103A70000BF04EFC9E4A9F499F480FF051FEA04814
:103A80000BF0D2FB9F4B224697499D4800940BF0C8
:103A90003FFC974A97499A480FF042FE9A480BF02C
:103AA000C3FB9A4B22469049974800940BF030FC98
:103AB0008F4A904994480FF033FE95480BF0B4FBC1
:103AC000944B22468849924800940BF021FC884A86
:103AD00088498F480FF024FE8F480BF0A5FB8F4BD1
:103AE000224681498C4800940BF012FC804A81499F
:103AF00089480FF015FE8A480BF096FB894B224649
:103B00007949874800940BF003FC794A7949844845
:103B10000FF006FE84480BF087FB844B2246724967
:103B2000814800940BF0F4FB714A72497E480FF013
:103B3000F7FD7F480BF078FB7E4B22466A497C48B4
:103B400000940BF0E5FB6A4A6A4979480FF0E8FDFA
:103B500079480BF069FB794B22466349764800941B
:103B60000BF0D6FB624A634973480FF0D9FD7448E5
:103B70000BF05AFB734B22465B49714800940BF0E3
:103B8000C7FB5B4A5B496E480FF0CAFD6E480BF0FD
:103B90004BFB6E4B22466E4900956B480BF0B8FB11
:103BA000534A544968480FF0BBFD6A480BF03CFB90
:103BB000694B22466949674800940BF0A9FB4C4ABF
:103BC0004C4964480FF0ACFD65480BF02DFB624B8F
:103BD00022466449009562480BF09AFB444A4549E5
:103BE0005F480FF09DFD60480BF01EFB5A4B2246CC
:103BF0005E49CDF800805C480BF08AFB3C4A3D49A9
:103C000059480FF08DFD5A480BF00EFB4F4B2246E2
:103C10005849574800940BF07BFB354A35495448C6
:103C20000FF07EFD54480BF0FFFA484B22465349F3
:103C3000CDF8008050480BF06BFB2D4A2D494E48C3
:103C40000FF06EFD4E480BF0EFFA4E4B22464E49F8
:103C500000954B480BF05CFB254A264948480FF07D
:103C60005FFD4A480BF0E0FA464B22464849474878
:103C700000940BF04DFB1E4A1E4944480FF050FDC6
:103C800044480BF0D1FA3F4B22464349CDF800801F
:103C900040480BF03DFB164A16493E480FF040FDE8
:103CA0003E480BF0C1FA3E4B22463E493B48009449
:103CB0000BF02EFB0E4A0F4938480FF031FD3A4801
:103CC0000BF0B2FA364B22463849009536480BF0D5
:103CD0001FFB074A074934480FF022FD34480BF018
:103CE000A3FA67E02C9F0120D4390120C81D0120D0
:103CF000F86A0020D1C10100A41E0120C0A2012049
:103D0000801F012054A601205C200120E8A9012089
:103D1000382101207CAD01201422012010B10120A6
:103D200004230120A4B401204C26012038B801202E
:103D3000EC26012070940120002701200498012026
:103D400014270120989B012028270120A08C012006
:103D5000308C01203C270120F07F0120B87F01201A
:103D600050270120807F0120642701202474012036
:103D700078270120688C0120A0270120D480012011
:103D8000B427012040730120D0720120C8270120F0
:103D900008730120DC27012074670120F02701202F
:103DA0009066012058660120042801202066012029
:103DB000182801209F4B22469F49CDF800809F483C
:103DC0000BF0A6FA9E4A9F499C480FF0A9FC9E4A18
:103DD0009E499F48F0F70CF8994A9A499C480FF081
:103DE0009FFC9C4A9C499D48F0F702F8944A9549EB
:103DF0009A480FF095FC9A4A9A499B48EFF7F8FFCA
:103E00008F4A904998480FF08BFC984A98499948F6
:103E1000EFF7EEFF8A4A8B4996480FF081FC964AED
:103E200096499748EFF7E4FF854A864994480FF092
:103E300077FC944A94499548EFF7DAFF804A814924
:103E400092480FF06DFC924A92499348EFF7D0FFE9
:103E50007B4A7C4990480FF063FC904A9049914816
:103E6000EFF7C6FF764A77498E480FF059FC8E4A25
:103E70008E498F48EFF7BCFF714A72498C480FF0AA
:103E80004FFC8C4A8C498D48EFF7B2FF6C4A6D4964
:103E90008A480FF045FC8A4A8A498B48EFF7A8FF09
:103EA000674A684988480FF03BFC884A8849894836
:103EB000EFF79EFF624A634986480FF031FC864A5D
:103EC00086498748EFF794FF5D4A5E4984480FF0C2
:103ED00027FC844A81498448EFF78AFF584A5949A8
:103EE00081480FF01DFC814A7C498148EFF780FF33
:103EF000534A54497E480FF013FC7E4A77497E4866
:103F0000EFF776FF4E4A4F497B480FF009FC7B4A9A
:103F100072497B48EFF76CFF494A4A4978480FF0ED
:103F2000FFFB784A6D497848EFF762FF444A4549FC
:103F300075480FF0F5FB754A68497548EFF758FF6B
:103F40003F4A404972480FF0EBFB724A634972489E
:103F5000EFF74EFF3A4A3B496F480FF0E1FB6F4ADB
:103F60005E496F48EFF744FF354A36496C480FF019
:103F7000D7FB6C4A59496C48EFF73AFF304A314950
:103F800069480FF0CDFB694A54496948EFF730FFA3
:103F90002B4A2C4966480FF0C3FB664A4F496648D6
:103FA000EFF726FF264A274963480FF0B9FB634A1B
:103FB00063496448EFF71CFF214A224961480FF02A
:103FC000AFFB614A61496248EFF712FF1C4A1D4985
:103FD0005F480FF0A5FB5F4A5F496048EFF708FFB5
:103FE000174A18495D480FF09BFB5D4A5D495E48E2
:103FF000EFF7FEFE124A13495B480FF091FB5B4A54
:104000005B495C48EFF7F4FE0D4A0E4959480FF042
:1040100087FB594A59495A48EFF7EAFE084A0949C5
:1040200057480FF07DFB574A57495848EFF7E0FED5
:10403000AEE000BF90660120C45A0120182801207C
:10404000F86A0020D1C10100BC02012054A6012061
:104050002C2801204C0201202C9F01204028012007
:10406000F4020120E8A90120542801206403012062
:1040700010B101207C280120A401012070940120AE
:104080009028012084020120C0A20120A428012040
:1040900014020120989B0120B82801202C03012044
:1040A0007CAD0120CC2801209C030120A4B4012078
:1040B000E02801206C010120DC900120F42801207F
:1040C000D403012038B8012008290120DC01012097
:1040D000049801201C290120CCFE00202407012087
:1040E00030290120ACFF002058290120E4FF0020E6
:1040F0006C2901201C00012080290120540001208E
:10410000942901208C000120A8290120C40001204D
:10411000BC290120FC000120D0290120340101200C
:10412000E429012004FF0020F82901203CFF0020A1
:104130000C2A012074FF0020342A0120E40601200B
:10414000FCCC0120482A012004060120BCC6012025
:104150005C2A01203C0601204CC80120702A012065
:104160007C040120CCBB0120842A01205C050120B5
:104170000CC20120982A0120940501209CC3012033
:10418000AC2A0120CC0501202CC50120C02A012029
:10419000A44AA549A5480FF0C3FAA54AA549A648CF
:1041A000EFF726FE9F4AA049A3480FF0B9FAA34AA9
:1041B000A349A448EFF71CFE9A4A9B49A1480FF077
:1041C000AFFAA14AA149A248EFF712FE954A9649D3
:1041D0009F480FF0A5FA9F4A9F49A048EFF708FEB5
:1041E000904A91499D480FF09BFA9D4A9D499E48EF
:1041F000EFF7FEFD8B4A8C499B480FF091FA9B48E4
:104200000BF012F89A4B22469A49984800940BF00A
:104210007FF8844A844995480FF082FA96480BF05B
:1042200003F8964B22469349934800940BF070F89C
:104230007C4A7D4990480FF073FA91480AF0F4FFE8
:10424000904B22468B498E4800940BF061F8754ADA
:1042500075498B480FF064FA8B480AF0E5FF8B4BE9
:1042600022468B49884800940BF052F86D4A6E49FB
:1042700085480FF055FA87480AF0D6FF864B22464C
:104280008349844800940BF043F8664A66498148A4
:104290000FF046FA81480AF0C7FF814B22467C495D
:1042A0007E4800940BF034F85E4A5F497B480FF07B
:1042B00037FA7C480AF0B8FF7B4B22467B497948A5
:1042C00000940BF025F8574A574976480FF028FA22
:1042D00077480AF0A9FF774B224674497448009446
:1042E0000BF016F84F4A504971480FF019FA72480E
:1042F0000AF09AFF714B22466C496F4800940BF00C
:1043000007F8484A48496C480FF00AFA6C480AF026
:104310008BFF6C4B22466C49694800940AF0F8FF09
:10432000404A414966480FF0FBF968480AF07CFFB3
:10433000674B22466449654800940AF0E9FF394A10
:10434000394962480FF0ECF962480AF06DFF624BA0
:1043500022465D495F4800940AF0DAFF314A32494B
:104360005C480FF0DDF95D480AF05EFF5C4B2246C9
:104370005C49009559480AF0CBFF2A4A2A49574818
:104380000FF0CEF958480AF04FFF584B22465849D3
:10439000009555480AF0BCFF224A234952480FF0C5
:1043A000BFF954480AF040FF534B22465349009549
:1043B00050480AF0ADFF1B4A1B494E480FF0B0F9B8
:1043C0004F480AF031FF4F4B22464F4900954C4869
:1043D0000AF09EFF134A144949480FF0A1F94B48CF
:1043E0000AF022FF4A4B22464A49009547480AF004
:1043F0008FFF0C4A0C4945480FF092F946480AF0E5
:1044000013FF464B22464649009543480AF080FF79
:10441000044A054940480FF083F942480AF004FF76
:1044200082E000BFF86A0020D1C10100C02A01204B
:1044300074060120DCC90120D42A0120AC06012029
:104440006CCB0120E82A0120EC040120ECBE012005
:10445000102B0120B40401205CBD0120242B01207D
:10446000240501207CC00120382B01204C2B012089
:10447000A4740120F07F0120602B012038780120F6
:10448000742B0120CC7B0120882B0120548101203A
:10449000A08C01209C2B0120E8840120B02B01205E
:1044A0007C880120C42B0120F46701204073012087
:1044B000EC2B0120886B0120002C01201C6F0120B7
:1044C000142C0120445B012090660120282C01203F
:1044D000D85E01203C2C01206C620120502C012070
:1044E000B4080120ACFF0020642C0120F00801205A
:1044F000E4FF0020782C01206809012054000120ED
:104500008C2C0120A40901208C000120A02C01206A
:10451000E0090120C4000120C82C0120C4070120AB
:10452000CCFE0020DC2C0120A64B2246A64900959B
:10453000A6480AF0EDFEA64AA649A4480FF0F0F8F6
:10454000A5480AF071FEA54B2246A5490095A24850
:104550000AF0DEFE9E4A9F499F480FF0E1F8A1480D
:104560000AF062FEA04B2246A04900959D480AF041
:10457000CFFE974A97499B480FF0D2F89C480AF023
:1045800053FE9C4B22469C49009599480AF0C0FE78
:104590008F4A904996480FF0C3F898480AF044FEB5
:1045A000974B22469749009594480AF0B1FE884AF5
:1045B000884992480FF0B4F893480AF035FE934BBF
:1045C00022469349009590480AF0A2FE804A81490C
:1045D0008D480FF0A5F88F480AF026FE8E4B224634
:1045E0008E498C4800940AF093FE794A79498948AB
:1045F0000FF096F88A480AF017FE844B2246894944
:10460000874800940AF084FE714A724984480FF08A
:1046100087F885480AF008FE794B2246834982488C
:1046200000940AF075FE6A4A6A497F480FF078F8EC
:104630007F480AF0F9FD694B22467E497C48009488
:104640000AF066FE624A634979480FF069F87A48D1
:104650000AF0EAFD794B22467949774800940AF03E
:1046600057FE5B4A5B4974480FF05AF875480AF0E8
:10467000DBFD754B22467549724800940AF048FEEE
:10468000534A54496F480FF04BF871480AF0CCFD7B
:10469000554B22466F496E4800940AF039FE4C4A49
:1046A0004C496B480FF03CF86B480AF0BDFD6B4B72
:1046B00022466B49684800940AF02AFE444A45495C
:1046C00065480FF02DF867480AF0AEFD3D4B2246D5
:1046D0006549644800940AF01BFE3D4A3D49614823
:1046E0000FF01EF861480AF09FFD424B22466049D8
:1046F0005E4800940AF00CFE354A36495B480FF0DC
:104700000FF85C480AF090FD5B4B22465B49594824
:1047100000940AF0FDFD2E4A2E4956480FF000F88D
:1047200057480AF081FD574B224657495448009498
:104730000AF0EEFD264A274951480EF0F1FF534892
:104740000AF072FD524B22465249CDF800804F4884
:104750000AF0DEFD1E4A1F494C480EF0E1FF4E48AC
:104760000AF062FD4D4B22464D4900954A480AF039
:10477000CFFD174A174948480EF0D2FF49480AF0C2
:1047800053FD434B22464849CDF8009045480AF076
:10479000BFFD0F4A0F4943480EF0C2FF43480AF0DD
:1047A00043FD3E4B22464249404800940AF0B0FD8A
:1047B000074A08493D480EF0B3FF3E480AF034FD71
:1047C0007AE000BF2C0901201C000120DC2C012014
:1047D000F86A0020D1C10100F02C012078080120E6
:1047E00074FF0020042D0120580A0120340101200B
:1047F000182D01203C0801203CFF00202C2D012019
:104800000008012004FF0020402D01201C0A012087
:10481000FC000120542D0120A40901202C030120BB
:10482000682D01209C0301207C2D0120A401012082
:104830006C1A012014020120801A0120680901204D
:10484000F4020120941A0120E009012064030120F0
:10485000A81A0120D4030120BC1A0120F00801206D
:1048600084020120D01A0120BC020120E41A012098
:10487000DC010120F81A0120C40701206C0101208D
:104880000C1B0120B40801204C020120201B012038
:104890001C3B012074060120481B0120543B0120D1
:1048A000B40401205C1B0120AC060120701B012018
:1048B000E4060120841B0120A94B2246A949AA48ED
:1048C00000940AF025FDA94AA949A7480EF028FF3F
:1048D000A8480AF0A9FCA24B2246A7490095A54882
:1048E0000AF016FDA14AA249A2480EF019FFA348FA
:1048F0000AF09AFCA24B2246A249CDF800809F48BC
:104900000AF006FD994A9A499C480EF009FF9E4814
:104910000AF08AFC9D4B22469D49CDF800909A48AA
:104920000AF0F6FC914A924997480EF0F9FE994830
:104930000AF07AFC924B22469749CDF800909548B0
:104940000AF0E6FC894A8A4992480EF0E9FE93484B
:104950000AF06AFC8D4B22469149904800940AF077
:10496000D7FC824A82498D480EF0DAFE8D480AF063
:104970005BFC864B22468C4900958A480AF0C8FCAD
:104980007A4A7B4987480EF0CBFE88480AF04CFCF7
:104990007E4B22468649CDF8008084480AF0B8FC58
:1049A000724A734981480EF0BBFE82480AF03CFC13
:1049B000814B22468149CDF800907E480AF0A8FC40
:1049C0006A4A6B497B480EF0ABFE7D480AF02CFC2E
:1049D000794B22467B49CDF8008079480AF098FC53
:1049E000624A634976480EF09BFE77480AF01CFC49
:1049F000764B22467649CDF8009073480AF088FC41
:104A00005A4A5B4970480EF08BFE72480AF00CFC63
:104A1000694B2246704900956E480AF079FC534A6A
:104A200053496C480EF07CFE6C480AF0FDFB674B66
:104A300022466B49CDF8008068480AF069FC4B4A71
:104A40004B4966480EF06CFE66480AF0EDFB5A4B87
:104A500022466549634800940AF05AFC434A444997
:104A600060480EF05DFE61480AF0DEFB574B2246BF
:104A70005F4900955D480AF04BFC3C4A3C495B4865
:104A80000EF04EFE5B480AF0CFFB504B22465A49CF
:104A9000584800940AF03CFC344A354955480EF019
:104AA0003FFE564A56495748EFF7A2F92F4A304978
:104AB00054480EF035FE544A51495448EFF798F9DE
:104AC0002A4A2B4951480EF02BFE514A4C49514875
:104AD000EFF78EF9254A26494E480EF021FE4E4A40
:104AE00047494E48EFF784F9204A21494B480EF0D8
:104AF00017FE4B480AF098FB4A4B22464A49CDF82C
:104B0000009047480AF004FC184A194944480EF03E
:104B100007FE46480AF088FB424B22464449CDF83E
:104B2000008042480AF0F4FB104A11493F480EF059
:104B3000F7FD40480AF078FB3A4B22463E49009583
:104B40003C480AF0E5FB094A09493A480EF0E8FDFD
:104B50003A480AF069FB334B2246394972E000BFFC
:104B60001C3B012004060120841B0120F86A002060
:104B7000D1C10100981B01203C060120AC1B012083
:104B8000543B0120EC040120C01B0120E43A012029
:104B9000CC050120D41B012024050120E81B0120A5
:104BA0007C040120FC1B01205C050120241C012049
:104BB00094050120381C01204C74012084740120CC
:104BC0004C1C0120CC7B0120601C0120FC800120BA
:104BD00034810120741C012038780120881C0120B8
:104BE0007C8801209C1C0120A4740120B01C0120A1
:104BF000E8840120C41C012054810120505A012066
:104C0000C0CC0020D81C012000670120001D01201D
:104C1000B0730120141D012060800120281D012097
:104C20003C1D01209C670120D4670120501D0120FC
:104C30001C6F0120641D0120886B0120781D01205C
:104C4000F4670120A94800940AF062FBA84AA94928
:104C5000A6480EF065FDA8480AF0E6FAA74B2246E2
:104C6000A749CDF80090A4480AF052FBA04AA149F8
:104C7000A1480EF055FDA3480AF0D6FA9F4B2246F4
:104C8000A149CDF800809F480AF042FB984A994913
:104C90009C480EF045FD9D480AF0C6FA974B224607
:104CA0009B499A4800940AF033FB914A91499748EE
:104CB0000EF036FD97480AF0B7FA904B2246964917
:104CC000009594480AF024FB894A8A4991480EF0DD
:104CD00027FD92480AF0A8FA914B22469149CDF857
:104CE00000908E480AF014FB814A82498B480EF0EE
:104CF00017FD8D480AF098FA8C4B22468C498A4859
:104D000000940AF005FB7A4A7A4987480EF008FDBC
:104D100088480AF089FA824B2246874985480094E0
:104D20000AF0F6FA724A734982480EF0F9FC834899
:104D30000AF07AFA7D4B22468149CDF800807F48FF
:104D40000AF0E6FA6A4A6B497C480EF0E9FC7D48B5
:104D50000AF06AFA724B22467B49009579480AF0BC
:104D6000D7FA634A634977480EF0DAFC77480AF0CD
:104D70005BFA6E4B22467649CDF8009073480AF0F4
:104D8000C7FA5B4A5B4971480EF0CAFC71480AF0E9
:104D90004BFA634B22467049CDF800806D480AF00B
:104DA000B7FA534A53496B480EF0BAFC6B480AF005
:104DB0003BFA5E4B22466A49009568480AF0A8FA19
:104DC0004B4A4C4965480EF0ABFC66480AF02CFA99
:104DD000654B22466549634800940AF099FA444AB3
:104DE000444960480EF09CFC61480AF01DFA5E4B95
:104DF00022466049CDF800805D480AF089FA3C4AB5
:104E00003C495B480EF08CFC5B480AF00DFA564BAF
:104E100022465A49CDF8009057480AF079FA344AA8
:104E2000344955480EF07CFC55480AF0FDF94E4BCC
:104E300022465449009552480AF06AFA2C4A2D49F4
:104E40004F480EF06DFC50480AF0EEF94F4B2246E9
:104E50004F4900954C480AF05BFA254A25494A48D3
:104E60000EF05EFC4B480AF0DFF9484B22464A49F7
:104E7000484800940AF04CFA1D4A1E4945480EF075
:104E80004FFC46480AF0D0F9404B22464449CDF841
:104E9000008042480AF03CFA154A16493F480EF095
:104EA0003FFC40480AF0C0F93F4B22463F4900957D
:104EB0003C480AF02DFA0E4A0E493A480EF030FCF2
:104EC0003B480AF0B1F93B4B22463B493848009435
:104ED0000AF01EFA064A074935480EF021FC374809
:104EE0000AF0A2F9304B224635496BE0781D0120CB
:104EF000F86A0020D1C101008C1D0120EC5A01206C
:104F0000245B0120A01D01206C620120B41D012042
:104F1000445B0120DC1D0120D85E0120F01D012032
:104F2000443501202C090120041E01207C3501207C
:104F300068090120181E0120C40701202C1E012031
:104F4000E0090120401E0120B4080120541E012068
:104F50001C0A0120681E0120F00801207C1E01208F
:104F6000A4090120901E0120B4350120580A012017
:104F7000B81E01203C080120CC1E01207808012029
:104F8000E01E012000080120F41E0120AC3A01209F
:104F90001C3B0120081F0120E43A01201C1F0120B6
:104FA000543B0120301F01209880012060800120A7
:104FB000441F0120E87301204C740120581F012078
:104FC000FC800120A54800940AF0A2F9A44AA54952
:104FD000A2480EF0A5FBA4480AF026F9A34B2246EE
:104FE000A349A14800940AF093F99D4A9D499E481F
:104FF0000EF096FB9F480AF017F99F4B22469F49F7
:1050000000959C480AF084F9954A964999480EF013
:1050100087FB9B480AF008F9944B22469949009572
:1050200097480AF075F98E4A8E4995480EF078FB3C
:1050300095480AF0F9F8954B224695490095924813
:105040000AF066F9864A87498F480EF069FB914855
:105050000AF0EAF88D4B22468F498E4800940AF0F8
:1050600057F97F4A7F498B480EF05AFB8B480AF06C
:10507000DBF88B4B22468B49CDF8009087480AF02D
:1050800047F9774A774985480EF04AFB86480AF087
:10509000CBF8834B22468549CDF8008082480AF040
:1050A00037F96F4A6F4980480EF03AFB80480AF0A2
:1050B000BBF87B4B22467F497D4800940AF028F9D3
:1050C000674A68497A480EF02BFB7B480AF0ACF837
:1050D000734B22467949009577480AF019F9604ADE
:1050E000604975480EF01CFB754A76497648EEF724
:1050F0007FFE5B4A5B4974480EF012FB734A7149AC
:105100007348EEF775FE564A564971480EF008FB93
:10511000704A6C497048EEF76BFE514A51496E482F
:105120000EF0FEFA6D4A67496D48EEF761FE4C4A93
:105130004C496B480EF0F4FA6A480AF075F86A4B6D
:1051400022466A49674800940AF0E2F8444A454911
:1051500064480EF0E5FA66480AF066F8654B2246A8
:105160004249634800940AF0D3F83D4A3D496048FB
:105170000EF0D6FA60480AF057F8604B22463E49D6
:105180005D4800940AF0C4F8354A36495A480EF092
:10519000C7FA5B480AF048F85A4B22463B49584840
:1051A00000940AF0B5F82E4A2E4955480EF0B8FA88
:1051B000554A3B495548EEF71BFE294A29495348B1
:1051C0000EF0AEFA52480AF02FF8524B22463449FC
:1051D0004F4800940AF09CF8214A22494C480EF0AE
:1051E0009FFA4D480AF020F8464B22463449009574
:1051F00049480AF08DF81A4A1A4947480EF090FAC1
:1052000046480AF011F83D4B224632490095434882
:105210000AF07EF8124A134940480EF081FA4048DD
:105220000AF002F8334B2246284900953C480AF020
:105230006FF80B4A0B493A480EF072FA394809F0F8
:10524000F3FF294B22462549009536480AF060F8BD
:10525000034A044933480EF063FA65E0581F012001
:10526000F86A0020D1C101006C1F012038670120BD
:105270009C670120941F0120E8730120B073012076
:10528000A81F012000670120BC1F0120885A0120AF
:10529000505A0120D01F0120EC5A0120E41F0120A8
:1052A000BCC90020AC3A0120F81F0120B435012010
:1052B0000C20012044350120202001207C350120D4
:1052C000185A01209CCF002034200120C8660120FC
:1052D00048200120787301207020012028800120BF
:1052E0008420012098200120108C0120988001202A
:1052F000AC200120B0720120C0200120607F01207D
:10530000D4200120006601200C3A0120E820012071
:10531000FC200120303A012010210120242101200D
:105320004C21012060210120A74809F07DFFA74BF7
:105330002246A7490095A44809F0EAFFA54AA649D4
:10534000A1480EF0EDF9A54809F06EFF9F4B2246EB
:10535000A349CDF80080A14809F0DAFF9D4A9E4993
:105360009E480EF0DDF99F4809F05EFF974B2246FC
:105370009D49CDF800909B4809F0CAFF954A96498F
:1053800098480EF0CDF9994809F04EFF8F4B224610
:1053900097499648009409F0BBFF8E4A8E4993487E
:1053A0000EF0BEF9934809F03FFF934B2246934914
:1053B0000095904809F0ACFF864A87498D480EF069
:1053C000AFF98F4809F030FF8E4B22468A498C484E
:1053D000009409F09DFF7F4A7F4989480EF0A0F9AB
:1053E000894809F021FF894B224683498648009469
:1053F00009F08EFF774A784983480EF091F9844A84
:1054000084498548EEF7F4FC724A734982480EF0ED
:1054100087F9824809F008FF814B22467D497F4881
:10542000009409F075FF6B4A6B497C480EF078F9DF
:105430007C4A66497C48EEF7DBFC664A66497A4856
:105440000EF06EF9794A61497948EEF7D1FC614A6C
:10545000614977480EF064F9764A5C497648EEF780
:10546000C7FC5C4A5C4974480EF05AF9734809F06D
:10547000DBFE684B224655497048009409F048FF0E
:10548000544A55496D480EF04BF96D4809F0CCFE71
:10549000604B224663490095694809F039FF4D4A3F
:1054A0004D4967480EF03CF9664809F0BDFE594B7E
:1054B00022465E49CDF80080624809F029FF454A3E
:1054C000454960480EF02CF95F4809F0ADFE514B9C
:1054D00022465849CDF800905B4809F019FF3D4A33
:1054E0003D4959480EF01CF9584809F09DFE474BBC
:1054F000224657490095554809F00AFF354A364972
:1055000052480EF00DF9534809F08EFE3F4B2A46E3
:105510004F49CDF800804F4809F0FAFE2D4A2E4938
:105520004C480EF0FDF84C4809F07EFE374B4246E1
:105530004749CDF80090484809F0EAFE254A264937
:1055400045480EF0EDF8454809F06EFE344B224612
:105550002F490095414809F0DBFE1E4A1E493F488D
:105560000EF0DEF83E4A29493E48EEF741FC194A62
:1055700019493C480EF0D4F83B4809F055FE214B40
:10558000224622490095384809F0C2FE114A1249C4
:1055900035480EF0C5F8354809F046FE344B224632
:1055A0001F493248009409F0B3FE0A4A0A492F48BD
:1055B0000EF0B6F82F4809F037FE2F4B2246184957
:1055C0002C4800945AE000BF74210120C0CB002079
:1055D000B0720120F86A0020D1C1010088210120A9
:1055E000607F01209C210120108C0120B02101202E
:1055F00000660120C4210120303A01200C3A01202C
:10560000D8210120683A0120EC21012090320120AC
:105610000CCC00206C0C012000220120282201204B
:1056200030CC0020940A0120902D0120300B012065
:10563000A42D0120CC0B0120B82D0120CC2D012060
:10564000E02D0120F42D0120082E01203C22012014
:1056500088070120502201206422012078220120A5
:10566000D0E800208C220120A0220120B4220120B9
:10567000F8C90020C822012088CC002009F048FE8B
:10568000B24AB349B3480EF04BF8B34809F0CCFD29
:10569000B24B2246B2490095AF4809F039FEAB4AF9
:1056A000AB49AD480EF03CF8AE4809F0BDFDAB4B40
:1056B0002246AD49AB48009409F02AFEA34AA4490A
:1056C000A8480EF02DF8A94809F0AEFDA84B2246D7
:1056D000A8490095A54809F01BFE9C4A9C49A3488F
:1056E0000EF01EF8A44809F09FFDA14B2A46A149DF
:1056F000CDF80080A04809F00BFE944A94499E48DA
:105700000EF00EF89D4809F08FFD994B42469949DD
:10571000CDF80090994809F0FBFD8C4A8C499748D8
:105720000DF0FEFF964809F07FFD964B2246964904
:105730009348009409F0ECFD844A854990480DF0A7
:10574000EFFF924809F070FD914B22469149009578
:105750008E4809F0DDFD7D4A7D498C480DF0E0FF63
:105760008D4A83498D48EEF743FB784A78498B4848
:105770000DF0D6FF8A4809F057FD8A4B22467C4936
:105780000095874809F0C4FD704A714984480DF0BE
:10579000C7FF854809F048FD7D4B22466F49824886
:1057A000009409F0B5FD694A69497F480DF0B8FFDA
:1057B0007E4809F039FD7E4B22467A497B480094A9
:1057C00009F0A6FD614A624978480DF0A9FF7948C1
:1057D00009F02AFD784B22466D497648009409F07D
:1057E00097FD5A4A5A4973480DF09AFF734809F0D9
:1057F0001BFD714B2A4666490095704809F088FDEB
:10580000524A53496D480DF08BFF6D4809F00CFD6D
:10581000694B42465E49CDF80080694809F078FD41
:105820004A4A4B4966480DF07BFF664809F0FCFC8C
:10583000504B224658496348009409F069FD434A99
:10584000434960480DF06CFF5F4809F0EDFC5F4B89
:10585000224657495C48009409F05AFD3B4A3C49AE
:1058600059480DF05DFF5A4809F0DEFC574B2A46B7
:105870004F490095564809F04BFD344A3449544885
:105880000DF04EFF534809F0CFFC504B42464849BB
:10589000CDF800804F4809F03BFDDFF85C812B4AD2
:1058A0002B494C480DF03CFF4B484C4DEEF734FC77
:1058B00008F1180202214046DFF84091EEF7AAFAFB
:1058C000C8F800A04FF4803805F11C0201212846D9
:1058D000EEF7A0FADFF828B1C5F81880C5F80090F7
:1058E0003F48EEF719FC3F4D3F48EEF715FC0BF132
:1058F000180202215846EEF78DFA05F1180202212E
:105900002846CBF800A0DFF8FCB0EEF783FAC5F824
:1059100000A03648364DEEF7FFFB0BF118020221CE
:105920005846EEF777FA05F11C0201212846CBF81C
:1059300000A0EEF76FFAC5F81880C5F80090DFF800
:10594000C8802C48EEF7E8FB60E000BFF86A002052
:10595000D1C10100C8220120DC2201200C36012027
:105960008C36012018230120683A0120F4230120FD
:10597000F8C900204C070120D0240120AC250120CB
:10598000D425012088070120D0E80020E825012047
:10599000C83201200C33012000D30020FC25012057
:1059A0001026012088CC0020242601203826012042
:1059B000C0CE0020602601209C34012074260120E6
:1059C000882601209C260120B0260120FCCE002044
:1059D000C4260120D8260120D434012070320120B1
:1059E000FC3401206C3601204436012050CE0020CA
:1059F00068CC002078CE0020EC3501201046002035
:105A00002435012034CF0020A0CE0020A94DAA4883
:105A1000EEF782FB022108F118024046EEF7FAF990
:105A200005F1180202212846C8F800A0EEF7F2F9A5
:105A3000A248C5F800A0EEF7DBFAA14809F0EEF99C
:105A4000A048EEF7D5FAA048EEF7D2FA9F4A33689D
:105A50001146D46041F8187B11614FF40071C2E91E
:105A600006441181002B00F0908319465B69002BDE
:105A7000FBD14A610024964B9448136054615460F2
:105A8000947201F0A1FB934A33681146D46041F847
:105A9000187B11614FF40071C2E906441181002B9B
:105AA00000F0718319465B69002BFBD14A61002429
:105AB000894B884813605461546094720CF006FB63
:105AC000864A3368176014611481D460002B00F09B
:105AD000588319465B69002BFBD14A610024804B37
:105AE0007E480125546102265460947213600CF0C4
:105AF000F9F97C48EEF77CFA7B48EEF779FA7B48B7
:105B000009F092FB7A4B22467A490094774809F0D3
:105B1000FFFB794A794975480DF002FE784809F093
:105B200083FB734B224677490095754809F0F0FBDB
:105B3000714A724972480DF0F3FD734809F074FB25
:105B4000724B22466A4900946F4809F0E1FB6A4AA9
:105B50006A496D480DF0E4FD6D4809F065FB6D4B39
:105B600022466A4900946A4809F0D2FB624A6349B6
:105B700067480DF0D5FD684809F056FB654B224695
:105B800066490095644809F0C3FB5B4A5B4962487B
:105B90000DF0C6FD624809F047FB624B22465B49A7
:105BA00000945F4809F0B4FB534A54495C480DF037
:105BB000B7FD5D4809F038FB5A4B22465B4900951A
:105BC000594809F0A5FB4C4A4C4957480DF0A8FD2F
:105BD000574809F029FB3C4B22465249009454484F
:105BE00009F096FB444A454951480DF099FD51484A
:105BF00009F01AFB334B2246464900944D4809F000
:105C000087FB3D4A3D494B480DF08AFD4A4809F063
:105C10000BFB2A4B22463D490094474809F078FB8C
:105C2000354A364944480DF07BFD444809F0FCFAFA
:105C3000434B224643490094404809F069FB2E4AF1
:105C40002E493E480DF06CFD3F4809F0EDFA3C4B03
:105C500022463E4900953C4809F05AFB264A27490E
:105C600039480DF05DFD3A4809F0DEFA394B22461D
:105C700033490094364809F04BFB1F4A1F4934480A
:105C80000DF04EFD344809F0CFFA344B224631492D
:105C90000094314809F03CFB174A18492E480DF092
:105CA0003FFD2F4809F0C0FA2C4B22462D490095A4
:105CB0005AE000BF7CCF002054CF002030300120BC
:105CC000880F01200032012038320120789B00200B
:105CD0001C460020F49B002028460020DC9B00206E
:105CE00004460020409B0020989B00202C2301208C
:105CF000EC3501209C340120F86A0020D1C101005C
:105D000040230120D434012054230120703201208B
:105D100068230120243501207C230120FC3401204C
:105D2000902301206C360120A42301204436012059
:105D3000B8230120CC230120E023012008240120E6
:105D400034CF0020FCCE00201C24012050CE0020A7
:105D50003024012068CC002044240120A0CE002063
:105D60005824012078CE0020A94809F0D1FAA94A88
:105D7000A949A7480DF0D4FCA84809F055FAA84B4A
:105D80002246A8490094A54809F0C2FAA14AA249AE
:105D9000A2480DF0C5FCA44809F046FAA04B2246E3
:105DA000A2490095A04809F0B3FA9A4A9A499E4838
:105DB0000DF0B6FC9E4809F037FA9E4B22469849F2
:105DC00000959B4809F0A4FA924A934998480DF02F
:105DD000A7FC994809F028FA984B22469849009563
:105DE000954809F095FA8B4A8B4993480DF098FC39
:105DF000944809F019FA944B22468A490095914833
:105E000009F086FA834A84498E480DF089FC8F4850
:105E100009F00AFA8E4B22468B4900948B4809F010
:105E200077FA7C4A7C4989480DF07AFC894809F068
:105E3000FBF9804B224686498648009609F068FAAD
:105E4000744A754983480DF06BFC834809F0ECF9FE
:105E50007A4B2A467E498048009609F059FA6D4AE5
:105E60006D497D480DF05CFC7C4809F0DDF97C4B08
:105E7000224672490095794809F04AFA654A66490E
:105E800076480DF04DFC774809F0CEF9744B224668
:105E900068490094734809F03BFA5E4A5E497148CC
:105EA0000DF03EFC704809F0BFF9704B2246634983
:105EB00000946D4809F02CFA564A57496A480DF08B
:105EC0002FFC6B4809F0B0F96A4B224659490094FF
:105ED000674809F01DFA4F4A4F4965480DF020FC0C
:105EE000654809F0A1F9614B2A466449009562486A
:105EF00009F00EFA474A48495F480DF011FC604826
:105F000009F092F95B4B22465C4900955C4809F028
:105F1000FFF9404A40495A480DF002FC594809F03F
:105F200083F9594B224651490095564809F0F0F93A
:105F3000384A394953480DF0F3FB544809F074F9D5
:105F400022464C490094504B5048514C09F0E0F91E
:105F5000304A314904F190054C480DF0E1FB2046F0
:105F60000C3407F087FAAC42F9D14A4C04F5847539
:105F700020460C3407F07EFAAC42F9D146480025A1
:105F800007F07CFB0421052206200F23434C0090E0
:105F90004348CDE901210E220D2107F0A1FA414825
:105FA00007F068FA404807F065FA404807F062FADF
:105FB0003F4807F05FFA10213E4807F00DFD154AF3
:105FC0003D493C480DF0ACFB11213C4807F004FD75
:105FD000104A394939480DF0A3FB1621384807F01B
:105FE000FBFC0C4A344936480DF09AFB354B3648D9
:105FF000084A1860284635495D60C3F880500DF0A6
:106000008FFB334A334B92ED007A93ED006A67E0E1
:1060100058240120F86A0020D1C101006C2401201D
:106020007CCF002068CC00208024012054CF0020A9
:106030009424012038320120A824012000320120BC
:10604000A0CE0020BC24012030300120E424012017
:10605000880F0120F82401200C250120482501206B
:10606000F49B00205C25012020250120409B00207E
:1060700034250120989B002070250120DC9B002006
:106080008425012098250120789B0020C02501202F
:10609000AC0C012044CA0020900D0120A43A01203C
:1060A00038CA0020400F01208C3B0120B0FE0020A8
:1060B000D09B00204CCB0020190B00003C0D012090
:1060C000541801205019012040460020B905000055
:1060D000588E0020C48E0020C0E1644CC0E1E44C26
:1060E0005FED037A37EE077A5FED046A26EE276AE2
:1060F0002749C6EE877A274B274A2848C6EE076A03
:10610000BCEEE67AF8EE476A81ED007A244977EE34
:10611000E67AFCEEE77AC3ED007A0DF001FB1E4A49
:10612000284620490DF0FCFA1B4A1D491E480DF077
:10613000F7FA21681D4A1E4B1160206803F1100117
:106140001C4A1060226843F8042B8B42FAD10AF0F3
:1061500005F9194B22681860184B25681A60184910
:10616000184B09781D60184B206819702268174970
:10617000174B08601A6005B0BDE8F08F3260FDF77C
:1061800018BB3260AAE4326091E4326072E400BF6E
:10619000840F0120F8310120F86A00205C8E002075
:1061A000910500009D0500009C8D00201C2E012003
:1061B0001C1A01206C0F0120780F0120FC310120F6
:1061C000B2930020740F0120FECE01209C3B0120E1
:1061D0007C0F01202DE9F84FB0F81A8040F262538D
:1061E0000546868B08F10108984500F2B780B04556
:1061F0001FFA88F708F1100400F0B7800021284644
:1062000008F0E2FFB04545F824006F8380F0C280BB
:1062100008F26354A41BEB8BA34212D2E41A4FF092
:10622000000A40F2625905EB86070136386C4E458C
:1062300088BF002618B108F07BFFC7F840A0013CDA
:10624000F1D1002405F12009AE832B7E2341DB0729
:1062500015D559F82430B8EBD31F03F07F0A4FEA65
:10626000D31611D3A8EB0606BAF1000F12D11036DF
:1062700055F8261019B1E2B2284608F081FF013422
:10628000082CE2D1BDE8F88F08F263539E1BBAF1E7
:10629000000FECD008F0F6FE83460028EFD0071D73
:1062A00096B3731E103355F82310A1B301F5827E07
:1062B000AEEB4A0296450ED93846134633F902CB67
:1062C0009E4520F802CBF9D801F203139B1A23F064
:1062D000010302331F4410360BF5827255F8261065
:1062E00081B3974201F1040105D231F9023B27F84D
:1062F000023BBA42F9D82846E2B2594608F040FFBC
:10630000584608F015FFBAE740F26253103355F8CB
:1063100023100029CAD107EB4A029742DBD26FF063
:10632000040310363846A3EB0B031A4422F0010293
:10633000023217441BF0DCFC55F826100BF5827274
:106340000029CED19742D6D20BF203123846D21B87
:1063500022F0010202321BF0CBFCCCE70027B8464A
:10636000B04508F110047FF449AF55F8240008B196
:1063700008F0DEFE013640F263539E427FF43EAFEA
:106380000021284608F020FF002645F82400444656
:106390006F8340E7A8EB06043DE700BF2DE9F04F0F
:1063A000002183B0814608F01BFF002800F0118116
:1063B00099F81C30B3B300F5827A031D0190D646DC
:1063C000B9F81E209ABB99F81C10022909D001398E
:1063D000062900F2D980DFE801F0BED70BA89E861F
:1063E0006B00B9F82C10A9F81E10002940F0C280EB
:1063F0004FF00402B9F82E1089F81C20D9F830208B
:10640000A9F81E1002F1404292FBF1F2C9F82420D3
:106410007345D5D3DDF8048048460022414608F094
:10642000AFFE404603B0BDE8F04F08F081BE013A30
:10643000D9F820101FFA82F8D9F82420891301EB2B
:10644000624101EB624606EB624C0CEB624505EBE8
:10645000624000EB624707EB624404EB6242D3E91F
:1064600000BA31FB0BF136FB1BF6C1EA06463CFBDA
:106470000AFC35FB1AF5CCEA0545996830FB01F0BA
:1064800037FB11F7C0EA0740D96834FB01F432FB4F
:1064900011F2C4EA0244C3E90065C3E90204D9E980
:1064A00008211033A9F81E800A44C9F82020AFE75C
:1064B0000022C9F82020B9F82820A9F81E20002AB7
:1064C0006CD04FF00101013A89F81C1000211FFA2D
:1064D00082F80C460A460F4608460D468C460E4684
:1064E000C9F82410BBE700219E45DDF8048089F837
:1064F0001C1091D908F2031003F11002C01A2033C6
:1065000020F00F00034442E9041142E90211103265
:106510009342F8D180E7D9F820104FF6FE78D9F8E9
:106520002420891301EB62418BE74FF00502D9F873
:1065300030104FF6FE7889F81C200022C9F8201090
:106540008913C9F824200C460A460F4608460D4612
:106550008C460E4683E74FF002024FF0804189F8E7
:106560001C20B9F82A20A9F81E20B1FBF2F2C9F8C4
:1065700024204DE7C9F824204FF08042C9F820209C
:10658000032289F81C2043E7D9F820104FF6FF7842
:10659000D9F82420891301EB624152E74FF002023F
:1065A0004FF0804189F81C20B9F82A20B1FBF2F1A4
:1065B000C9F824104914013A01EB81001FFA82F84E
:1065C00000EB41040F184E0001EB410C0A198D003D
:1065D00045E703B0BDE8F08F72B6037F012B01D908
:1065E000C28EA2B90022038D0262C38353B9428DC9
:1065F0004FF080430221C2830177B3FBF2F3436281
:1066000062B6704701234262037762B67047072B78
:10661000F6D0036A0721C2835B42017793FBF2F352
:10662000436262B6704700BF72B6037F53B1072B57
:1066300008D0036A0621828E5B420177C28393FBF6
:10664000F2F3436262B67047007F003818BF012042
:10665000704700BF007FA0F10500B0FA80F040094C
:10666000704700BF2DE9F0410021804608F0B8FDD9
:1066700004460121404608F0A7FD05468CB3A0B3AF
:106680000C3004F10C0105F5867C51E9022350E938
:10669000026712FB36FE2EF3CF3E12FB06F222F308
:1066A000CF32C2EA0E4213FB37FE2EF3CF3E13FB6E
:1066B00007F323F3CF33C3EA0E430830604541E9C3
:1066C000022301F10801E0D100222146404608F0F2
:1066D00057FD204608F02CFD2846BDE8F04108F0A3
:1066E00027BD0028F9D1BDE8F0812046BDE8F04182
:1066F00008F01EBDC3699BB300212DE9F04104469B
:1067000008F06EFD054648B3B4F92000A91CE669FF
:1067100005F5817C31F8022F82F400428C4542FA63
:1067200000F306EB430836F913E003FA00F7B8F973
:106730000230A2EB0702A3EB0E0302FB03F343FAC2
:1067400000F373440B80E5D120462946002208F06F
:1067500017FD2846BDE8F04108F0EABCBDE8F0812D
:10676000704700BF10B5044B0446C069236008B1F0
:106770000AF08CF9204610BDE44600202DE9F041D6
:10678000941EB4F5004F29D20E4639B3551E9046DB
:106790002C4023D10746C06908B10AF077F94FEAC7
:1067A00048000AF06FF93146F86102389FED0C7A23
:1067B000F1EC017A013467EE877AA045FDEEE77AC5
:1067C00017EE903A20F8023FF2DC10236A103B8467
:1067D00004D0013B52101BB2FBD13B84BDE8F081D9
:1067E00000FEFF462DE9F04F83B0002104460090E3
:1067F00008F0F6FC019000284ED000F1040A04F1E4
:10680000380900F58278504659E9022359E908C74A
:1068100059E9066559E90441C3F30D038B46016844
:106820003CFB013337FB1B3336FB0B3335FB123399
:1068300034FB023323F38F3EC3F30D033CFB1133D0
:1068400037FB013336FB1B3335FB0E3334FB12337E
:1068500023F38F32CEEA024240F8042B8045C3F383
:106860000D03DBD159F8040C49E9031200F0004292
:1068700009F12009002843EA020349F8243CC2DB5D
:10688000019C00220098214608F07AFC204603B0C3
:10689000BDE8F04F08F04CBC03B0BDE8F08F00BF7E
:1068A00003291FD8183030B400EB41134C0172B6E5
:1068B00029B153F8041C41F0004143F8041C11684D
:1068C00055680151D969D2E9034001F000415D608A
:1068D000644295684042D961C3E90254186162B6C6
:1068E00030BC7047704700BF2DE9F04F83B0984629
:1068F00001F5807BC369DDF830A00190D0E90997EC
:10690000D0E90B5431F9026B3846370353FB14FCC2
:1069100005EB8C0C59FB14F53844CCEB6000A0EB74
:10692000850053FB10F604EB860653FB16F50CEBC3
:10693000850559FB16F4A7EB050EAEEB840E53FB51
:106940001EF406EB8404AC442CF34F3C264426F39F
:106950004F36704420F34F308B4522F802CB28F895
:10696000026B2AF8020BCDD1019BC3E90A751C63A7
:1069700003B0BDE8F08F00BF2DE9F04F01F5807442
:1069800087B00294846905900394046A0193049487
:10699000DDE910BAD0E90997D0E90B64049832F91F
:1069A000025B00FB05F525F0784000F10060C000B7
:1069B00050FB10F0264B50FB13F0013BED1603EBA0
:1069C000C000C5F10605039B284153FB10F0214B85
:1069D0003D4631F9027B98424FEA0737A8BF184677
:1069E000000250FB14FE06EB8E0E59FB14F63D44DC
:1069F000CEEB6505A5EB860550FB15FC04EB8C0C76
:106A000050FB1CF60EEB860659FB1CF8BC1BA4EBD6
:106A1000880850FB18F00CEB8004B6442EF34F3E70
:106A2000A4442CF34F3C454425F34F35019B23F8F8
:106A300002EB0193029B2BF802CB8B422AF8025BFC
:106A4000ACD1059BC3E90A761C6307B0BDE8F08FA3
:106A5000ABAAAA2AE71052002DE9F043002183B027
:106A6000044608F0B1FB05460121204608F0ACFBC6
:106A70000646002D3CD008F005FB0746002853D001
:106A800008F000FB8046002837D008F0FBFA81466A
:106A9000002850D0031D002E3DD0019308F10403BF
:106AA0002046321D0093291D3B1DFFF765FF304630
:106AB00008F03EFB284608F03BFB00223946204602
:106AC00008F05EFB384608F033FB012241462046C1
:106AD00008F056FB404608F02BFB204602224946B0
:106AE00008F04EFB484603B0BDE8F04308F020BB79
:106AF0000028F8D103B0BDE8F083284608F018FB61
:106B0000384608F015FB002EF4D0304603B0BDE83F
:106B1000F04308F00DBB00933A1D08F10403291D52
:106B20002046FFF7E1FEC5E7284608F001FB002EEE
:106B3000E0D03046EAE7284608F0FAFA384608F08E
:106B4000F7FA404608F0F4FA002ED3D03046DDE7DD
:106B5000294A2A4B2A4910B5146810792269C87746
:106B60009A420BD2274A1278002A41D04FF0E022F5
:106B7000402103F5807EC2F8081202E09E46A3F58C
:106B800080732149214A0968106881B378B3204C89
:106B90002288402A2BD802F1020C403201EB4C0132
:106BA000228000EB4C001A46BFF34F8F03F1200404
:106BB00003F5807CA44534BF4FF0010C4FF0080C66
:106BC0004FF0E02403EB4C1CC4F85C2F20326245EC
:106BD000FAD1BFF34F8FBFF36F8F33F9042B21F836
:106BE000022B9E4533F9022C20F8022BF5D810BD5C
:106BF00003F5807EC5E700BF049D0020C0C32420AC
:106C000000800E40B9CE0120FC9C0020009D002099
:106C100096CE0120F8B5064608F034FAC0B1044615
:106C200008F030FA054680B172B61E4B1A887F2AEA
:106C300017D81D490A6872B362B6204608F078FA80
:106C40002846BDE8F84008F073BA204608F070FA0C
:106C500072B6144B1A887F2A01D862B6F8BD002597
:106C60002C4611480022114907681A8004600C68FC
:106C70000D6062B63946304608F082FA384608F0B0
:106C800057FA30462146012208F07AFA2046BDE83C
:106C9000F84008F04DBA0C6004491A80086062B6EA
:106CA000F8BD00BF96CE0120FC9C0020009D002076
:106CB00010B5044608F01CFC204610BD38B5234C26
:106CC00001210625204608F0B9FB002000F00EFA4D
:106CD00002221F4903201F4BC1F87C01C3F89421F5
:106CE0001D4923681D4859609A609A824FF480724A
:106CF0001B49186000201961DA822179DA839D83AB
:106D0000A5F20625174AD8609D6142F82100164871
:106D1000164B42F82100164AC3F8882008F06CFB95
:106D20002379144C0121144A207003F11000134CF4
:106D300002EB5312E37603F01F039200104C9940CC
:106D4000104B43F82040116038BD00BF049D002067
:106D500000801F4000841F4000000101A240384015
:106D6000C0C2242000C00E40130000800040384004
:106D700001000092B9CE01204038003800800E405A
:106D80005D39010000940020024A034903480CF0D9
:106D9000C7BC00BFF86A0020BD3A0100049D002076
:106DA00070B58469ACB3B4F5803F05464FF000017F
:106DB00021D008F015FA064680B300F1040C00F566
:106DC0008271DCF8003034FB03F234FB13F302F37E
:106DD0000F0203F30F03C2EA03434CF8043B8C4554
:106DE000EFD128460022314608F0CAF93046BDE806
:106DF000704008F09DB908F0E7F9044670B101460B
:106E00000022284608F0BCF92046BDE8704008F092
:106E10008FB9214608F0D8F90028E8D170BD00BF2D
:106E2000F8B5002705463C46B4B33946284608F075
:106E3000CBF908B3BB1D04F1040E00F1040C55F8A6
:106E40002360B6F5803F47D000F582715CF8042BD3
:106E500036FB02F336FB12F203F30F0302F30F02C9
:106E6000C3EA0243DEF8002093FA12F38C454EF891
:106E7000043BEBD108F05CF90137042FD4D128464C
:106E80002146002208F07CF92046BDE8F84008F0D1
:106E90004FB90137042F3AD03946284608F0A0F9F7
:106EA00004460028F5D0BB1D55F82300B0F5803FFF
:106EB000E2D0211D04F582760B6830FB03F230FB33
:106EC00013F302F30F0203F30F03C2EA034341F883
:106ED000043BB142F0D1CFE700F10C0204F10C0306
:106EE00000F5867C53F8081C52F8086C91FA16F1EC
:106EF00043F8081C53F8041C52F8046C91FA16F17C
:106F0000083243F8041C08339445EBD1B2E7F8BDCE
:106F10002DE9F84F454B464C1868197904F58075F2
:106F20000368444AAB42D1770BD2434B1B78002B0A
:106F30004BD04FF0E02340222C4605F58075C3F876
:106F400008223E4BDFF804A1D3F80080DFF800915F
:106F50003B4BBAF80060D3F800B0B9F80070B8F154
:106F6000000F4FD0BBF1000F21D1B8F1000F49D075
:106F700008F10401204601EB4601403601F0C1F959
:106F8000BFF34F8F4FF0E022C2F8704F2034AC4275
:106F9000FAD3BFF34F8FBFF36F8F7F2E26D8AAF897
:106FA00000607F2F15D8A9F80070BDE8F88F0BF1AD
:106FB000040208F10401204602EB4702403701EBCE
:106FC0004601403601F07EF9DAE72C4605F580757A
:106FD000B7E700245846A9F8004008F0A9F8194B73
:106FE0001A681C60164B1A60BDE8F88F00244046F2
:106FF000AAF8004008F09CF8134A104B116814607E
:107000001960CEE7BBF1000F08D00BF10401204658
:1070100001EB4701403701F094F9B1E74FF480727A
:10702000594620461AF064FEAAE700BF2C9D0020B6
:10703000C0C4242000800E40BCCE01201C9D002036
:10704000249D0020289D0020209D00209ACE012014
:107050009CCE012038B50021044608F0B5F888B16F
:1070600072B61C4A1368002B2BD01B490D68002DEB
:107070002CD0156008600021184A118062B61846AD
:1070800008F056F80121204608F09EF898B172B633
:10709000134A136883B113490C6854B11460002477
:1070A000114A0860148062B61846BDE8384008F0FE
:1070B0003FB8086062B638BD0B4910600B8062B6FD
:1070C00038BD064910600B8062B6DBE7086062B627
:1070D000D8E700BF1C9D0020209D00209ACE0120F3
:1070E000249D0020289D00209CCE0120F8B52D4C29
:1070F00005462D4AE36F43F44023E3679368002B72
:1071000046DBD2F88830002B42DB002342F21072BB
:107110004FF40C611C201FF019F8E369234A23F493
:107120004063234943F40063E361A36A1A40214B9F
:1071300042F0CE02A2624A68134043F400234B603F
:107140002DB91D4B0322C3F82021C3F824211A4E68
:107150000327154B0124C6F8287100254FF4803011
:107160001649174A174E1D66DC601E615861996109
:10717000DA61C3F8E050C3F88C4004F1E064C3F86E
:107180009040C3F89400C3F89810C3F89C20F8BD51
:10719000002DFCD1084B0322C3F82021C3F8242181
:1071A000F8BD00BF00C00F400040384000FEFFFFA8
:1071B00000C00A40F8FFF7FF00801F401B1F0100BE
:1071C000001F1F1F0100004770B5264D002401213C
:1071D000254E284608F032F9244A254B20461460F3
:1071E0001C60FFF783FF234B0321234A0220C3F8CF
:1071F00080112B6821491A604FF480729C61DA82F9
:10720000DA8306229C829A831D4ADE601A61C3E9F2
:10721000011029791B480FFA81FC1B4B40F82C40C8
:1072200040F82C30194B1A48D976D2F86630194CF0
:1072300043F01043C2F8663042F81A0C08F0DCF84C
:107240002A79154B0121207002F1100003EB521333
:1072500002F01F02114C91409B00114A42F820405D
:10726000196070BD2C9D002000FEFFFF1C9D0020BA
:10727000249D002000801F40C0C424200200010182
:107280002240384000C00E401400008000800E40B4
:1072900001000090BCCE0120403800381D3D0100A7
:1072A00000940020024A034903480CF039BA00BF99
:1072B000F86A0020BD3A01002C9D00202DE9F04124
:1072C000044607F0DFFE002800F096800546237E86
:1072D000043005F5827CDBB9E269C2EA224205F19D
:1072E000240305F5927143E9082243E9062243E9A4
:1072F000042243E9022220338B42F4D1204629465E
:10730000002207F03DFF2846BDE8F04107F010BF1E
:10731000D4E90731626A83FAA1F6EFF300873F01EF
:107320006CD5002A58D0571C022F04D991FBF2F6D5
:1073300093FBF2F7F61B7F2E24DD05F1140105F512
:107340008A7C01E0E369626A9F1803EB4203C3EAA7
:10735000274703EB020E03EB4203C3EA2E4E9E18AF
:1073600003EB4203C3EA264603EB42001344E06109
:10737000C0EA234041E9047E41E9026010316145E1
:10738000E0D1BBE7012E3CDDB71E06464FEA5708A9
:1073900008F1020E05EB8E0E01E0E369626A03EB71
:1073A00042011344E161C1EA234146F8041B7645DA
:1073B000F3D1C8EBC87308F10108216A07EB430653
:1073C00000EB8808FEB1E369626A1344C1EA234313
:1073D000404640F8043B216A0023E1612376C1EA7C
:1073E000214160458AD240F8041B844586D940F883
:1073F000041B8445F7D881E7BDE8F08196FBF2F6DF
:1074000099E78046DEE74046E6E700BFB1F5803FFA
:107410004FEA21235FFA81FC11DA0F495A1C02332B
:1074200031F9122031F91300CCF580730CFB00F018
:1074300002FB03008030001200F5C040704740F2AC
:10744000FF110548C3F50072C91A30F9122030F94E
:10745000110052424042E7E7C85B0020B1F5704F8F
:107460002DE9F0410F460646904627DC1D460C46A6
:1074700005E004F580540135B4F5704F17DC002C9D
:10748000F7DB21463046B8F1000F25D0FFF7BEFFED
:1074900005F00F0304F58054013506EB8303B4F5C2
:1074A000704FD3F810211044C3F81001E7DDC7F581
:1074B00070420B4B07F5805713401F44D6F8083134
:1074C00006EBC302013303F01F03976082F80C80C0
:1074D000C6F80831BDE8F081FFF798FF4042D7E7D2
:1074E00000F0FFFF2DE9F04FD0F8084183B0D0F84D
:1074F0000C81D0F804A0A4EB08020194D3063DD07F
:107500000646DFF88090013C304604F01F0406EB8D
:10751000C407BD6897F80CB0294605F58055FFF7FC
:1075200075FFB5F5003FBD6008DBBBF1000F726869
:1075300014BF4FF4404149460A447260BBF1000F4A
:1075400000D14042A0458244DDD108F1010856F83F
:107550003820B2F5003F11DB08F01F02019B934277
:10756000C6F80C210AD002F1010856F83820B2F50D
:10757000003F03DB08F01F02C6F80C21504603B0A1
:10758000BDE8F08F0040FFFF002938B504461546DE
:1075900003DB0268002A20DB38BD0368002BFBDB1D
:1075A000D0F85401CA1AC11A00230803090D16F0B5
:1075B00043FD40F6FF7194F85031B0F5805F18BF7D
:1075C0000146002BE8D02B46002249422046FFF717
:1075D00045FF002384F8503138BDC2F1000C002370
:1075E0008A1A4FEA0C304FEA1C5116F025FD40F67E
:1075F000FF7194F85031B0F5805F18BF0146002B41
:10760000CAD12B46012249422046FFF727FF01231A
:1076100084F8503138BD00BF2DE9F8430D4690F88D
:107620005011044617461E46E9B10268D0F85411BD
:107630008A4251D2AA4201D8A9424DD8891A0023C0
:10764000AA1A0803090D16F0F7FCB0F5805F33465F
:107650004FF0000214BF414220492046FFF7FEFED2
:10766000002384F85031D4F80080B8F1000F33DAE9
:10767000002D31DBC8F10001A5EB08090023C4F897
:10768000547108034A46090D16F0D6FCB0F5805F28
:1076900033464FF0010214BF414210492046FFF724
:1076A000DDFE0123BD4284F8503115D3A7EB08015C
:1076B0004A4600230803090D16F0BEFCB0F5805FB2
:1076C00033464FF0000214BF414204492046FFF701
:1076D000C5FE002384F85031BDE8F88301F0FFFFB8
:1076E00070B50E1E054614461BDBFFF7FBFE2A682D
:1076F0004FF44043002AA2FB0313A3F5C04300FA52
:1077000083F309DB04F00F0405EB8404B4F91001E2
:10771000C4F810312E6070BD6A6802F540426A609C
:10772000F0E70268002A12DBC2F100410023B21A1E
:107730000803090D16F080FCB0F5805F23464FF07A
:10774000000214BF414209492846FFF787FE31462F
:107750002846FFF7C7FE2A684FF44043A2FB0323E5
:10776000A3F5C04300FA83F3CCE700BF01F0FFFFAD
:10777000436A2DE9F04F054685B0076AD0E9064611
:107780002BB904EBC614846105B0BDE8F08F07F097
:1077900079FC0090002858D0E3190193009B1C1D30
:1077A000B5F932300C2B2AD8DFE813F088007A00C4
:1077B0000D00A600C600EB00050114012D015400C8
:1077C00054006D019301686A20F34F00009AC0F1E4
:1077D000000C00B2931D02F5837E0FFA8CFC019A17
:1077E000002A03F102033244ACBF0146614623F88C
:1077F000041C9E45F4D1019B03EBC61301932B6A35
:10780000019AD21AB5F93430AA617BB1009A02F517
:1078100082711A4601E0B5F93420B4F900301344FE
:1078200003F30F0324F8023BA142F4D1009C284645
:107830000022214607F0A4FC204605B0BDE8F04F29
:1078400007F076BC009807F073FCAB6903EBC61336
:10785000AB6199E7009B05F13809DDF804B04FF002
:10786000000803F1060A0BE002FB00F0031408F124
:1078700001080AF1020A2AF8043CB8F1800FBAD0D4
:10788000B344424648465946FFF72AFFB5F932301D
:107890006A6A0A2BE8D1524200FB02F21314E6E7AF
:1078A000009B6F6A03F58270019A234637FB12F141
:1078B00023F8021B98423244F8D19CE7009B2146F2
:1078C0006F6A03F5827C019AA948130EC2F30F2E4A
:1078D00030F9139003F10108CEF5803330F91880A8
:1078E00009FB03F30EFB083353FB07F321F8023BBC
:1078F0008C453244E9D17EE7009B4FF6FF78019832
:1079000003F1060E03F58379D5F824C0820F0EF13A
:10791000020EC313A8EBD031013A0CFB03F3304441
:10792000012A0CFB01F14FEA234398BF0B142EF8F8
:10793000043CF145EAD15EE7E86A002882D0009B6A
:1079400021466F6A03F5827C019A130EC2F30F2859
:1079500003F1010EFF2B30F9139014BF00EB4E0E14
:107960008646BEF90030C8F5803E08FB03F30EFBE7
:10797000093353FB07F321F8023B8C453244E4D131
:1079800039E7686A20F34F00009AC0F1000CAF6A33
:1079900000B2931D02F5837E0FFA8CFC019A974288
:1079A00003F10203324494BF614601469E4523F829
:1079B000041CF4D11FE7009B686A03F5827C019ADE
:1079C000C043234630FB12F123F8021B9C4532448E
:1079D000F8D110E7009BA146DDF8048003F5827A18
:1079E00002E0CA453FF407AFB5F9303018EB06089E
:1079F00029F8023BF5D3686A08F04CF96B6AA0EBF2
:107A000063002886EDE7AB6A4FF6FF724FF0FF3B4D
:107A100000984FEA13490394811D4FEA5308A2EBE3
:107A2000090200F5837AD5F824C06FF00047BBFB4C
:107A3000F9F9BBFBF2FB6FEA53020292019A029C36
:107A4000A2EB530E0BE01B0C0CFB03F31B1421F8F1
:107A5000023C02313244B644514500F08280130C9E
:107A6000904509FB03F3EED808EB02034FEA1E40F2
:107A700094424FEA13430BFB107069D900140CFBBE
:107A800000F00314E3E705F1380A019FA3464FF025
:107A900000083744424650463946FFF775FD3946DF
:107AA0005046FFF71FFD08F00F0208F1010805EB33
:107AB0008202B8F1800FB2F94831C2F84801696A10
:107AC000AF6301FB03F34FEA23432BF8023BE0D102
:107AD00091E605F13809019FA0464FF0000B029492
:107AE000AC6A37445B46484622463946FFF794FD68
:107AF00039464846FFF7F6FC1E4BA3FB043C0BF04F
:107B00000F030BF1010BA4EB0C0A05EB8303BBF194
:107B1000800F0CEB5A0CD3F848114FEA1C4CCCF5F3
:107B2000405C6044C3F848014FEA61136A6AC3EBE2
:107B30006103AF631BB202FB03F34FEA234328F850
:107B4000023BCDD1DDE9013403EBC613019356E6C8
:107B500009FB03F303F100431B140CFB03F31B1499
:107B600075E7019B039C03EBC613019347E600BF37
:107B7000FC2A0020016000802DE9F04F002185B033
:107B80000646446A07F020FB0346012130461F46A3
:107B9000029307F019FB356AD6F830820190002F66
:107BA00000F0F18096F8393283BB06F130013A1DBE
:107BB00007F58279D6F828A08C46C64FDFF81CE37B
:107BC00047F6FD70DFF818B3039132F9021B0AFB88
:107BD00001F121F0784303F10063DB0053FB13F361
:107BE00053FB17F3C9160EEBC303C1F10E010B4192
:107BF000A3FB04311B0C814243EA01438CBF5D446B
:107C0000ED184A454CF8045FDFD114E0029B06F101
:107C10003000D6F828C02A46191D03F58277039054
:107C200031F9023B0CFB0323B942224440F8043FE4
:107C3000F6D105EBC415029807F07AFAF36A3562BB
:107C4000DBB107F01FFA0290B8B1029A96F8383209
:107C5000141D0C2B38D8DFE813F0E9010802DB0013
:107C60001A00550118014501CD017C01BB00BB0084
:107C7000F2004A00029807F05BFA019B002B00F02B
:107C80009080184605B0BDE8F04F07F051BADDE925
:107C9000023006F50C7EF56A991D4FF6FF7C50F810
:107CA000043F02319F0FDA13013FACEBD33305FBE6
:107CB00002F2012F05FB03F34FEA224298BF1A1488
:107CC000864521F8042CEAD1B6F93632002B6BD167
:107CD000019B002B53D1029C30460022214607F025
:107CE0004FFA204605B0BDE8F04F07F021BA019BDE
:107CF000002B00F0A48006F50F7903F10208254659
:107D00004FF0000BDDF80CA0039438F9027F5B46BE
:107D10005AF8044F484607F5004721463F043A46C3
:107D2000FFF77AFC21464846FFF7DCFB6A4BA3FBD2
:107D30000723FF1A03EB57031B0CC3F540531844EA
:107D40000BF00F030BF1010B06EB8303BBF1800F6C
:107D5000D3F84C73C3F84C034FEA6713F26AC6F8C2
:107D60003C42C3EB67031BB202FB03F34FEA23431E
:107D700025F8023BC9D1039CB6F93632A3B9019864
:107D800007F0D6F9A7E706F1300306F50C712A468D
:107D9000039343F8042F8B422244FAD105EBC41518
:107DA0004CE705B0BDE8F08F029A02F582711A46E1
:107DB00001E0B6F93622B4F90030134403F30F039F
:107DC00024F8023BA142F4D1019B002B83D0D6E7DB
:107DD000DDF80C9006F50F7825464FF0000A524664
:107DE00059F8041F40460AF1010AFFF779FCF36ACB
:107DF00096F8382203FB00F00A2A4FEA204008BF19
:107E00004042BAF1800F00B225F8020BE7D15BE7E0
:107E1000F06A20F34F004542029B039A00B22DB254
:107E2000063306F50C7C52F8041F02330029ACBF60
:107E300001462946944523F8041CF4D144E7DDF8B3
:107E40000CB006F50F7AA14600255BF8047F2A46A0
:107E500050463946FFF798FB39465046FFF742FB3C
:107E600005F00F02013506EB8202802DB2F94C338A
:107E7000C2F84C03F26AC6F83C7202FB03F34FEA05
:107E8000234329F8023BE0D11EE7019A002ABFD024
:107E9000F36A23F34F08C8F1000E1346911C029AAF
:107EA000039D0FFA88F80FFA8EFE063203F58179EA
:107EB00031F9023F704655F8047F023203F5004362
:107EC000B7EB034F38BF4046894522F8040CEFD189
:107ED00052E700BFABAAAA2A01600080AAAAAA2A78
:107EE0000000FE7FF06A2246029B0399C04303F51F
:107EF000827551F8043F30FB13F322F8023B9542A0
:107F0000F7D1E1E6356B002D3FF4B4AE029B21467C
:107F10000398D6F82CE003F5827C50F8042F130E5A
:107F2000C2F30F225F1CFF2B35F9138014BF05EB42
:107F300047072F46B7F90030C2F5803702FB03F33D
:107F400007FB083353FB0EF321F8023B8C45E4D1C9
:107F5000BAE6019B002B3FF49AAE03F10209029BA3
:107F600006F1340E06F50D7703F1060CF56A4FF0B5
:107F7000FF3B10E0BBFBF2F26FF0004302FB11335A
:107F80001B1405FB03F31B14BE450CF1020C2CF86B
:107F9000043C3FF4F1AE39F9022F5EF8041B02F500
:107FA00000420B0C4FEAC238B1EBC23F6FEA080A3D
:107FB000BBFBF2F000FB03F34FEA134305FB03F3B3
:107FC0004FEA2343E0D308EB01038A45C2F57F4221
:107FD000A1EB08014FEA134302F1FF024FEA1141FE
:107FE00000FB03F3C6D803F100431B1405FB03F3A6
:107FF0001B14C9E7039D06F50C7AA146474606E027
:10800000B6F93432AA4529F8023B3FF45DAE3B464F
:1080100055F8047F9F42F3D2F06A07F03BFEF36A03
:10802000A0EB630003B2A6F83432EBE7029B2146D3
:10803000039DD6F82CE003F5827C134855F8042FF5
:10804000130EC2F30F2230F913805F1CC2F5803388
:1080500030F9177008FB03F302FB073353FB0EF3F1
:1080600021F8023B6145E9D12EE6029B22460399A5
:10807000F56A03F5827051F8043F35FB13F322F8DB
:10808000023B8242F7D11FE6FC2A00202DE9F0478F
:10809000C1EBC16800262D4A0F464FEA481305463A
:1080A0004FF44049DFF8A8A0B34201EB0304C3F149
:1080B00000480360A8BF4FF4C042C0E94266426076
:1080C0001DE021462846FFF70DFA2A68A2FB091396
:1080D000002AA3F5C04300FA83F003DA6B6803F5C6
:1080E00040436B6006F00F03013600B2A8EB0708AF
:1080F0004433202E45F823002C603C4423D0002C30
:10810000DFDAE31B002B12DB3A4600234FEA08308C
:108110004FEA185115F090FFB0F5805F33464FF0ED
:10812000000214BF414251462846FFF797F9214605
:108130002846FFF7D7F92B68A3FB0923A3F5C04313
:1081400000FA83F0CEE7BDE8F08700BF00A0FFFF94
:1081500001F0FFFF2DE9E847C1EBC16592461D4BD9
:1081600000266D01C0F8542189460746AA42A3FBA8
:108170000A23194A88BF4FF4C04205600D44C0F875
:1081800008614260AAEB0302C0F80C6103EB5208DD
:108190008CBF012333464FEA184880F85031C8F5A8
:1081A00040583346294652463846FFF735FA2946A5
:1081B0003846FFF797F906F00F0340440136443381
:1081C00000B2202E47F823003D604D44E9D1BDE8C0
:1081D000E88700BF0160008000A0FFFF4FF0004271
:1081E000FFF7B8BF00224FF4C041C0E94222C0E906
:1081F000002170472DE9F84386690EB9BDE8F88380
:10820000044606F03FFF05460028F7D000F10C01B8
:1082100000F5867CE36944F2A712294812FB13FE9D
:108220009BB200EA0E4702FB03F303EBDE331F446D
:1082300027F0004303EBD77336FB03F712FB13F869
:1082400000EA084E9BB20EEBD83E02FB03EE2EF086
:10825000004303EBDE7336FB03FEC7EA0E4712FB57
:1082600013F800EA084E9BB20EEBD83E02FB03EE79
:108270002EF0004303EBDE7336FB03F812FB13F919
:1082800000EA094E9BB20EEBD93E02FB03EE2EF044
:10829000004303EBDE7336FB03FEC8EA0E4841E9F8
:1082A000027808316145B9D120462946E3610022B0
:1082B00006F066FF2846BDE8F84306F039BF00BF68
:1082C0000000FF7F2DE9F04F00F5807EB1E8A00AA5
:1082D000B2E84015C5EA0643C6EA2544C7EA0845A0
:1082E000C8EA2746C9EA0A47CAEA2948CBEA0C493C
:1082F000CCEA2B4AA0E8F8078645E7D1BDE8F04F65
:1083000070474FF000022DE9F00F00F5807C00BFB0
:10831000B1E8A00AC5EA0203C2EA2544C7EA020599
:10832000C2EA2746C9EA0207C2EA2948CBEA02099B
:10833000C2EA2B4AA0E8F8078445E9D1BDE8F00F6E
:1083400070474FF000022DE9F00F00F5807C00BF70
:10835000B1E8A00AC2EA0543C2EA0504C2EA074539
:10836000C2EA0706C2EA0947C2EA0908C2EA0B499B
:10837000C2EA0B0AA0E8F8078445E9D1BDE8F00F8E
:1083800070472DE9F00F089C00F5007B51F8045B65
:1083900053F8046BC5EA0647C6EA254952F8045B60
:1083A00054F8046BC5EA0648C6EA254AA0E88007E7
:1083B0008345EBD1BDE8F00F704700BF0120704747
:1083C00043792BB10021D0E9270303FB00F070476C
:1083D00018460021704700BF0020704700207047FA
:1083E0000020704700207047F0B404461F469BB23F
:1083F000304E1046202543EA044305227561C6F835
:10840000B820C6F8A010C6F8A4300123C6F8B030D2
:108410000F2F13D973699C06FAD5103FD6F8004187
:108420001030D6F804110F2FD6F80821D6F80C31E9
:1084300040E9044140E902237561EBD8FA1DEFB130
:10844000D6F8F030DBB2B3EBD20FE1D3032F23D950
:10845000A7F1040C184B01464FEA9C0C1B1A0CF1B7
:10846000010200EB8200CA5841F8042B8842FAD17D
:10847000124B17F0030753F82C300FD10D4B5A69EC
:10848000D107FCD55A69120701D508225A61094B58
:108490000122F0BC5A617047D6F80031012F4FEA33
:1084A00013220370EAD01B0C032F427008BF8370A5
:1084B000E4E700BF00402A4000412A4004412A402E
:1084C00010B504689C4602F50000029BD4F89C405D
:1084D000624604FB01010920FFF786FF002010BD62
:1084E00000487047902A00600648944610B504681A
:1084F0001846029AA4440CEBC13108F027FA002078
:1085000010BD00BF549D002010B5064C944608468F
:10851000029A24681946A4440CEBC03008F048F8CD
:10852000002010BD549D002008B5044B186800EBD6
:10853000C13008F0A5F9002008BD00BF549D0020FF
:108540002DE9F0439846C36983B04BB39146054685
:108550000F46426900260021484619F0C9FB6969A7
:108560006C68324600914B4639462846A0476A69F6
:108570007AB109F1FF3C0CEB020401E0A44508D0FC
:108580001CF801EFBEF1FF0FF8D0002003B0BDE8EA
:10859000F083B8F1000F03D01644EB699E42DAD3A2
:1085A000012003B0BDE8F08308B5437923B108305A
:1085B00004F08CF9C343DB0F184608BD00B5C3B007
:1085C00008306A4604F0D0FBC043C00F43B05DF8EA
:1085D00004FB00BF43790BB918467047FFF7EEBFA5
:1085E000437913B900200021704710B504460830C4
:1085F00004F00AFF002803DBD4F8A03083420FD236
:1086000023680C4ADB69934210D163792BB10021B6
:10861000D4E9273003FB00F010BD0020002110BD7D
:10862000D4F89C30002103FB00F010BD2046BDE8CB
:1086300010401847CD510100034610B4C0B1104896
:10864000104C0268246801328C4202600CD3CC08C2
:1086500001F0070C01220020195D02FA0CF20A4316
:108660001A555DF8044B704708465DF8044B704797
:10867000034A10680029F4D0024C13602160F0E72F
:10868000A8C60020A4C60020026810B51269084CD4
:10869000A2420AD10346407900B910BD03F1080097
:1086A00004F014F9C043C00F10BDBDE810401047DE
:1086B000B553010070B5467984B016B9304604B0A0
:1086C00070BD00F108041546204604F093F9002817
:1086D00015DB08F089FB0423024629460093204657
:1086E000039203AB6D2204F09FFB0028E6DA2221FF
:1086F00005480AF0A7FE054807F0B4F8DEE70026B3
:10870000304604B070BD00BF70430020E06600201A
:1087100070B5457984B01DB90025284604B070BDF8
:1087200000F108040E46204604F0B2FC0028F3DBFA
:1087300008F05AFB0423039063220093314603ABF5
:10874000204604F071FB002811DB042203AB314604
:10875000204600926D2204F067FB0028DDDA22211A
:1087600007480AF06FFE074807F07CF8D5E722219A
:1087700005480AF067FE034807F074F8E5E700BF14
:1087800070430020E06600204C43002030B482B0EB
:108790000C4602AB03E90600C37C002B30D072B656
:1087A000C37CDA0708D54FF0E0214569D1F8802174
:1087B0002A408262C1F880219D0708D54FF0E02150
:1087C0008569D1F884212A40C262C1F88421590701
:1087D00008D54FF0E021C569D1F888212A4002630D
:1087E000C1F888211A0708D54FF0E021056AD1F8B1
:1087F0008C212A404263C1F88C21DB062FD462B65B
:1088000083689C4235D0224B84609B69214AC3F324
:108810000111C3F3826352F821100133B1FBF3F26B
:10882000CCB1944227D8B2FBF4F3B2FBF3F29442FA
:108830002CD3B3F5817F20D3174CC4600368032287
:108840000020019918615A6201221C6419661A619C
:1088500002B030BC70479942EFD3531CE9E74FF0A8
:10886000E022416AD2F890310B408363C2F8903124
:10887000C5E7C468E2E70024DFE7022BFBD9023B2F
:108880005A08140244EA02441C43D6E71A46E4E7B5
:1088900000C00F4068480020FF7F7F00944619B158
:1088A000012903D0012070471DF048BC1A466146DB
:1088B0001DF03CBC70B51D4684B0D0F8CC30089E8D
:1088C000002B78D0D0F89C30044603FB012190F8AF
:1088D000D130182B65D013238DF804108DF800309B
:1088E0000B0E8DF801300B0C090A8DF802308DF853
:1088F000031032460021284619F0FAF92F4A0723BF
:10890000D4F8CC00CDE9022304AB13E90600FFF74D
:108910003DFF002194F8D00007F04AFD94F8D130D3
:108920006A46D4F8CC00DB081146013312F060FB34
:1089300033462A462946D4F8CC0012F059FB0121CF
:1089400094F8D00007F034FDD4F8CC20D37C2BB3BE
:10895000DD0704D5906A4FF0E021C1F800019C07C3
:1089600004D5D06A4FF0E021C1F80401580704D5BE
:10897000106B4FF0E021C1F80801190704D5506BC6
:108980004FF0E021C1F80C01DB0607D5926B4FF0E8
:10899000E0230020C3F8102104B070BD002004B013
:1089A00070BD03238DF800300B0C49BA8DF80130EF
:1089B000ADF802109DE76FF00400F0E780C3C90135
:1089C0000068FFF777BF00BF2DE9F04F83B0044682
:1089D0000F46DFF8D4A007F0C1FC6D4606464FF005
:1089E0000709DFF8C880D4F8CC00CDE900A995E8E4
:1089F0000600FFF7CBFE002194F8D00007F0D8FC6A
:108A0000D4F8CC304FF4A0601A68116E01EA080364
:108A100043F00F0313665066136F9B07FCD4116677
:108A20000121536F94F8D0001FFA83FB07F0C0FCBC
:108A3000D4F8CC20D37C13B3D80704D5916A4FF077
:108A4000E020C0F80011990704D5D16A4FF0E0206A
:108A5000C0F80411580704D5116B4FF0E020C0F89E
:108A60000811190704D5516B4FF0E020C0F80C1124
:108A7000DB0604D5926B4FF0E023C3F810211BF006
:108A8000010B07D007F06AFC801B874206D30AF06F
:108A900057FDA8E7584603B0BDE8F08F6FF004001B
:108AA00003B0BDE8F08F00BF80C3C90100F0FFFF35
:108AB00030B50446D0F8CC0085B0002800F09C808A
:108AC0001D46D4F89C3003FB012294F8D130182BBA
:108AD00000F0888012238DF804208DF80030130EEA
:108AE0008DF80130130C120A8DF802308DF8032036
:108AF000434A0723CDE9022304AB13E90600FFF73D
:108B000045FE002194F8D00007F052FCD4F8CC20A8
:108B1000062312685366D36D13F4F81FFBD00121AE
:108B200094F8D000536F07F043FC3649FA22364BD5
:108B300048681B684FEA134C344B02FB0CFC4FEAAD
:108B40005C0CA3FB0C3C4FEA1C2C4A68121A94459F
:108B5000FBD8002194F8D00007F02AFC94F8D1301B
:108B60006A46D4F8CC00DB081146013312F040FA13
:108B7000089B00222946D4F8CC0012F039FA0121D2
:108B800094F8D00007F014FCD4F8CC20D37C13B3B5
:108B9000D90704D5906A4FF0E021C1F800019D0784
:108BA00004D5D06A4FF0E021C1F80401580704D57C
:108BB000106B4FF0E021C1F80801190704D5506B84
:108BC0004FF0E021C1F80C01DB0604D5926B4FF0A9
:108BD000E023C3F81021D4F8D4102046FFF7F4FEA8
:108BE00005B030BD02238DF80030130C52BA8DF859
:108BF0000130ADF802207BE76FF00400F0E700BF22
:108C000080C3C901001000E0DC6600201123970832
:108C10000068FFF74DBF00BFD0F8CC30002B00F04C
:108C2000AE8070B5044684B0D0F894000E4618F0BB
:108C3000D3FC054660B102460123314604F18000B1
:108C4000FFF77EFC002840F08E80284618F0CCFC10
:108C500094F8D13094F8D210D4F89C20182B8DF8C9
:108C6000001002FB06F177D0080E8DF804100A0CF4
:108C70000B0A8DF801008DF802208DF80330414A6F
:108C80000723D4F8CC00CDE9022304AB13E9060096
:108C9000FFF77CFD002194F8D00007F089FBD4F8A1
:108CA000CC20062312685366D36D13F4F81FFBD053
:108CB000012194F8D000536F07F07AFB3249FA256E
:108CC000324A48681268324B120C05FB02F2520815
:108CD000A3FB0232120A4B681B1A9A42FBD80021EE
:108CE00094F8D00007F064FB94F8D1306A46D4F8C9
:108CF000CC00DB081146013312F07AF9012194F817
:108D0000D00007F055FBD4F8CC20D37CEBB1DE07C4
:108D100004D5906A4FF0E021C1F800019D0704D509
:108D2000D06A4FF0E021C1F80401580704D5106B58
:108D30004FF0E021C1F80801190704D5506B4FF03E
:108D4000E021C1F80C01DB0613D4D4F8D81020467A
:108D5000FFF73AFE04B070BD0B0C49BA8DF8013034
:108D6000ADF802108BE7284618F03EFC002004B056
:108D700070BD926B4FF0E023C3F81021E5E76FF070
:108D80000400704780C3C901001000E0DC660020C9
:108D9000112397080068FFF73FBF00BF70B51D465D
:108DA00084B0D0F8CC30089E002B75D0D0F89C3021
:108DB000044603FB012190F8D1300322182B8DF8D3
:108DC000002062D00B0E8DF804108DF801300B0CD2
:108DD000090A8DF802308DF803103246002128462A
:108DE00018F086FF2E4A0723D4F8CC00CDE90223E1
:108DF00004AB13E90600FFF7C9FC002194F8D0008A
:108E000007F0D6FA94F8D1306A46D4F8CC00DB08E3
:108E10001146013312F0ECF833462A462946D4F8BD
:108E2000CC0012F0E5F8012194F8D00007F0C0FA68
:108E3000D4F8CC20D37C2BB3DD0704D5906A4FF057
:108E4000E021C1F800019C0704D5D06A4FF0E02171
:108E5000C1F80401580704D5106B4FF0E021C1F8A8
:108E60000801190704D5506B4FF0E021C1F80C013F
:108E7000DB0607D5926B4FF0E0230020C3F81021EA
:108E800004B070BD002004B070BD0B0C49BA8DF861
:108E90000130ADF80210A0E76FF00400F3E700BF67
:108EA00080C3C9010068FFF779BF00BF70B50446F1
:108EB000D0F8CC0084B0002800F0A8801D46D4F87B
:108EC0009C3003FB012294F8D1300221182B8DF83D
:108ED000001000F09480130E8DF804208DF80130FE
:108EE000130C120A8DF802308DF80320494A07232B
:108EF000494ECDE9022304AB13E90600FFF746FC17
:108F0000002194F8D00007F053FA4449322248680F
:108F100033681B0C02FB03F3414A5B08A2FB0323EB
:108F20001B0A4A68121A9342FBD8D4F8CC200623B5
:108F300012685366D36D13F4F81FFBD0012194F827
:108F4000D000536F07F034FA3449486833684FEA69
:108F5000134C322303FB0CFC314B4FEA5C0CA3FB9C
:108F60000C3C4FEA1C2C4A68121A9445FBD800218D
:108F700094F8D00007F01CFA94F8D1306A46D4F87F
:108F8000CC00DB081146013312F032F8089B0022B6
:108F90002946D4F8CC0012F02BF8012194F8D00027
:108FA00007F006FAD4F8CC20D37C2BB3DD0704D528
:108FB000906A4FF0E021C1F800019C0704D5D06A07
:108FC0004FF0E021C1F80401580704D5106B4FF0B1
:108FD000E021C1F80801190704D5506B4FF0E021DA
:108FE000C1F80C01DB0607D5926B4FF0E02300209F
:108FF000C3F8102104B070BD002004B070BD130C84
:1090000052BA8DF80130ADF802206FE76FF004001E
:10901000F3E700BF80C3C901DC660020001000E058
:10902000112397080068FFF741BF00BFD0F8CC308C
:10903000002B00F0B88070B50446C4B0D0F894009E
:109040000E4618F0C9FA054660B1024601233146C2
:1090500004F18000FFF774FA002840F0968028465B
:1090600018F0C2FAD4F89C50FF2104A82A4618F040
:109070003FFE94F8D130022206FB05F1182B8DF843
:1090800000207BD00B0E8DF804108DF801300B0CF6
:10909000090A8DF802308DF8031002AB0722434E07
:1090A000D4F8CC00CDE9026293E80600FFF76EFB2E
:1090B000002194F8D00007F07BF9D4F8CC200623E7
:1090C00012685366D36D13F4F81FFBD0012194F896
:1090D000D000536F07F06CF9354B364948681A6871
:1090E0003223120C03FB02F2334B5208A3FB023271
:1090F000120A4B681B1A9A42FBD8002194F8D00040
:1091000007F056F994F8D1306A46D4F8CC00DB0861
:109110001146013311F06CFFD4F89C30002204A9F1
:10912000D4F8CC0011F064FF012194F8D00007F0CE
:109130003FF9D4F8CC20D37CEBB1DD0704D5906A9D
:109140004FF0E021C1F800019C0704D5D06A4FF030
:10915000E021C1F80401580704D5106B4FF0E0215D
:10916000C1F80801190704D5506B4FF0E021C1F890
:109170000C01DB060FD4002044B070BD0B0C49BAC3
:109180008DF80130ADF8021087E7284618F02CFA68
:10919000002044B070BD926B4FF0E0230020C3F874
:1091A000102144B070BD6FF00400704780C3C90146
:1091B000DC660020001000E0112397080068FFF72C
:1091C00035BF00BF2DE9F041364D82B098464FF4CF
:1091D0000003089E0746C5F8A0304FF42023C5F8C9
:1091E000A4300123C5F8B0306C69E307FCD5200733
:1091F00001D508236B612B4C012502F50002B3B2A7
:109200006561D7F89C0043F4302300FB0121C4F8CA
:10921000A010C4F8A430C4F8B0504025224B01E09F
:10922000520628D4626912F0010CF9D0130701D557
:10923000082363611B4B01225A61D7F8D05007F015
:109240008DF8044606E007F089F8001B854220D31C
:109250000AF076F901230DF107024FF400010D2009
:10926000FFF7C2F89DF8073013F00103EBD1184661
:1092700002B0BDE8F081082E10D8002ED2D03246C0
:1092800041461846B044664607F060FB65610346F8
:10929000C8E76FF0040002B0BDE8F081A6F1080C49
:1092A0000826ECE700402A4080412A400068FFF78A
:1092B00089BF00BF70B5054682B0D0F894000C4657
:1092C00018F08AF960B1064602460123214605F1ED
:1092D0008000FFF735F900284FD1304618F084F9A7
:1092E0002B4A4FF420234FF40001C2F8A010C2F81B
:1092F000A4300123C2F8B0305369DE07FCD518074B
:1093000038D4234A01235361D5F89C1001FB04F49F
:109310004FF4402104F50004C2F8A040C2F8A410A4
:10932000C2F8B0305369D907FCD51B071FD4184BBE
:1093300001225A61D5F8D45007F010F8044606E02F
:1093400007F00CF8001B85421DD30AF0F9F8012341
:109350000DF107024FF400010D20FFF745F89DF8CD
:10936000073013F00103EBD1184602B070BD08239B
:109370005361DCE708235361C3E7304618F034F942
:10938000002002B070BD6FF0040002B070BD00BFDD
:1093900000402A400068FFF78DBF00BF826E436D1A
:1093A000126AD31A1944B1FBF2F302FB1311836D55
:1093B0008B420BD94FEA511C406E01F01F01012274
:1093C00050F82C308A40134340F82C30002070476E
:1093D00011F0805F174A184B18BF134610B5046888
:1093E00084EA010C1CEA030F14D044F3090301338F
:1093F00010D0124B0A4004EA030C114B4CEA030351
:109400009A4207D00B0D03F4E062B2F5806F03D0EF
:10941000002010BD012010BDC4F38922C1F38921B1
:109420008A42F5D35BB28646002004EB8323CEF854
:10943000003010BD00FCFF7F00FC0F7000FC0F002F
:109440000000F04F034641F3090C00201A68BCF1FC
:10945000FF3F08BF01310432C1F309011144196013
:10946000704700BF034600201A6801321A60704737
:10947000836E1A6B10B504462AB15A6B52B19B6BBE
:109480007BB1002010BDC06818F0AEF8A36E5A6B17
:10949000002AF4D1E06918F0A7F8A36E9B6B002BAB
:1094A000EFD1606E18F0A0F8002010BD2DE9F04F4C
:1094B00087B0DDF84CB0119CBBF1000F78D09A4614
:1094C0008146013B884615460393B8F1000F04D04E
:1094D000D8F80030109A934234D02B685F46109A27
:1094E0009A423ED0D9F86800DA454169B4FBF1F2FE
:1094F00001FB124202D80AB959453ED9109BA2EB92
:10950000040CC769A21A2B60039B6A6023440B44B6
:10951000B3FBF1FE01FB1E31591AB94294BF0CEBAB
:1095200001030CEB0703816A8B4228BF0B4610999D
:109530000093AB604768EB68B8470028C5D007B018
:10954000BDE8F08FD8E901733B44A342C5D9A742D7
:1095500043D93F1B2B68109A5F4528BF5F469A424C
:10956000C0D1D5E901130B44A342BBD9A14223D9F1
:10957000091B8F4228BF0F46B4E7B7FBF1F301FB8D
:109580001373224610991E46129B0496BE1B059625
:1095900000964668B0470028D1D1049AD31B129A8E
:1095A0009B44059B1A441C441292BBF1000F8CD1C2
:1095B000002007B0BDE8F08F1A1B611AEB68BA42B1
:1095C000194428BF3A46ABEB020B144412980346E9
:1095D0001344129307F0BAF9E7E71A1BE71BD8F810
:1095E0000C105A45394428BF5A461444ABEB020BC1
:1095F000ECE700BF0B6B8A6A70B50D4682B004467B
:109600008166002B3CD0C3606B6B002B46D0E361BE
:10961000FF21E06818F06CFB4FF0FF36A36EFF21CE
:10962000E0699A6A266018F063FBA56E2661AB6B51
:10963000002B3CD06366EA6B002340F2FE304FF013
:10964000FF319A4208BFFF22E2662A6C9A4208BFA5
:109650006FF0004222676A6C63649A4208BF024658
:109660001846236362672365C4E90811C4E90A3315
:10967000C4E90F33C4E90D33C4E9123302B070BD3D
:109680001046019217F0A8FF019AE0600028BBD1B4
:109690002046FFF7EDFE6FF00B00EFE7104601925A
:1096A00017F09AFF019AE0610028B1D1F0E7E86A6B
:1096B00017F092FF60660028BDD1E9E72DE9F04F71
:1096C00089B0DDF850900592B9F1000F3BD0074604
:1096D0008B469846002406AE01E0A14533D9129B83
:1096E000A9EB0405D7F868C05A4603EB040E059BA6
:1096F000082D4FF00001A3EB0403384628BF0825CE
:109700000493DCF8203005EB0E0A9845049B24D224
:10971000DCF81CC0E24520D8CDE90265CDE9008E19
:10972000FFF7C4FE139A0346304611192A462C440B
:109730002BB918F011FA0028CFD009DB0223184604
:1097400009B0BDE8F08F0023184609B0BDE8F08FDE
:109750000123184609B0BDE8F08F6FF05303184697
:1097600009B0BDE8F08F00BF30B51346C1F309055D
:10977000826885B001680446AA4228BF2A46029240
:10978000406801905868009008461B68FFF796FFF4
:1097900028B9A368AB4202D02CBF0220012005B03B
:1097A00030BD00BF2DE9F0430C46096885B0CD1CE3
:1097B00038D80646806E98461746D0F818E062689A
:1097C000D4E90253754405F1FF3CBCFBFEF50EFBEA
:1097D00015C5ACEB05050095D0F80890C847814643
:1097E000E0B9B8F1000F10D002952A46E368394677
:1097F00030460193636800934FF0FF333B6023686A
:10980000FFF75CFF002816DB12D1B36EFF21E06882
:109810009A6A18F06DFA4FF0FF332360484605B09E
:10982000BDE8F0834FF00009484605B0BDE8F0837D
:109830006FF05309F2E78146F0E700BF2DE9F04FE2
:1098400083B0DDF83C800C9E0192DDE90D5AB8F141
:10985000000F37D00C4681469B46816E002708E0FA
:109860008B692660A760B5FBF3F203FB1252AA1ABC
:1098700062602368B342F3D16068A842F0D88A6A74
:109880000244AA42ECD9521BE368281A51464245C9
:10989000184428BF42461544A8EB0208009207F07E
:1098A00055F8009A63689244A268EB1AD9F86810D8
:1098B000934238BF13468A6A9A42A36006D0B8F131
:1098C000000F0ED1002003B0BDE8F08F5B46019A77
:1098D00021464846FFF766FF0028F0D003B0BDE8F8
:1098E000F08FD9F86810C4E7F0B5174685B01E466A
:1098F0000C460246CDE902734B6801930B6800F1F8
:10990000100100930023FFF799FF054640B9324646
:109910003946E06803F08CFD6368E06033446360BF
:10992000284605B0F0BD00BF2DE9F04F87B0059285
:109930004BB94FF0FF32119918460A60129A136022
:1099400007B0BDE8F08F866E5D1E80468946F469DB
:10995000083CA54261D3B5FBF4F0013814F084FB58
:10996000109B02309C42A5EB8005B5FBF4F552D864
:10997000B3FBF4F0013814F077FB109B871CA3EBCA
:109980008707B7FBF4F7384614F06EFB109BA3EB88
:10999000800004FB17031093BD4232D94FF0040B33
:1099A0000DF1140AB44601E0D8F868C0EC1B95FA32
:1099B000A5FEDCF820000423B4FA84F4BEFA8EFE7F
:1099C000059E4A46C4F11F040021744528BF744611
:1099D00086424FEA840E0EEB030025D2DCF81CC051
:1099E000604521D84046CDF804E00096CDE902ABB1
:1099F000FFF75CFD01230028A2D1A340ED1ABD4270
:109A0000D2D8059B0020119A1360129B109A1A60FD
:109A100007B0BDE8F08F0027BEE7109B9C42B3FB68
:109A2000F4F0EED80025A5E76FF0530088E700BFFB
:109A30002DE9F04F984642F30903144689B0B3F17B
:109A4000FF3F14BF1746571C4B684A69C7F3090705
:109A500004333B4493425DD824F000428B680546B2
:109A600089465340059207AA1BBA07930423FFF7C0
:109A70003BFF8346B0BB002C38DA002F3ED05C465B
:109A80000DF11B0601E0BC4238D0D5F868E02A464B
:109A90000021DEF82000D8E900C304EB030A844566
:109AA000A7EB040304F101040AF101002DD2DEF852
:109AB0001CE0704529D80120CDF800C0CDF804A0E5
:109AC000CDE902602846FFF7F1FC844601233246C7
:109AD00049462846BCF1000F1AD1FFF705FF0028C0
:109AE000D1D08346584609B0BDE8F08F3B46424688
:109AF00028464946FFF7F8FE0028F2D1059B584654
:109B0000C9F8083009B0BDE8F08F6FF0530BE9E7F2
:109B1000E346E7E76FF01B0BE4E700BF13460A4696
:109B2000D0E90001FFF784BF2DE9F04F2DED028B46
:109B300095B092461C468346BDF890208946BDF9F3
:109B400098300D92BDF894200E939B020C92229AAD
:109B5000209EC2F38F22DDF884800B930A9244F397
:109B60000903B3F1FF3F14BF2546651C0AF1040346
:109B7000C5F309051D44D9F80C309D422CD3B8F12A
:109B8000000F40F3BE80336808F1FF38756808366F
:109B90001193239A22995A400A40654912EA010713
:109BA000DDD10A9A002A3FD1C3F30A52002AD6D047
:109BB00040F201118A4255D0B2F5817F74D00B99E1
:109BC0002A461944DDE9273098470028C7D015B048
:109BD000BDEC028BBDE8F08FDBF86830D9F80020CF
:109BE000196A8A4280F09C80DB692F1D9F4200F237
:109BF00097800423002158460393CDE9002511AA3C
:109C000002925A46FFF752FC0028E0D1119BAA4667
:109C1000D9F8002012AD1BBA13971292634043F09B
:109C200000431C461193B4E7424B524649465846FE
:109C3000CDE9067311ABCDE9047708932346CDE94E
:109C40000277CDE90068FFF76FFF0028BFDB86D100
:109C5000119B0C99C3F38922914280D90D999142AD
:109C6000A2D97CE7289A294658460892279A079253
:109C7000314A0292C3F30902C3F3892304929B1A67
:109C8000013205920E9A134400221BB206934FF044
:109C90000053CDE9002203934FF0FF33FFF744FF59
:109CA00000283FF45CAF92E7C3F30902002A3FF4B7
:109CB00056AF08EE10BACDF83C90BB46CDF8848084
:109CC000DDF83890B0462646DDE9277404E0119BA4
:109CD000C3F3090293451AD2C3F38923A96895F8FF
:109CE00000C020464B446A680CF5407C0BF1010B28
:109CF00041EA83210C3541EA0C51B8470028E6D0EF
:109D000065E7002015B0BDEC028BBDE8F08F34464E
:109D100018EE10BA4646DDF83C90DDF884801EE768
:109D20006FF0530015B0BDEC028BBDE8F08F00BFA3
:109D30000000F07FDD61010000FC0F6070B504469B
:109D4000006886B0836ED2E90052D3E90736B54287
:109D500022D202F10806B3421ED300F11001CDE970
:109D6000005208250246039504AD0295FFF79EFBBD
:109D700080B9049A636893420CD0A0680599814227
:109D800018BF824214BF012000208B420CBF00206C
:109D900000F0010006B070BD6FF05300FAE700BF9D
:109DA0002DE9F04F1C4687B0836E8046109F8A468F
:109DB000DB699346013FA3F108094F45DDE91165D1
:109DC00041D3B7FBF9F0013814F04EF90230A7EB9C
:109DD0008007B7FBF9F721462846B04780BB7FB321
:109DE000D8F8681007F001090A6AC9F10203944221
:109DF0004FEA830322D2CA6993421FD804AA03936D
:109E0000514602925A46CDE900404046FFF74EFBCC
:109E10000346A8B9FC4304F0010403E00499B047E9
:109E2000012368B9A3422846F8DB06ABA9F1020971
:109E300003EB84044F4454F8084CCCE76FF0530014
:109E400007B0BDE8F08F0027C5E700BF826E2DE99F
:109E5000F04F4D68804690690E468DB02B18073341
:109E6000B3FBF0F100FB1131A3EB010A00235545D0
:109E7000059378D2AAF1080140F2FE399B4604917D
:109E800043E0099F3FBAFF43FA0F02F5A0621205B3
:109E9000641BB3680AADF06814430422294644F4F5
:109EA0007F2444F440646340099408F110041BBA11
:109EB0000A9303F0BDFA02950822736803924246A2
:109EC000F0600193002331680B90404600912146D9
:109ED000FFF7B4FC002841D17368BBF1000F03D138
:109EE000F26803F1040B0592099A07F00047C2F3E8
:109EF000090557404FF0FF3204351D445545756044
:109F0000C6E9027232D2D8F868200435AAEB0503FC
:109F10004B4594BFEC1805EB0904544503D2049B50
:109F20009C4228BF1C464FF0FF3331680993136AE7
:109F3000994272D2231DD26993426ED809AA042392
:109F40004046CDE90014CDE9022300214246FFF747
:109F5000ADFA002895D010F1540F92D00346184660
:109F60000DB0BDE8F08F08F110049B464FF0FF33B1
:109F7000214642464046C8F800300023FFF712FC55
:109F800003460028EBD1D8F86800036998470028F9
:109F9000E4D13169514552D2CDE906BADDF814A0B9
:109FA000069B03F10409494531D2BAF1FF3F01D0C4
:109FB0008B452CD04FF0FF350AAF0496049B4C1C08
:109FC000D8F868004246D3F800C0A9EB0103066A3E
:109FD000B4451CD2C069844219D801910121404680
:109FE000CDF800C0CDE902710021FFF75FFA03460A
:109FF000012228463946002BB1D103F019FA4C450D
:10A00000214605460DD25C45D8D15545D6D06FF0D6
:10A01000530318460DB0BDE8F08F4FF0A042002763
:10A0200036E7049E0028F2D140F2FE32DDE9063028
:10A03000C11A914294BF5B189B18834201D300233D
:10A040008DE7A0F10801994228BF19460B1D8842EF
:10A050000693A5D8F3E700BF2DE9F04F2DED028B55
:10A0600097B0166814460B93836E1A6A964280F076
:10A070004D816568AA4240F24981DA698B46002128
:10A080008246032ACDE9101113D9042310AA0393A1
:10A0900002920246CDE90061FFF708FA03460690F6
:10A0A000543303D0069B002B40F03381DAF868303C
:10A0B00065681A6A954215D2DB69032B12D904230D
:10A0C000002111AA50460393029252460095019135
:10A0D000FFF7ECF903460690002800F02081543386
:10A0E00040F01781002354F8232016A9CBF8002054
:10A0F00083F0010201EB83030C9253F8183C54F8EF
:10A100002220CBF808300023CBF80420CBF80C3009
:10A110000BF1080308EE103A02230A934FF0FF33C5
:10A1200008935B46D3469A46AF4B042293E803005C
:10A1300012AB83E8030018EE101A4FF0FF3003F063
:10A1400077F9DBF86830DAF800800E90D3E907324F
:10A15000424540F23382002208994FF004094FF043
:10A16000FF3445460D920691099209F104029A4284
:10A17000059200F2AF8004220FAE009500210392F9
:10A1800058465A46CDF804900296FFF78FF90546D7
:10A19000002840F02C82314604220E9803F048F942
:10A1A000DDF83CC00E909CFA8CFC8CEA0403002B7A
:10A1B0009C4604930F93C0F29081049A42F30903E2
:10A1C000B3F1FF3F08BF0132DBF86830C2F3090189
:10A1D000DF69043101EB0902BA42079200F289817A
:10A1E000049A100D00F4E062B2F5A06F00F0A380B5
:10A1F000042900F06E81059C14AE02E0DBF86830A3
:10A20000DF69D3F820E004F10108DAF800503B469A
:10A210005A4600217545584680F01B814745C0F0DD
:10A220001881012701940095CDE90267FFF73EF9F7
:10A230003A463146002840F004810E9803F0F8F8C1
:10A240000F990E90C9F1010341F309008C46234494
:10A250004446B0F1FF3F14BF0A464A1CC2F309024C
:10A2600004329A42CAD8080DDAF8005000F4E062CD
:10A27000002A40F0BD80C1F38923099A934201D39B
:10A2800001330993229B83EA01040B9B1C4017D1E5
:10A29000059B14AA14951593DDE9243098470028EE
:10A2A000C0F27E810F9B00F0DE80089A4F495A4031
:10A2B0000A4200F0D680022800F0FA80DAF8005056
:10A2C000DDF81C90049CDBF86830D3E90732AA4221
:10A2D0003FF64BAF00238AF81630DAF80C30002B2B
:10A2E00040F00C8116AA0C9B02EB830353F8183C38
:10A2F000CAF80830DAE90023CAE900320A9B012BC8
:10A3000004D0069B089301230A930DE76FF05303D3
:10A310000693069817B0BDEC028BBDE8F08F069B44
:10A3200054333FF4DFAEDDE910239B1A002BD4BF7A
:10A3300000230123D7E61A6ADAF800309342C9D223
:10A3400009F108029742C5D30422009329463B46EF
:10A3500003925846059A019214AA02925A46FFF7B0
:10A36000A5F8002840F02481149A0E9B9A42B1D19E
:10A370000F9B0EA9049A1B0DDBF82C0082EAC37414
:10A38000042203F055F8099BCBF82C0044F3090193
:10A39000AAF814300D9BB1F1FF3F14BF2246621C96
:10A3A000DAF800508AF81730C2F309020F9BCAF896
:10A3B000104043F30901B1F1FF3F08BF0133059994
:10A3C000C3F30903114404334B448946CAF80C30E3
:10A3D000129BCAF81830139BCAF81C304FF0FF3399
:10A3E0000E93089B06936EE79428002000FCFF7FE5
:10A3F000B2F5806F39D0B2F5C06F7FF443AF00F093
:10A4000001030D93DBF86830D3E90732AA427FF6E7
:10A4100061AF09F10C094B45FFF45CAF12AA0021B2
:10A42000584600950292059A0192082203925A46D4
:10A43000FFF73CF854303FF44DAF0F99DAF8005075
:10A4400020E710F1540F40F0B780DAF80050DDF843
:10A450003CC061460023080D8AF8163000F4E06223
:10A4600006E74FF0FF33089328E7099B40B2034407
:10A470009BB20993089B23F07F4323F4700323F4DA
:10A480007F7323F0030343F09F4343F4E0038B42C5
:10A490001AD0089C661C3FF4F5AEC4F38923C1F3BF
:10A4A00089229342FFF4EEAE04EB80230893E9E6A1
:10A4B000089AC3F38921C2F389228A42FFF4FEAECF
:10A4C00043F000430893F9E6089B43F000430893E8
:10A4D000D8E6DAF800500499CAE6230D03F4E063E5
:10A4E000B3F5A06F4FD0DAF80C3000228AF81620AE
:10A4F000F5E6DAF80C308AF81650F0E65346DA46FC
:10A500009B46DAF83C301A0D12F4E06F20D0DAF8EE
:10A510004040DBF800108C4209D0DAF84420DBF828
:10A520000400844218BF824201D0914210D1069AA1
:10A53000C3F38923C2F3892140F2FF32994240D00C
:10A540000698441C48D0994202D9A0F5806306932E
:10A55000239B4BB1069BBBF81420C3F38923934282
:10A5600028BF1346239A1380069B002BBFF6D1AE5B
:10A57000C3F38923BBF814209A428CBF6FF0010308
:10A5800000230693C5E6DBF868309969DAF80C30E9
:10A59000B3FBF1F201FB1232002AA6D10122A5E79A
:10A5A00010F1540F08D1DAF80C308AF8164096E60C
:10A5B00010F1540F3FF48EAE0690AAE6089B069366
:10A5C00088E6069B43F000430693239B002BC1D1F2
:10A5D000069BC3F38923CDE7239B73B1BBF814100B
:10A5E00013468A4228BF0A4623990A80C2E710F11F
:10A5F000540F3FF46FAE06908BE61346BAE700BFE8
:10A600002DE9F04F0025012389B0144606460F4678
:10A61000AB46DFF86CA0DFF86C90DFF86C809561DA
:10A62000D361B26E4FF0000E43462146D2F820C0EF
:10A63000304604F11802BBEB5C0F0BF1010B19D291
:10A640003D680596069505ADCDE9009ECDE902A5CC
:10A650007D680795FFF700FD08B1831C07D1A3694A
:10A66000013302D0E3690133DBD16FF0010009B09F
:10A67000BDE8F08F6FF0530009B0BDE8F08F00BF68
:10A68000496B010008000020FF03F07F2DE9F0472F
:10A690000023144684B0012206460D461F4604F1ED
:10A6A000180A98464FF0FF39C4E90632E1694A1C9E
:10A6B0001FD0B26E126AB7EB520F23D22A689A42A9
:10A6C0001CD068688A4218BF884217D0984207F1A8
:10A6D000010713D04FF0FF33524621463046CDE9F3
:10A6E0000288CDE90098FFF7B7FC40B9A369591C6F
:10A6F000DCD16FF0010004B0BDE8F087002004B0A9
:10A70000BDE8F0876FF05300F9E700BF2DE9F04F87
:10A710009A46C36B0C698846CD68190D89B01646F8
:10A7200011F4E06F0246079400F09880016CD8F8AD
:10A73000000081420AD0D2F844C0D8F80470B9426F
:10A7400018BFBC4502D0604540F08880C6F389211F
:10A750000591002940F086804FF000096FF0030B4F
:10A760000BE0200D00F4E061B1F5806FAAEB090168
:10A770005AD06140314035D01C4644F30907B7F147
:10A78000FF3F14BF2346631CC3F3090303F1080111
:10A79000ABEB0303A94270D81D44936ED8F80010A8
:10A7A000186A81426ED2DB69281D98426AD8042358
:10A7B000104604920393CDE9001507A902910021E8
:10A7C000FEF774FE68BB079B1BBA6340DDE90421FA
:10A7D00023F0004307930029C3D1AAEB090161408C
:10A7E0003140C9D1013748D0149BC4F30906976E94
:10A7F0009E42D8F8000028BF1E46129B04332B440B
:10A800003D6AA8423ED2FD699F19AF423AD80396ED
:10A81000CDE90003139B104602933346FEF746FE34
:10A82000A8B309B0BDE8F08FC4F3892CC1F3892E19
:10A83000E6459ED321F07F4121F4700121F47F7120
:10A8400021F0030141F0804141F48011A14214D074
:10A8500040B209EB8029AAEB0901C0E7C6F38923BE
:10A86000059379E7C3F38923CAF389210E488B4204
:10A8700094BF81464FF0000970E76FF0010009B006
:10A88000BDE8F08F6FF0530009B0BDE8F08F149B66
:10A8900001469A1B139B981917F02AFA09EB04003A
:10A8A00009B0BDE8F08F00BF00FCFFFF30B589B0F4
:10A8B0000C2314460F4A05ADCDE901530023009344
:10A8C0000D4BFFF723FF002803DA831C0FD009B0DC
:10A8D00030BD02300BD0231F04F1080253F8041FCF
:10A8E00055F8040B934281EA00011960F6D100206B
:10A8F00009B030BD0000F07F0C00F07F2DE9F04F73
:10A9000091B005461746DFF888A104910021059310
:10A9100001238846DFF87CB1DFF87C910E910F931C
:10A92000CDE90811CDE90A11CDE90C11AB6E1B6A16
:10A93000B8EB530F80F0A9803846049CA04708F17B
:10A940000108034600286AD10F993846A0470346FC
:10A95000002864D14FF0FF3301900EAA08A900939C
:10A96000CDE902002846FFF777FB002840F08B80F6
:10A97000BDF8343023B304460AEA8423082206A92A
:10A98000002643EA0B03029201914A4608A9284691
:10A9900000960134FFF7BAFE031E40F202224FEA8E
:10A9A00013513ADBB2EB135F3DD0B1F5007F02D11A
:10A9B000059B002B48D1BDF83420A3B29A42DBD8C6
:10A9C0000E99481C02D00F9B0133AFD1AC6A002C0A
:10A9D00048D0049E07E001F49011B1F5003F43D048
:10A9E0002468002C3ED0A379012BF9D1216B01F40E
:10A9F0008813B3F5803FEED1D4E90A32002AEAD0B9
:10AA0000009204F140012A462846CDE90167FFF78C
:10AA1000C7F9002837D1216BDDE79A1CCBD0184647
:10AA200011B0BDE8F08F31462A462846DDE90636EA
:10AA3000002EC0D00096049E02970196FFF7B0F951
:10AA400003460028B7D0EAE706993846049EB04787
:10AA500003463846002BE2D10799B0470346002849
:10AA6000A9D0DCE70023DAE7D4E90D23002AB7D028
:10AA7000009204F140012A462846CDE90167FFF71C
:10AA80008FF90028ACD00346C9E76FF05303C6E73F
:10AA900000FCFF030800002000FC0F702DE9F84FB8
:10AAA0000126DFF8D4A004468B46D4F85880D4E9B8
:10AAB000173008E00138676EC4E9171057F82E50B8
:10AAC0002A4231D00B4603F01F02984503F10101E1
:10AAD0004FEA531E06FA02F2ECD1002848D0636D0B
:10AAE0004FF00009A26E9844136AD26AC4F85C90D1
:10AAF000B8FBF3F103FB118349466365D30083423E
:10AB000028BF0346606EA36517F0F2F801232246C2
:10AB100051462046FFF7F2FE0028C6D0A36E1B6AFE
:10AB2000C4E91699236621E0626D1344A26E126A8D
:10AB3000B3FBF2F102FB1133CBF80030D4E916037A
:10AB4000834212D0012506E0226E8342E36502F1C2
:10AB5000FF32226609D0590903F01F02013357F86A
:10AB6000211005FA02F20A42EED10020BDE8F88F6A
:10AB70006FF01B00FAE700BFA961010070B50D4638
:10AB800084B004310646FFF789FF044600283CD113
:10AB900029463046FFF782FF0446002835D12A4671
:10ABA000B36EA86052F8081B186A814230D2D86987
:10ABB00003282DD904230292304632460393CDE96F
:10ABC00000142146FEF772FC30B110F1540F03D08F
:10ABD0000446204604B070BDAA68B36E596A0029C5
:10ABE0000ADD0131531E41F001021344B3FBF2F1BF
:10ABF00002FB11329B1AAB604FF0FF33042100229D
:10AC0000EB61C5E90313C5E90523204604B070BD17
:10AC10002246E3E72DE9F04F8DB080460E460692BE
:10AC20001268079305921BB11A4640F2FF33138056
:10AC3000D8F82030B146564CB361564DD8F8243080
:10AC40000494F361059C2946204614F0B5FC2618AF
:10AC500082462946304618F061F80128074669D037
:10AC6000022802D133782E2B7FD0F3194FF0010A3E
:10AC70001C4605932946204614F09EFC04EB000B6D
:10AC80002946584618F04AF8A8B102280BEB0004F0
:10AC900002D00AF1010AEDE79BF800302E2BF8D123
:10ACA0009BF801302E2BF4D1BAF1010AE2D10BF15D
:10ACB00002030593C6E73378002B67D0069B049AFE
:10ACC0001E60130D022B5ED1C2F3892440F2FF33C4
:10ACD0009C4236D109F1180A44460DF1240BDDF8E7
:10ACE0001C80049604E045D199F81730002B44D01D
:10ACF0002F21049817F064FF0028274E4FF0F043EF
:10AD00000CBFC4464FF0000C02965246049E4946C2
:10AD10002046CDF80CB00097CDF804C00994CDE9D9
:10AD20000A67FFF799F90028DDDA044620460DB0DE
:10AD3000BDE8F08F14F80A302E2B96D1F319059345
:10AD400080E70822154B09F1180A009043EA842392
:10AD500002924946124A4046CDF804A0FFF7D6FCBD
:10AD6000031E0493B8DA1C46E0E773782E2B7FF4B9
:10AD70007CAFE3E7A046049064E76FF0010420464F
:10AD80000DB0BDE8F08F6FF01304CFE7049CCDE762
:10AD900000FC2F00DC580020756501000800002031
:10ADA00000FC0F702DE9F0411C4640F2FF3386B0E5
:10ADB0009A4235D0C36E04F108074FEA822805464F
:10ADC000013301970E46C3F3090743EA82231E4A63
:10ADD000029700270097FFF799FC00281DDB4FEA38
:10ADE000105C08233146284684F800C0029304AB67
:10ADF000164A0193164B009748EA0303FFF786FCB7
:10AE000000280ADB40F20223020DB3EB105F15D0DD
:10AE100040F201239A420CD0384606B0BDE8F081DA
:10AE20000C4B022200201B882270238106B0BDE853
:10AE3000F081C0F3090338466360EEE7059B3846AE
:10AE4000636006B0BDE8F08100FC0F7800FC0F7075
:10AE500008000020DC5800202DE9F04F87B01F4685
:10AE6000139BDDE910B5002B4CD0064688461446EE
:10AE7000013F6FF0010ADFF894902268023206D198
:10AE8000D4E901120A44954201D28D4225D2B26E14
:10AE90005B46C4F800A05069D2F828C03A18B5FB48
:10AEA000F0F100FB11512A44691A61600091B2FB74
:10AEB000F0F100FB1121501AE26841466045019211
:10AEC0004A4628BF6046A06002903046FFF71EFC4D
:10AED0000028D2DA07B0BDE8F08F521B139BE06860
:10AEE000691A9A420144129828BF1A4615440592DD
:10AEF00005F02CFD129B059A13441293139B9B1A89
:10AF00001393BAD1002007B0BDE8F08F00FCF7FF23
:10AF10002DE9F04F05468BB08A46284609A9FFF770
:10AF2000BDFD0790A8B9099BA86E19460693C36892
:10AF30009847079080B110F1540F40F09E804FF079
:10AF4000FF3309A928462B61FFF7A8FD07900028C9
:10AF5000E9D0DDF81CB080E0DAF83C30002B58D0A6
:10AF6000079C0AF140084FF001090DF1230B26E080
:10AF70003146AE6E424FD6F81CC0BAF8046047EABC
:10AF80008626059FBC4572D301940096CDE902B98F
:10AF9000FFF762FF002837D1069E012301942A465D
:10AFA00005F1100128460096059CCDE902B9FEF78F
:10AFB00045FC002855D1DAF83C30A34229D9DAF80B
:10AFC0003060671CA3EB040C424616F4801F284631
:10AFD000414663460AF108060597C9D1671CAE6E63
:10AFE000DAF838E02A460597376ABE453FD2F66957
:10AFF000059FBE423BD30194CDF800E0CDE902B9F4
:10B00000FEF754FA0028C7D0834658460BB0BDE877
:10B01000F08FAB6EE9699A6ADAF84C00DDF81CB083
:10B0200005F094FC2B69FF21E869CAF840306B6990
:10B03000CAF84430AB69CAF84830AB6E9A6A16F069
:10B0400057FE4FF0FF33069A2B61DAF83030CAF81A
:10B05000382043F40033CAF8303058460BB0BDE80E
:10B06000F08F10F1540F3FF46AAF8346CDE76FF0D5
:10B07000530B58460BB0BDE8F08F8346EDE700BF99
:10B08000000010200B6BF0B50C46590397B0054635
:10B0900004D5DA0255D523F48023236313F4003C4E
:10B0A0003AD013F48011666B39D1542201A816F0FE
:10B0B0001FFEA36AD4F82CE04FF0FF370B93012357
:10B0C0000DF1440CB6450D930E96CDF830E095E8A1
:10B0D0000F002F608CE80F000ED836E000F050F81B
:10B0E000B0F1000C18DB2B68013301D011972F60F1
:10B0F000626BE36A9A4228D201230DF1030201A98F
:10B10000284600F073FA844601230DF10302BCF1D6
:10B11000000F21462846E1DA604617B0F0BDE26A2A
:10B12000B24238BF32464FF0000C23F40033A16B1B
:10B1300043F480336046E262A162C4E90C3617B082
:10B14000F0BD4FF0FF322264A5E704F1400707E0AD
:10B150001CF1540FE0D1FFF7DBFE84460028DBD161
:10B16000394601232A462846FEF71CFB8446214621
:10B170002846BCF1000FEBD1D4E90C32D3E700BF75
:10B180002DE9F04F93B082468846CDE905320B6B2E
:10B190005F0300F164811E05D8F8344006D5D8F865
:10B1A0002C20944202D21446C8F83420059ADAF8CA
:10B1B000701022448A4200F2168213F4003517D12F
:10B1C000D8F82C20A24213D211AEC8F834200123A3
:10B1D0003246414650468DF84450FFF7D1FF0028D3
:10B1E000C0F2C081D8F83430A342F0D3D8F8303060
:10B1F000DD0269D4059A002A00F0DE81059A9C03DD
:10B2000008F1400BC146089208F13C020F9247D565
:10B21000DAF86820D9F83C40D569AC4200F02981C1
:10B220002D1BD9F83870089B2046069C9D4228BFEC
:10B230001D460BE016F1540F40F0FC80FFF768FE4E
:10B240000646002840F0F680D9E90E7059460123E1
:10B250005246CDE90070CDE902455046FEF7EEFAC0
:10B26000064649465046002EE4D1069B2B440693E1
:10B27000D9F834302B44C9F83430D9F83C302B4459
:10B28000C9F83C30DAF868301B6ACAF86030089BAD
:10B290005B1B089300F08D81D9F830309C03B7D444
:10B2A000D80241D5DAF86820D5696FF00102D9F8E3
:10B2B000344017462D1BC9F83820C9F83C4043F4E8
:10B2C0000033C9F83030AEE70599D8F83450D8F8D3
:10B2D0002C206818DAF868409042A16C38BF1046FC
:10B2E000A26A002900F0C38040F2FE36C908B242CB
:10B2F00028BF32468A4228BF0A468242BFF47AAF4C
:10B30000236A4146C8F83C505046CAF86030FFF7FF
:10B31000FFFDD8F830308646002840F08F8023F4B7
:10B320008013C8F8303065E7D9F834300993002B22
:10B3300040F0A680DAF86820136ACAF86030D9F8BD
:10B3400038300E93099B013BCDE90C9310A9504670
:10B35000FFF7A4FB0646002868D1109BDAF86800C6
:10B3600019460493C3689847064600286FD1099B85
:10B37000002B00F02C81DAF868400D9BD4F81C906B
:10B38000A9F108084345C0F09C801E46B3FBF8F0C5
:10B39000013812F069FE851CA6EB8505B5FBF8F5B2
:10B3A000284612F061FE099BA3EB800005FB1808FC
:10B3B000C84500F08C80B8F1000F00F0EF80002548
:10B3C0000DF144090E9EA44604E0B84540F2CF803A
:10B3D000DAF868C0DCF820406F1C52460021A64213
:10B3E0005046A8EB050380F0D080DCF81CC0674510
:10B3F00000F2CB80012401950096CDE90294FEF77E
:10B4000055F8234652465946002840F0CE8004980D
:10B4100001953D4600905046CDE90294FEF70EFAA4
:10B420000028D2D010F1540F064613D0B646DDF8EE
:10B43000308001E0B646C846D8F8303043F40023E7
:10B44000C8F83030704613B0BDE8F08F0E4616F1E4
:10B45000540FEBD14FF0FF330C9A136476E7FFF7EC
:10B4600011FE86460028EDD1D8F8303093E6E16928
:10B470003AE7D9023FF519AFD9F8343009935BE7C1
:10B48000099B59465046013B00930F9B029309F1DB
:10B4900038030193D9E90A23FEF746FA0646002845
:10B4A000C8D1DAF86830FF21D9F84C009A6A16F052
:10B4B0001FFC4FF0FF33C9F84030D9F834300993FE
:10B4C00038E7099B994565D0DDF8248077E7013599
:10B4D00095FAA5F3B3FA83F30A9301330B930E9B0A
:10B4E00000250DF144094FF004081193AC00049AB3
:10B4F0000123594600925046524601940794CDE9E3
:10B500000298FEF79BF9014604F1040E042352460B
:10B510005046119F002999D10A9EAE4205F10105BE
:10B5200010D0DAF86860346AA7422ED2F669764500
:10B530002BD3079CCDE90298CDE90074FDF7B6FF47
:10B54000002840D10B9B9D42D0D1AC00DDF830905B
:10B55000DAF86830049FC9E90E74DD69D9F8303033
:10B560002D1BACE68646704613B0BDE8F08F44460E
:10B57000049FDDF83090DAF86880D9F83030C9E9F6
:10B580000E74D8F81C502D1B99E6DDF830806FF052
:10B59000530E51E701230A900B93A0E72346049F23
:10B5A0004446DDF830909846E7E78646DDF830807F
:10B5B00042E7C846D9F8303023F40023DDF814E020
:10B5C000C8F830303EE78646DDF8308034E7DDF8F5
:10B5D00030901C46049FC9E90E73DAF86830DD69C3
:10B5E000D9F830306BE66FF01A0E2BE72DE9F04FEB
:10B5F0001D460B6B87B080469E0317460C467AD4D7
:10B60000606BE36A98427ED21B1AAB4228BF2B467E
:10B610000593002B7BD004F13C0304F14009059E07
:10B620006FF0010BDFF8F8A0049327E0D8F868C0AA
:10B63000E26BDCF81C309A4223D09D1AB54228BF39
:10B64000354611F480112FD0A818A18898424AEAF3
:10B65000812C04F108015ED84046CDE900C2CDE955
:10B6600002754A46FFF7F8FB88BB606B761BE36BFD
:10B670002F4428442B446063E36348D0216B4A0382
:10B68000D4D4CB0226D50246C4E90EB0D8F868C09F
:10B6900041F48021DCF81C3021639D1AB54228BF9B
:10B6A000354611F48011CFD1DCF820C0A06B604585
:10B6B00031D205EB020C9C452DD8CDE90002CDE935
:10B6C00002754A464046FDF7F1FE0028CDD007B08E
:10B6D000BDE8F08F049A494600904046E36A029222
:10B6E00004F138020192A26AFEF71EF90028EED199
:10B6F000216BE26BCAE7FFF7C5FC0028E7D1606B5E
:10B70000E36A984280D3002007B0BDE8F08F059827
:10B7100007B0BDE8F08F6FF0530007B0BDE8F08FC1
:10B72000000010202DE9F04F2DED028BA1B09B46BB
:10B730000B688A46BDF8B4708146BDF8B880109396
:10B74000A8EB07044B680D92012C11935BDD7B4243
:10B75000464608EE101ADDF8B0A01BB2DDF83480C2
:10B760000C9318AB0B932CE0FE2C16DCD9F8680078
:10B77000C169836C4D08243903B15D088269531E89
:10B780002B44B3FBF2F502FB1535189A5B1B8B4279
:10B7900028BF0B469A4240F2BB8007EB64055B462C
:10B7A000424618EE101AADB248460296CDF800A0F7
:10B7B000EC1B019500F010FF002864D1012C2E46EF
:10B7C0001EDD0B9A00204FF0FF3351460892A34A2A
:10B7D000059607920C9A04970692A14ACDE9022099
:10B7E00000224846CDE9008B1892FEF79DF900280B
:10B7F000BAD00646304621B0BDEC028BBDE8F08FD2
:10B8000018EE10AAA846D9F86800DAF80830426A9B
:10B810000133002ACAF8083008DD013242F0010283
:10B82000B3FBF2F102FB1133002B3BD000240023C9
:10B83000DAF8041019931C934FF0FF331891CDE9F7
:10B840001A33836C03B9C369083B1D93C3689847D7
:10B850000646002860D016F1540FCBD101254FF0D9
:10B86000FF33C9F81030DAF800404CB1DAF80420A0
:10B87000012C18BF012A8CBF0124002400F23B8157
:10B880006FF01B06B6E710F11C0FB04618EE10AAB9
:10B890000646AFD1D9F86800189AC369243B934291
:10B8A000B3D2A7E7DAF8002032B1DAF804100129A0
:10B8B00002D9012A40F00581002318AA69494846A7
:10B8C0001893FFF71BF8064600B9189E002E91DB6F
:10B8D000D9F86800036AB6EB530FA7D22C9B5146E8
:10B8E0000D9A484600935B46CDE9017800F074FE5E
:10B8F000002818BF10F11C0F064614BF01240024B5
:10B900007FF478AFD9F86800002E90D1B8468EE762
:10B9100018EE10AAB04678E718AB0AF108024846BC
:10B9200019460B930423FDF7DFFF0646002892D14A
:10B930000D9B02460390484600930B9B2C99139352
:10B940007B42CDF804B01BB2CDF84890069312AB01
:10B950000893454B0793424BCDE9047802934FF08F
:10B96000FF33FEF7E1F8064600287FF474AFDAF8FB
:10B970001830013314D0DAF81C30013310D09AF8A3
:10B9800017304846394A03F5C0630B9942EA03521F
:10B990000AF11803FEF74CF8064600287FF45BAF67
:10B9A0000023CDE91533002C00F08D80D9F8482014
:10B9B000D9F84C005340DDE9151241404846159135
:10B9C000D9F850104A4051461692294A1A4014920A
:10B9D00014AAFEF76BFF064600287FF40BAFDDE9E3
:10B9E00014231343169A134340F0B4800B9948462E
:10B9F000FEF72CFA064600287FF42DAFA8EB0707C8
:10BA0000DAE90023AAF81470CAE90032199ACAF8D0
:10BA10000C201A9ACAF81020C9F85000C9E912007F
:10BA2000002C79D0109AD9F820309A4208D0119978
:10BA3000D9F82400814218BF824201D08B4207D13D
:10BA4000DAF80030C9F82030DAF80430C9F82430C8
:10BA5000D9F82830002B68D011990EE0516201000E
:10BA600000FC0F40716201002969010008FC0F0011
:10BA700000FCFFFF1B68002B57D09868824206D05D
:10BA8000DC68A24218BFA14201D0884205D1DAF891
:10BA900000009860DAF80400D86098790228E9D1AB
:10BAA000D86A824206D01C6BA14218BFA24201D0C4
:10BAB0008142DFD1DAF80000D862DAF804001863B6
:10BAC000D8E71D46CBE6D9F83C3014A909F12C0281
:10BAD00009F138051493D9F840301593D9F844305A
:10BAE0001693086852F8043F4340AA4241F8043BC9
:10BAF000F7D1149B5AE70AF104014846FEF7CEFF3E
:10BB0000064630B110F11C0F7FF474AE002D7FF4A7
:10BB100071AED9F868008AE609F1300309F13C09F1
:10BB200093E8070089E8070064E60B9A484610A9E5
:10BB3000FEF766FD00282EDA811C7FF45AAE10A9AC
:10BB40000B9A4846FEF7A2FD00287CD0831C7FF4A8
:10BB500050AE4FE6199B1D9A103393423FF690AEBC
:10BB60001A9B0FAA594D48460B996B401BBA0F936D
:10BB70000423FDF7B9FE064600287FF46CAE0C23C3
:10BB800014AA0B994846FDF7AFFE064600287FF43D
:10BB900062AE1A952AE7821CD1D0D9F83030013331
:10BBA000C3F3090223F00043003A18BF012243EA1D
:10BBB000C2731A0DC9F8303012F4E06222D0D9F8FD
:10BBC000345018998D4208D0D9F83820199CA242D7
:10BBD00018BFA54201D0914276D13D4AC0F38921D8
:10BBE00040F2FF341A40C3F38923C9F830208B4256
:10BBF0004FF00002C9E90D2222D2A0F58060354A3B
:10BC000042EA83220023169014924846159314AA00
:10BC100002230B99CDF85CA000F060F800287FF4B7
:10BC2000E8ADD9F83030013BC3F3090223F00043FB
:10BC3000003A18BF012243EAC273C9F830307EE7E8
:10BC4000A342DFD0DBE702303FF4D4ADD9F8303087
:10BC50001A0D12F4E06F35D0D9F8344018998C429F
:10BC600008D0D9F838201998844218BF824201D0F0
:10BC7000914227D1164A1A40C3F38923C9F83020CC
:10BC80000022C9E90D2240F2FF3293421AD0114C32
:10BC900044EA83249DF8775002231494002405F588
:10BCA000C06514AA159448460B4C0B9944EA0554F8
:10BCB000CDF85CA0169400F011F8064600283FF479
:10BCC00099AD96E50024E5E700229BE70CFCFF7F99
:10BCD000FF0300800000F04F08FC0F002DE9F04F3B
:10BCE000856AA3B080460C46924699460F681DB9F6
:10BCF00038E02D68002D35D005F108039C42F8D0BE
:10BD0000AB68BB4207D0E9686268934218BF8A42B9
:10BD100001D0B942EDD1AB79012BEAD12B6BDB021B
:10BD2000E7D5D8F86810EA6A8B6A9A42E1D90B6ABB
:10BD300040466A6B2946EA63C8F86030FFF7E8F8C6
:10BD4000002840F01F812B6B2946404623F48013C6
:10BD50002B63FFF797F9002840F014812D682768BE
:10BD6000002DC9D16368264612AD0B930FCE0FC5C7
:10BD700096E80F0085E80F00B9F1000F30D0524669
:10BD80000AEBC900002640F2014140F2FF45BB46E4
:10BD900011E0AC4500F0BA80B3F5C06F08D153682C
:10BDA0000EF0010E1F68A7615B6884F817E0E3617D
:10BDB000083290420ED01368C3F30A5C4FEA135E58
:10BDC0008C450EF4E063E4D1A38A0832013390423B
:10BDD000A382F0D15F461EB1A38A002B00F031810F
:10BDE000A37D002B40F09780A38AFE2B00F2938066
:10BDF00002934FF0FF3300945246C8F810300023EE
:10BE00002146404601934B46FFF78CFC84460028B0
:10BE100040F0AD80D8F82860002E74D0A446354696
:10BE200040F2FF4BDDF82CE007EE908A4C4605F11E
:10BE30000809CC4535D0AB68BB4206D0EA687345EB
:10BE400018BF724501D0BA422BD1E046B8E80F00C6
:10BE5000A9E80F0098E80F0089E80F000CB3002351
:10BE600007E040F20140814200F0D68001339C425D
:10BE700017D05AF83320C2F30A515945F1D1C2F311
:10BE80008922A988914200F0D780EFD9AA79013997
:10BE9000022AA980EAD1AA6A0133013A9C42AA6225
:10BEA000E7D12D68002DC2D117EE908A4FF0FF3BED
:10BEB000B368BB4207D0F2680B998A4218BF8B4225
:10BEC00001D0BA421CD106F1200A06F108090BE0A4
:10BED000F47FACB1A6F804E0CDE90255CDE900B598
:10BEE000FEF7BAF800284DD1B6F804C04FF0FF3382
:10BEF000B48B524649464046A445ACEB040EE7D20B
:10BF00003668002ED4D14FF0000C3CE0A38A012605
:10BF1000013BA3824CE723684FF0FF31D8F868005B
:10BF2000E2681A931D912369816C1B921E921C93E7
:10BF300069B308391AAD4046CDF834801F9100210D
:10BF40000E950291CDE90511CDE903110DA90891D6
:10BF50005F49CDE900A907912146FDF7E5FD84463B
:10BF6000B8B11CF11C0F55D01CF1540F52D012ADBA
:10BF70000FCD0FC495E80F0084E80F00604623B092
:10BF8000BDE8F08F8446604623B0BDE8F08FC169FC
:10BF9000CFE7D8F8303046460FA90F93D8F83430A1
:10BFA0008C46109356F8383F119308F14403DCF89F
:10BFB000000056F8042F4240B3424CF8042BF6D14F
:10BFC00008F15006086853F8042F42409E4241F899
:10BFD000042BF7D10F9A3F4B1340DDE910120F935A
:10BFE0000A431A4339D129464046FDF72FFF8446BC
:10BFF0000028B6D11B9B08F13002E3601C9B07CAE6
:10C00000236108F13C0383E80700C8E912CCC8F8B3
:10C0100050C0FFE6A38AEBE6C2F38922A9889142C9
:10C02000FFF424AFAA790131022AA9807FF41EAF60
:10C03000AA6A0132AA6219E74FF0FF32C5E902226B
:10C0400014E71AAD214640462A46FEF71FFB8446F8
:10C0500058B310F1020F8AD1C2E60FAA214640461A
:10C06000FEF724FC8446002881D11B9B1F9A1033C5
:10C070009342CFD81C9B0CAA174E294640467340CA
:10C080001BBA0C930423FDF72FFC844600287FF491
:10C0900068AF0FAA0C2329464046FDF725FC8446CD
:10C0A00000287FF45EAF1C969DE710F1020F3FF46D
:10C0B00097AE9DF87F30002B3FF492AE2946224682
:10C0C000404600F00BF8844600283FF489AE4EE766
:10C0D0002969010000FCFFFF0CFCFF7F70B51446CE
:10C0E00082B00E4600F1480221460546FEF7DEFB0F
:10C0F00070B9E37D3146074A183403F5C066284617
:10C100000123019442EA065200926A46FFF7E6FDD7
:10C1100002B070BD08FC0F000B6B1B0301D50020A3
:10C12000704770B50C4686B00546FEF7ABFF236B33
:10C13000002831D1DA032CD5A268013229D0E26877
:10C14000013226D0DB022CD404F128026B4692E89F
:10C150000300164A83E803000821266D1143284690
:10C160000393A588D6E9013241EA852142EA852276
:10C1700005930291022342F0815204F108010492D6
:10C1800002AAFFF7ABFD236B30B923F4803323639E
:10C1900000E0002006B070BD43F40023236306B026
:10C1A00070BDE36CE16A024AD7E700BF00002020BF
:10C1B00000001020C36B1B0D13F4E06FF0B50446B4
:10C1C000A1B056D1206BC0F3090000283DD0002556
:10C1D0000123514E514F0D9508958DF837300F932F
:10C1E0000E95CDE90955CDE90B554FF0FF330EAA59
:10C1F00010A92046CDE90255CDE90035FDF72CFF09
:10C2000018BB9DF8373013B30DF1400E0DF1200C23
:10C21000BEE80F00ACE80F009EE80F008CE80F00AE
:10C220000E9B013302D00F9B0133DED1226B002025
:10C23000534242FA83F3C3F3090223F00043121A74
:10C2400018BF012243EAC273236321B0F0BD0EA9D7
:10C25000204618AAFEF7D4F900282FDA821CF4D160
:10C2600010AA08A92046FFF739FF0028D8D021B02E
:10C27000F0BD00224FF0FF3318A9CDE90222CDE92D
:10C28000003200F14002FDF7E7FE0028DDD1256B0A
:10C2900018A91190E36BC4E90D002148C3F389226A
:10C2A0000123284020631F4840EA822010AA1090F2
:10C2B0002046FFF713FD002884D0C6E7831CCFD0AB
:10C2C000C0F3090304AA18A900950293034601923A
:10C2D00020463246FEF71AFA0028B6DB049BDDE959
:10C2E0000E2193420DD08B4211D004AB06AA08A9AF
:10C2F0002046CDE906730123FFF7F0FC0028A4D106
:10C300008EE7059888423FF47FAF8B42EDD1059BC5
:10C310009A42EAD178E700BF00FCFF7F08FC0F607B
:10C32000FF0300800000F04F2DE9F04F9F078FB012
:10C330001E4605460C46079204D5FFF73BFF824692
:10C34000002877D10027189B04F1080807AA236565
:10C350002846231D4146E763E764C4E90C67FEF7FE
:10C3600059FCB0F1000A69DB0123A371AB6A2360B9
:10C37000B305AC6200F1B9804FEA1A52012A40F0CD
:10C38000A68016F4806600F0CC80A2888D4B43EA2C
:10C3900082230593236B43F480332363206D8368EA
:10C3A000002B00F0A6800026DFF828B23746B14601
:10C3B00012E013F0020F43F4803C08D04268696F2A
:10C3C000324492688A4200F2A980C4F830C083687F
:10C3D0000C36BB4240F28D80236B0137DA07E8D57B
:10C3E00040685A46A388414600EB060C10F806E068
:10C3F000DCF808000EF5407E40EA8323C0F3090014
:10C40000029043EA0E53DCF80400CDE90090284680
:10C41000FEF77CF9B0F1000A236B02DA1AF1020F81
:10C4200010D1206DC5E728351B682B60236D1B6874
:10C43000002B50D050460FB0BDE8F08F1AF1020F1C
:10C4400018D0236B43F40023214628462363FFF7CB
:10C4500063FEAB6A002BE9D0A34202D1E3E79C4222
:10C46000E2D01D461B68002BF9D1236D1B68002B01
:10C47000E0D130E0B4F8049040F2FF339945E0D0C9
:10C480000123F105A371AB6A2360AC62D9D5079E85
:10C49000304617F08FFDEB6E834223D340EA8923A9
:10C4A0000B96484E08AA43F4801341462846099744
:10C4B0000A93454B0D9743EA8923089346EA89235B
:10C4C0000C930323FFF70AFC60B9059666E7236B1C
:10C4D0006FF0140AB6E7E06C15F086F850460FB01E
:10C4E000BDE8F08F6FF0230AABE7236B6FF0100A03
:10C4F000A8E70068002856D0AB6EE0649A6AFF2176
:10C5000015F0F6FB4FF0FF33059A236440F2012348
:10C51000B3EB125F1BD04FF0000A8BE76FF01B0AE2
:10C5200090E708210096294B2846A288029104F141
:10C53000280143EA8223264A01914146FEF7E6F8A4
:10C54000031E0593BFF62AAF236B82467AE76FF08E
:10C550000102059B0021A262C3F309032264226B3E
:10C56000E36242F4801261642263AA6E926AA2645A
:10C57000002BD0D040F2FE330091284641469A422B
:10C5800028BF1A46A38842EA8323C2F30902029213
:10C5900043F00053E26C01920D4AFEF7B7F8B0F198
:10C5A000000AB8DA4DE7AB6E9A6A1046069215F0AB
:10C5B00013F8069AE0640028A1D1236B6FF00B0AF0
:10C5C00040E700BF000010200000104008000020DD
:10C5D00000FC0F7000FCFF7F2DE9F0430D46816EDB
:10C5E0008DB00446096A17461E46BDF854800166A0
:10C5F00004A9BDF85890FEF7C1FA10B10DB0BDE81E
:10C60000F08314983346CDF808903A46CDF804806C
:10C6100004A90090E87D8DF82700A8690A90E869D0
:10C620000B902046FFF77EF80028E7D10123049EF7
:10C630000599AE61E961EB75226A2B68934207D0D8
:10C640006F68656AAF4218BFAB4201D0BA42D5D11C
:10C65000B8F1000FD2D1C4E908610DB0BDE8F08394
:10C6600030B59BB00546FCF7C5FF044610B1204627
:10C670001BB030BDAB6E0146686EDA6A15F038FB50
:10C68000AA6E6C6512A9D36A2846126ADB00EC65B3
:10C690002A66934228BF1346AB65FEF76FFA04463D
:10C6A00000BBAB6E4FF400320D9006921E48D3E9EA
:10C6B00007121E4B0791E96E08920991296F1C4AD7
:10C6C0000A91696F0F9306AB0B911A490E90284699
:10C6D0000C9112A9CDE9102303230CAAFFF7FEFA4F
:10C6E000044628B12846FCF7C3FE20461BB030BDE7
:10C6F000034602468DF85E0012A92846FFF7EEFABF
:10C7000004460028EED14FF0FF330120019412A916
:10C71000059004AA284600930494CDE90244FDF74D
:10C720009BFC0446DEE700BF0800F00FE458002041
:10C7300018001020000010402DE9F04796B0054683
:10C74000FCF758FF0446002840F084800123064689
:10C75000DFF83091DFF83081DFF830A10E901593CB
:10C76000CDE90F00CDE91100CDE91300AB6E1B6AD6
:10C77000B6EB530F7BD205A8404900270824404B55
:10C7800014AA07940136CDE90280CDE900172846A6
:10C790000EA9CDE90559FDF75FFC041E60DB2DD025
:10C7A00044F30904013429D0182000975346DDE9E9
:10C7B0000E12C5E9081208A9314ACDE901100EA9E7
:10C7C0002846FDF7A3FF041E4ADB089B1A0C022A29
:10C7D00044D19BB2002B41D10B9B1BB1EA6E93421B
:10C7E0003CD8EB660C9B1BB12A6F934236D82B6763
:10C7F0000D9B1BB16A6F934230D86B6705F1300710
:10C800000EA928463A46FEF751F8044640BB149B51
:10C81000013302D0159B0133A8D12B6A01331DD0FF
:10C820006B6A01331AD02B6B4FF0000E05F13C0CF4
:10C8300003EBD3732B63AB6E1E6AEB6AB3FBF6F2AA
:10C8400006FB123397E807008CE80700C5E9153EA0
:10C85000C5E917E6204616B0BDE8F0876FF015046D
:10C860002846FCF705FE204616B0BDE8F0872846AE
:10C870006FF05304FCF7FCFDF5E700BF0800F00F74
:10C8800000FCFF7FE45800207565010018001020AF
:10C89000836E1A6B10B504462AB15A6B52B19B6B6A
:10C8A0007BB1002010BDC06814F09EFEA36E5A6BD1
:10C8B000002AF4D1E06914F097FEA36E9B6B002B65
:10C8C000EFD1606E14F090FE002010BDF0B59BB06B
:10C8D00004460591FFF76EFC08B11BB0F0BD03469E
:10C8E00005AA08A92046FEF795F90028F5DB40F2D5
:10C8F000FF32C0F3892393426FD0020DA16A022A4E
:10C9000010910FD03848002208A940EA83200792EE
:10C91000012306AA06902046FFF7E0F9109BA362C8
:10C920001BB0F0BD3149082206AE002502929F02DD
:10C930002F4A41EA8323204608A901960095FDF776
:10C94000E5FE0028C9DB4FF0FF333246204612A92E
:10C9500001950093CDE90255FDF77EFB0028BCD17F
:10C96000179B33F47F033BD110AB1F498DF8460072
:10C970003246A3623943236B06910133ADF844007C
:10C9800007902046C3F3090123F00043491B18BF59
:10C99000012143EAC17308A923630123FFF79EF92C
:10C9A0000028BBD1236B12A9109A013BA26208AAEE
:10C9B000C3F3090023F00043003818BF012043EA05
:10C9C000C07320462363FDF761FE002885D112AABB
:10C9D00008A92046FFF782FB7FE76FF015007CE790
:10C9E0006FF0260079E700BF0000F04F080000203C
:10C9F00000FC0F702DE9F04FB3B00546CDE90A12E7
:10CA0000FFF7D8FB044618B1204633B0BDE8F08FDD
:10CA100003460AAA28460EA9FEF7FCF8071EC0F234
:10CA2000158140F2FF39C7F38928C84500F0088115
:10CA30000DF126030BAA284616A9FEF7EBF8061EF1
:10CA4000C0F2C180C6F389234B4500F0F9800E9AED
:10CA5000169B9A4200F0E280DDF83CC017988445AE
:10CA600018BF824200F0DA80634500F0D780AB6ADD
:10CA70001E933B0DB3EB165F40F05E81022BBDF8B9
:10CA800026B040F01E814FF0010AB04B08220DF194
:10CA9000A00916A943EA8B234FF0000B0292284607
:10CAA000AB4ACDF80490CDF800B0FDF72FFE00287A
:10CAB000C0F287804FF0FF334A4620A92846CDF8C0
:10CAC00004B00093CDE902BBFDF7C6FA1EAA002808
:10CAD00077D1259B33F47F0340F02A818DF87E3097
:10CAE000ADF87C302B6BAA620133BDF826B0C3F3DE
:10CAF000090223F00043003A18BF012243EAC2733F
:10CB00002B63BAF1000F40F01A81C2460B9B002242
:10CB100090484FEA8B2140EA8B2028904FF0000B81
:10CB20008D4807920843069105932A901846CDF840
:10CB3000A4B0CDF8ACB017F03DFA059B06992D9343
:10CB40000EAB08434AEA01012F93844B079A3B40FE
:10CB500003432C93824B0B432E93002A40F0898091
:10CB60007C4B16A93192284643EA88234A463093E3
:10CB70000523FFF7B3F8002840F09D801E9BAB62B1
:10CB8000B31C3FF441AF360D022E7FF43DAF2B6B4B
:10CB900020A92846013BC3F3090223F00043003AD1
:10CBA00018BF012243EAC27316AA2B63FDF76EFD7C
:10CBB000044600287FF428AF20AA16A92846FFF7CC
:10CBC0008DFA044620E7B01C79D1BDF826B0CB45DC
:10CBD000DA4674D00E9A169B9A423CD0DDF83CC0DF
:10CBE0001798604518BF904202D09C4540F08A805B
:10CBF0000B9BAA6A184605931E9217F0DBF9EA6EA2
:10CC0000059B824232D3D346D04572D200224FEAEE
:10CC10008A210DF1A009C24610467EE7AB6A1E9339
:10CC20003B0DB3EB165F40F08780BDF826B0D845CA
:10CC30003FF4EAAE022B00F085800DF1A00964E715
:10CC40006FF01504204633B0BDE8F08F3C46204617
:10CC500033B0BDE8F08F0B9BAA6A184605931E926D
:10CC600017F0A8F9EA6E059B9042CDD96FF0230426
:10CC7000CAE64A46052316A92846CDE930BBFFF788
:10CC80002DF8C0B92B6B1A0D12F4E06F3FF476AF9C
:10CC9000344A0EA90D901A402E4B43EA8A232A6388
:10CCA0000CAA0C930123C5E90D002846FFF716F8DE
:10CCB00000283FF463AF1E9B0446AB62A4E63446F3
:10CCC000A2E60DF1A0092B6B264818400B9BB11C66
:10CCD000C246C5E90D2C40EA882C1E4A4CEA0202E5
:10CCE0002A634FF001027FF413AF4FEA8B2100203B
:10CCF00013E708F10102C2460DF1A0091FFA82F8FC
:10CD00000022F2E70B9BA86A05931E901846CDE916
:10CD1000062C17F04FF9EB6EDDF81CC08342DDE9FD
:10CD20000532A3D30F480DF1A009296B0840CEE7C7
:10CD30006FF02600044667E66FF0140464E6DDE950
:10CD40000E2CC1E74FF0000A9FE600BF080000204C
:10CD500000FC0F700000F04F000010400000F0FFDA
:10CD600000001010FF03008030B58BB01546002383
:10CD70000446019101AA02A9FDF74CFF002806DB39
:10CD8000C0F389222B4602A92046FEF70BF80BB010
:10CD900030BD00BF70B58EB014461E46002305910D
:10CDA00005AA06A90546FDF735FF002821DBC0F3DB
:10CDB000892140F2FF3399421DD04FEA812C002295
:10CDC00004F5407328460196009206A96C6F129DE7
:10CDD000144AA54228BF254645EA0353C5F3090571
:10CDE00043EA0C030295FDF791FC002814DBC0F325
:10CDF00009000EB070BD002305F1200206A92846E7
:10CE00000193CDE902334FF0FF330093FDF724F98E
:10CE10000028EED18446D2E7831C08BF6FF03C00A7
:10CE20000EB070BD00FCFF7FF0B591B01F46436FA0
:10CE3000169C9C4232D805911646002305AA08A9E3
:10CE40000546FDF7E7FE002815DBC0F3892140F217
:10CE5000FF33994211D04FEA812C06F54076012329
:10CE600008A9284644EA065406AA079744EA0C048F
:10CE70000694FEF733FF11B0F0BD002305F1200248
:10CE800008A928460193CDE902334FF0FF33009300
:10CE9000FDF7E2F80028EED18446DEE76FF01B00D4
:10CEA000E9E700BF10B5034C82B00094FFF73CFAED
:10CEB00002B010BD4056002070B504460D46FFF785
:10CEC0002BF90646A36A43B19D4202D10AE09D4276
:10CED0000AD01A461B68002BF9D12B6D1B684BB189
:10CEE000304670BD04F128021B6813602B6D1B686F
:10CEF000002BF5D1E86C14F077FB304670BD00BF15
:10CF0000FFF70AB9FEF772BBFEF73AB970B50E46E5
:10CF10004D6B63B91446036FA3421DD3A5420DD0D8
:10CF20003146FEF7AFF808B92046746370BD012B97
:10CF300006D0022B06D0036F9D420DD8284670BD47
:10CF40005419E8E70B6B13F4003FCB6A02D0AB42F5
:10CF500038BF2B46D418DEE76FF0150070BD00BF58
:10CF60002DE9F043171E87B00FDB80460D46D1E94F
:10CF70000C369B0330D4D1F82C904F454C4633D31C
:10CF8000D8F8703007D89E4261D96FF0150420465A
:10CF900007B0BDE8F0834B45F7D34E4507D029468F
:10CFA0004046FEF76FF800285DD1C5F83490B9F11E
:10CFB000000FECDB4FF0000902E06B6B9F4234D9AD
:10CFC00001230DF11702294640468DF81790FEF710
:10CFD000D7F8041EF1DADAE7CB6AB34238BF33463A
:10CFE00099461C464F45CBD229464046FEF74AF8A3
:10CFF00004460028CBD105F13C03009705F1400120
:10D000004046029305F138030193D5E90A23FCF762
:10D010008BFC04460028BAD1AA6B3B466F63AA6218
:10D020002A6BEF6242F4A0222A63D8F8702096425D
:10D03000ABD89E420BD029464046FEF723F860B994
:10D0400006EAE6746E63204607B0BDE8F08306EAA0
:10D05000E674204607B0BDE8F08300EAE07420469D
:10D0600007B0BDE8F08303DB6B6B9F42A2D8DCE71F
:10D0700004468CE7486B70470B6B9B0301D4C86A6E
:10D080007047486BCB6A984238BF1846704700BF5C
:10D090002DE9F041ACB004460791FFF78BF810B1D1
:10D0A0002CB0BDE8F081A16A0DF11A0307AA204651
:10D0B000229124A9FDF7AEFD831C63D1BDF81A208F
:10D0C00040F2FF339A42EBD0079E304616F072FFD3
:10D0D000E36E0546984200F2A480A36E20460AA99A
:10D0E0001B6A2366FDF74AFD0028D9D10DF1900E89
:10D0F00007460DF1480C4FF0FF38BEE80F00ACE8D2
:10D100000F009EE80F008CE80F0008E02046CDE9F4
:10D110000277CDE90087FCF79FFF0028C0D19DF87A
:10D120005F004FF0FF3318AA12A90028EED13E4F3E
:10D13000012309920AA908AA20460897FEF7CEFD06
:10D140000028ADD19DF8A7301BBB1B930AABBDF8DF
:10D150001A201F93354B45EA82251D9643EA822308
:10D1600045F400151A93324B1C9543EA82231AAA00
:10D170001E9320460AAC24A9042320972194FEF78D
:10D18000ADFD8DE70028A8BF6FF010002CB0BDE802
:10D19000F0810AAB22AA8DF88E0012A91B93236B93
:10D1A000A2620133ADF88C0020461A97C3F309023E
:10D1B00023F00043003A18BF012243EAC2731AAABF
:10D1C000236301230592FEF789FD059A30BB0AAB64
:10D1D0001B90BDF81A101F93236B45EA81251D96FD
:10D1E000013B45F40015C3F3090023F000431C95EF
:10D1F000003818BF012043EAC07323639DF8A730AD
:10D20000002B0A4B43EA812318BF00271A93084BCF
:10D2100043EA81231E93229BA362AAE7229BA36277
:10D220003EE76FF023003BE708FC0F600000104072
:10D230000800002070B58AB00C4608310023079220
:10D2400007AA05460591FDF7E5FC002825DB030D3F
:10D25000022B36D140F2FF32C0F38920059990426B
:10D260001DD108AED5E90823CDE9082300233246B5
:10D2700028460193CDE902334FF0FF330093FCF7CA
:10D28000EBFE50B9A3680222A080A271AA6AE362F1
:10D29000E368A06222602363AC620AB070BD0A4AF0
:10D2A00008AE059142EA80230820084A0290002037
:10D2B000019600902846FDF729FA00280599D5DA4D
:10D2C000EBE76FF01300E8E70800002000FC0F70A8
:10D2D000836A43B1994202D107E0994207D01A46C6
:10D2E0001B68002BF9D10020704700F128021B6851
:10D2F00000201360704700BF2DE9F04790460C46B0
:10D3000084B04FF4847200210546404614F0F0FCCE
:10D31000A06A00283FD001284FD0B4F804C004F11F
:10D32000080604F12009002709E0B4F804C002301F
:10D330000CF1010C1FFA8CFCA4F804C024D1B4F841
:10D340001CA04FF0FF3E4A463146E2457346284650
:10D350000DD194F81FC0BCF1000F2AD0CDE902779F
:10D36000CDE900E7FCF778FE58B98446A080434633
:10D37000314662462846FDF715FD0028D5D0831CAE
:10D38000D3D004B0BDE8F087A36A01200344A362B0
:10D3900004B0BDE8F087104B022201201B8888F8FA
:10D3A0000020A8F80830A36A0344A36204B0BDE8D3
:10D3B000F087604604B0BDE8F0874346074A022183
:10D3C00003F8081B11889278A8F808109A70A36ACD
:10D3D0000133A362D5E700BF48620020E058002077
:10D3E00010B5002284B04FF0FF330C46CDE9022285
:10D3F000CDE9003201F12C020831FCF72DFE08B90D
:10D40000A080A06204B010BD00B583B00023054920
:10D4100001AA0193FDF772FA00B9019803B05DF813
:10D4200004FB00BF716201000123FDF767BA00BF72
:10D43000E2B1013A01F1FF3C10B411440C4C1CF86C
:10D44000013F83EA0002614502F00F0254F82220F6
:10D4500082EA101080EA131303F00F0354F823300C
:10D4600083EA1010EBD15DF8044B7047704700BFA2
:10D47000385A002038B5002542F210730446038064
:10D48000857002F06BFF034625812046636038BD3E
:10D49000437A8B4210B504460FD1027A9A4200D1EA
:10D4A00010BD02F05BFF62682388801A8342F7D2C6
:10D4B000627A01232272A37010BD417202F04EFF06
:10D4C000606010BD83782BB1037A00220133827033
:10D4D000D8B2704718467047407A7047007A704754
:10D4E00083709DF800300170427008229DF804108E
:10D4F000C3709DF80830017182604371704700BFAE
:10D5000010B504460121007802F08EFF60780121F9
:10D5100002F08AFFA078012102F086FFE078002166
:10D5200002F082FF2079002102F07EFF6079002165
:10D53000BDE8104002F078BF70B505460C46407853
:10D54000002102F035FFAE68013E14D4A878002116
:10D5500002F02EFF14F001034FF00101287808BFFC
:10D560001946013E02F024FF0121A878CC4002F0C8
:10D570001FFF731CEAD168780121BDE8704002F0FA
:10D5800017BF00BF2DE9F84F0724DFF8EC800F46E6
:10D5900005464FF0010A01F1FC06DFF8D8B00AFA9F
:10D5A00004F12846C943C9B2FFF7C6FFDBF80410EF
:10D5B0002F4BD8F80020A3FB0232920C02EB820220
:10D5C000DBF804305B1A9A42FAD8E87802F01AFFC6
:10D5D000B0FA80F104EB440349095FFA83F9A9F139
:10D5E0000200C0B200EB400007EB8000FFF750FFE5
:10D5F000287902F007FF09F1FF33B0FA80F1D8B2C1
:10D60000490900EB400007EB8000FFF741FF687914
:10D6100002F0F8FE01463046243EB1FA81F1490994
:10D62000FFF736FF013CBAD1FE212846FFF784FF01
:10D63000DBF804000E4BD8F800200E49A3FB0232A1
:10D64000920C02EB82024B681B1A9A42FBD8E878D4
:10D6500002F0D8FE01463846B1FA81F14909FFF7D8
:10D6600017FF2846FF21BDE8F84FFFF765BF00BF51
:10D6700083DE1B43001000E0DC660020F8B50023C9
:10D6800005460D4C012600F8043B0DF0B5FC05F1F4
:10D690003C0CDFF82CE0094F0FCCACE80F000FCCAE
:10D6A000ACE80F0094E80F008CE80F0028466E6786
:10D6B000C5E91BE7F8BD00BF9C2800200101033F1E
:10D6C0002814281410B5041D01235A220B492046A2
:10D6D0000EF08EF9032120460EF082FA5A212046E0
:10D6E0000DF0D0FD00B110BD1621054805F0AAFED1
:10D6F0000448BDE8104002F0B5B800BFF066002055
:10D70000B4420020E0660020F0B5012483B0002779
:10D710000646051D284696F873300C225A210DF056
:10D720001BFF23460C225A2128460DF08BFF1E209A
:10D7300002F0C0FD0C225A2128460EF0CDF9B0F5BA
:10D74000347F024601D2062C31D9B0F57A7F32D32C
:10D750008FB37B009AB296F873104FF4347301FBC9
:10D7600003F393422DD3B3FBF2F68E4228BF0E464D
:10D77000F3B20C225A212846013C0DF0EDFE1E208A
:10D7800002F098FD0C225A2128460EF0A5F901223C
:10D790000D49A2400190009607EE102ABAEEEF7BE9
:10D7A0000A4853EC172B02F079F803B0F0BD0134AE
:10D7B0000746E4B2AEE70028CDD196F873301E4696
:10D7C000D7E701263346D4E788420020E0660020F0
:10D7D00038B5044612212148251D05F033FE2048A6
:10D7E00002F040F894F86F2094F86E1028460DF07F
:10D7F00029FE94F8713094F8702028465A210DF0D3
:10D8000039FE94F8722028465A210DF0A5FD94F8AF
:10D81000732028465A210DF05DFE94F874202846A6
:10D820005A210DF0D1FE94F8752028465A210DF0AA
:10D830003FFF94F8762028465A210DF073FF94F8A4
:10D84000772028465A210DF0ABFF284603210EF021
:10D85000C7F92046BDE83840FFF756BF74420020A4
:10D86000E06600200C225A2104300EF035B900BFCA
:10D8700030B58DB005460C4604306A4606AB5A21D9
:10D880000DF00EFC05F138020DF1180EEC4668356E
:10D890003EF8023B3CF8020B52F8041F1B1AAA4246
:10D8A0001BB223EAE37324F81130F1D10DB030BD7F
:10D8B00009B990F86C100AB990F86D20914205D81A
:10D8C00002290A4638BF0222013AD2B290F86E30DD
:10D8D0008B4206D0012380F86E1080F86F20037011
:10D8E000704790F86F309342F4D1F9E703464FF058
:10D8F000000C90F86F20043090F86A1083F800C094
:10D900000DF0A0BD2DE9F843071D884681465A2138
:10D9100038460EF0D5F80646014638460DF0B8FBFD
:10D92000B0B9054609F1380959F8043FEAB2314661
:10D93000384603EB4303013508EB83040DF0AAFBE3
:10D9400001462046FFF7A4FD0C2DEDD1BDE8F8837C
:10D950001821064805F076FD054801F083FF38469A
:10D960000021BDE8F8430EF03BB900BFCC420020D7
:10D97000E0660020BDF800C0521AACEB030C21D0C9
:10D98000411ABCF1000F0CFB01F011460CDB002A20
:10D99000B8BF511C00EB610191FBF2F001FB02F2F8
:10D9A0001844002A16DB7047002AB8BF511CA0EBB0
:10D9B000610191FBF2F001FB02F21844002AF2DB54
:10D9C00001307047BCF1000FB8BF0CF1010C03EB44
:10D9D0006C007047013870470022016410B44FF0AA
:10D9E000FF34C2638264C464C0E90624C0E9002233
:10D9F000C0E90222C0E90422C0E908224FF0141253
:10DA00005DF8044B42647047F0B587B081620365EE
:10DA100000210D9F02AD0C9B0446BE68029180ED73
:10DA20000B0A02630591C0ED0D0A8361C5E901117E
:10DA30000EB3394602222846B047D7E90261A768EB
:10DA40006B46E2680497E160A660059295E80300E2
:10DA500083E8030094E8030085E8030093E80300EB
:10DA600084E803001FB1032229462846B8470E9BCD
:10DA7000A36307B0F0BD3146E1E700BF81627047A4
:10DA800080ED0B0A704700BF0163704780ED0D0AFF
:10DA9000704700BF8161704710B48446019CC06C20
:10DAA000A0420BD0DCF810300846CCF84C40ACF863
:10DAB0004810ACF84A305DF8044B7047BCF9480098
:10DAC0008142F8D09A1A12B2002A2CDD0132BCF938
:10DAD0004A30DFED1A5A07EE902ADCF81020D31AEC
:10DAE000F8EEE77A002BB8BF5B4207EE103ABCF9BC
:10DAF0004430C3F50073B8EEC77A5B0006EE903A87
:10DB0000F8EEE66A86EEA76A66EE257AB4EEE77A64
:10DB1000F1EE10FACFD408465DF8044BACF848108B
:10DB2000ACF84A207047DCF8103008465DF8044B2A
:10DB3000ACF84810ACF84A30704700BF9A99193FCA
:10DB4000012380F821307047000000002DE9F043E8
:10DB5000044687B090F840000D4602F0DBF92269D8
:10DB6000C0F58063C34902EB82029BB203EB420320
:10DB700081FB0321DB1794F82020C3EB6100AA424C
:10DB800020616ED094F8216084F82050D4E90631E9
:10DB9000002D0CBF0A461A4616B1002A80F29C805E
:10DBA0000023606184F8223084F82130002D5FD199
:10DBB000236DA66A33F916C0E36B9C4500F0F48030
:10DBC000C4F83CC0AC4F142200236061394605E024
:10DBD0000133F32B00F0B18011F8062F9642F7D1F4
:10DBE00003EB430307EB43035A78002A00F0A580B8
:10DBF000B3F90480B3F90270B4F944101FFA88F540
:10DC0000BBB2C1F580620095FFF7B4FE834200F31A
:10DC100021818542A8BF054629B2009643463A466F
:10DC20002046FFF739FF86B23146944801F00EFED8
:10DC3000924801F017FEA26AA368CDE90226002BE4
:10DC400000F02B8102A92046E36803AA98472369C4
:10DC500000212046E361FFF779FF002007B0BDE80F
:10DC6000F08394F82230002BA0D0D4E9063142E0B2
:10DC70006369B4F946201B1A002BB8BF5B4293427C
:10DC8000EBDD7D4F1422266B00233946606105E0F1
:10DC90000133F32B00F0938011F8062F9642F7D151
:10DCA00003EB430307EB43035A78002A00F0878015
:10DCB000B3F90490B3F90280B4F944101FFA89F75C
:10DCC0001FFA88F3C1F580620097FFF753FE984270
:10DCD00080F2D6804146D7E09042CCBF01224FF07F
:10DCE000FF32606184F82320002284F82120EAB208
:10DCF000012584F82250002A08BF0B46B4F94610CB
:10DD0000C21A9842CCBF01234FF0FF33002AB8BF9C
:10DD100052428A4207DC00236061184684F82230B0
:10DD200007B0BDE8F08394F923209A4295D00023F0
:10DD3000606184F822301846F2E794ED0B5A07EE42
:10DD400090CAB7EE006BB7EEC55AB8EEE74B9FED41
:10DD5000473B85EE037B36EE476B26EE046BB5EE54
:10DD6000C06BF1EE10FA77D9BCEEC66B16EE103A26
:10DD70009BB21E46B7EE006B37EE067B27EE047BA8
:10DD8000BCEEC77B17EE102A95B20095B4F944108B
:10DD9000C1F58062FFF7EEFD86423FF745AF854251
:10DDA000A8BF05462E463FE76369B4F946201B1A13
:10DDB000002BB8BF5B4293423FF704AF4DE794EDB1
:10DDC0000D4AB7EE006B236DB7EEC44A33F9163037
:10DDD0009FED263B05EE103A84EE037BB8EEC55B63
:10DDE00036EE476B26EE056BB5EEC06BF1EE10FA22
:10DDF00035D9BCEEC66B16EE103A9BB29846B7EE1C
:10DE0000006BB4F94410C1F5806237EE067B27EE53
:10DE1000057BBCEEC77B17EE107ABFB20097FFF709
:10DE2000A9FD804503DC8742A8BF0746B846A36822
:10DE3000CDE904688BB3E36805AA04A92046984796
:10DE40002369A16B2846226DA36122F8113007B027
:10DE5000BDE8F0833946E0E6002633468AE74FF016
:10DE600000084346CBE700BFAFF30080000000008E
:10DE700000005940E9A28B2E78340020E066002093
:10DE80008742A8BF074639B242464B462046009615
:10DE9000FFF702FE1FFA80F8C9E705F063FC00BF38
:10DEA000000000002DE9F0434FF48063002485B0AA
:10DEB00006462146C0E90443FFF748FE3F48356B5C
:10DEC00021460246142304E00131F32909D012F857
:10DED000063F9D42F8D101EB410100EB4100437840
:10DEE000CBBB96ED0D4AB7EE006B336DB7EEC44A6F
:10DEF00033F915309FED2F3B05EE103A84EE037B8E
:10DF0000B8EEC55B36EE476B26EE056BB5EEC06B23
:10DF1000F1EE10FA43D9BCEEC66B16EE103A9BB286
:10DF20001F46B7EE006B37EE067B27EE057BBCEE97
:10DF3000C77B17EE102A94B20094B6F94410B0696A
:10DF4000C1F58062FFF716FD87421CDC8442A8BF42
:10DF50000446274617E0B0F80490B0F90240CDF827
:10DF60000090B6F94410A3B2D6F81880C1F58062CB
:10DF70001F464046FFF7FEFC984213DAF564A6F808
:10DF80004840A6F84A80B368CDE9025783B1F368E8
:10DF900003AA02A93046984705B0BDE8F0830027E0
:10DFA0003B46BEE781454F46A8BF07463CB2E5E782
:10DFB00005F0D8FB00000000000059407834002034
:10DFC000017E2DE9F04F83462DED108BC1B089B352
:10DFD000634D2C78002C00F05B860021584601F040
:10DFE000F3F805460121584601F0EEF80446002DED
:10DFF00000F0B286002800F0E38600222946584649
:10E0000001F0BEF801222146584601F0B9F8554BFF
:10E010009D42399302D0284601F08AF8399B9C42F0
:10E0200000F01786204641B0BDEC108BBDE8F04FE4
:10E0300001F07EB84A4B197001F0C6F80346012181
:10E0400058463A9301F0C0F83B9001F01BF80446A3
:10E050003D9001F017F83C90002C00F00486002859
:10E0600000F0FC853A9B002B00F0C1863D4B3993B4
:10E070003B9B002B00F0B7863A9B80223A49181D43
:10E08000DFED3AEA05F0FCFA3B9B80223849181D87
:10E0900005F0F6FADBF8B820DBF8B430DBF8C01096
:10E0A00019921A44DBF8BC301A91CB182E49DBEDDB
:10E0B0002BBA0691BBF85C103F923191BBF85E1011
:10E0C0003E933291BBF860103391BBF862103491EB
:10E0D000BBF864103591BBF866103691BBF8681038
:10E0E0003791BBF86A103891BBF82C100591BBF83A
:10E0F0002E100991BBF830100A91BBF832100B9129
:10E10000BBF838100C91BBF83A100D91BBF83C10DD
:10E110000E91BBF83E100F91BBF844101091BBF864
:10E1200054100391BBF846101191BBF8561004919E
:10E13000BBF848101291BBF858100291BBF84A1076
:10E140001391BBF85A1001913C99023116913D99F7
:10E150000231159106491491CDE90732AEE200BFB4
:10E16000D5CE012070410020B0F7242000E0FF440C
:10E17000B0F92420319901EB0208359901EB02092D
:10E180009BED1D6ADBED256A37EEC67A9BED218A91
:10E190009BED261A9BED1B3AA6EE876ADBED1C3A37
:10E1A0009BED2C4A9BED0DCA039ADB49ABF854203A
:10E1B00037EEC67A119A76EE487ADBED136A01EBF8
:10E1C00082018BED1D6A2A92A1EE278AF0EE467A33
:10E1D000E3EE077A8BED218A91ED00AAE8EE237A2F
:10E1E0006BEEA77AA7EE84CAA6EE8CAAA6EECACAE0
:10E1F00081ED00CA511C8DED2BCA8AB240F6583110
:10E200008A4288BF0022C549ABF846201192049A81
:10E2100001EB8201501C2C92D1ED007A82B281ED8B
:10E2200000AA41F2EC1104928A4200F20F84329962
:10E2300001EB020C36998818DBED1E6ADBED250A2E
:10E2400037EEE67A9BED220A9BED261A9BED1B3AF0
:10E25000E0EE876ADBED1C3A9BED2C4ADBED10CA41
:10E26000049AAF49ABF8562037EEE67A129A76EE6A
:10E27000C07ACBED1E6A01EB82012D92A1EE270A36
:10E28000F0EE667AE3EE077A9BED137A8BED220AC5
:10E29000D1ED009AE0EE237A6BEEA77AE7EE84CA1E
:10E2A000E7EE2C9AE7EE69CAC1ED00CA511CCDED2C
:10E2B0002ECA8AB240F666418A4288BF0022994936
:10E2C000ABF848201292029A01EB8201551C92464B
:10E2D000D1ED007AAAB2C1ED009A41F20C1102927E
:10E2E0008A4200F2AD8333998F1837998A181892B1
:10E2F0009BED1F7ADBED253A37EEC74ADBED230AAB
:10E300009BED1B9A9BED261AA3EE847ADBED1C3A5B
:10E31000029A8549ABF85820139A37EEC74A01EBA9
:10E32000820537EE603A8BED1F7AF0EE477A2F9236
:10E330007E49E1EE030A9BED0D3AE9EE047A9BED8E
:10E340002C4ACBED230AE0EEA37A95ED009A6BEE12
:10E35000A77AA7EE843ADBED137AA7EE839AA7EEAD
:10E36000C93A85ED003A551CAAB240F65D15AA429D
:10E3700088BF0022ABF84A201392019A01EB820574
:10E3800002F1010E309295ED00DA1FFA8EF285ED62
:10E39000009A40F671650192AA4200F24B833499CB
:10E3A0008D18389901EB020E179A05EBE62500EB64
:10E3B000E320C3F30A030CEBE22CC2F30A0207EBDF
:10E3C000E427DBED20DA07EE902A189A0EEBE42E14
:10E3D000C4F30A04F8EEE77A02EBE622C6F30A0673
:10E3E000B0EE6D2A1892C7EEAE3A07EE906A199A0F
:10E3F00001999FED4FFAABF85A10B8EEE74A07EED5
:10E40000903A089BB8EEE71A07EE904AC4EE2ECA7F
:10E410009BED254A13441A9A41F2ED14454908939D
:10E42000079BF8EEE77AC1EE2EFA9BED1B1A134418
:10E430000793414B87EEAECAA3FB0C36A1FB072323
:10E440003649360B9B0A7DEE6D7ADBED26DA04FB4E
:10E4500016C641F20D1CA4EE272A9BED244A721C1D
:10E4600001EB86060CFB13732E4F92B2A24208BF3B
:10E4700000223DEE42DA8BED202AF0EE427A01EBEB
:10E4800082022E49E1EE0D7A32EE441AADEE814A57
:10E49000F0EE441A8BED244A9BED1C4AE1EE847A9F
:10E4A0009BED2C4A6BEEA77A67EE847AB7EE004AB2
:10E4B000CBED147AD6ED00DA214E92ED001AA6FBD0
:10E4C00008625E1C07EB830323EE811AB6B274EE7A
:10E4D000633A93ED00EAD20A664508BF0026194B5D
:10E4E000A3EEAD1ADFED18DA07EB860696ED00DA3B
:10E4F000A3FB056340F67266DB0A2CEE0DDA06FB21
:10E50000135340F65F5505FB128201EB8202074967
:10E51000D2ED003A5A1C19E0F04D2620AC792520A6
:10E52000541C262078352520DCF62520B0FB24203D
:10E530003333333F694F0E3C0D6A7FE460C12520C1
:10E54000F38D2A992DAEC68DCDCC4C3F01EB8303C4
:10E5500063EEAD3A92B2D3ED00DAB24208BF0022C8
:10E56000E1EE0F3A34EE4CFA01EB8202DA4992ED19
:10E57000001AAFEE0EDA9FEDD9EA2CEE811AD84AD6
:10E58000A2FB00231B0BEDEE0E3A34EE6CDA04FB1B
:10E590001303B6EE00EAD3485A1C34EE6F4AADEED0
:10E5A0002D1ADBED27DA00EB830392B2A24208BFFB
:10E5B0000022E1EE0E3A9BED281A00EB820273EE88
:10E5C000C13AADEEA31A8BED281AD3ED003ACDED8A
:10E5D000173A1898D2ED003AA1FB0023C24A6FEE19
:10E5E000A33ADDED17FAA2FB09129B0ABF49D20A32
:10E5F0000CFB1303E4EE2F3ADFEDBDFA05FB12929C
:10E60000BC48159C01EB820292ED004A5A1C07EBB4
:10E61000830392B224EE2F4ADFEDB7FA624508BFBA
:10E620000022A3EEAF4AD3ED00FA07EB8202D2ED4F
:10E63000003AB24A6CEEA33ADFEDA8CAA2FB0E3252
:10E64000EDEE2F3AD20A06FB12E2531C00EB8202D7
:10E65000A3EEAC4ADFEDAACA9BB2D2ED00FA21EEDE
:10E660002CDADBED293AB34208BF0023169ABDEE3F
:10E67000CDDA00EB830306981DEE101A93ED00DA55
:10E680002CEE0DDA09B224F8021FAFEE2FDA159442
:10E69000ADEE0E4A34EE634AEDEE843A23EEAC4A18
:10E6A000CBED293ABDEEC44A14EE103A1BB222F863
:10E6B000023F1692934A824200F0DA81069B6FF085
:10E6C0007F4A91496FF07F4EF3EC012A8F4D0693FC
:10E6D000089B9BED097A1A0E23F07F4C62EE872A85
:10E6E000DBED0A7A531C31F9126002F14004AAEB07
:10E6F0000C0A31F91320F017059BA6FB0A96E4B229
:10E70000079F05EB83030AFB00664FEAE27AA2FB50
:10E710000C20D3ED004A0D460CFB0A0C12EB09024B
:10E72000E7EEA24A4FEA176846EB0C06120E35F9DF
:10E730001450AEEB040E42EA062227F07F474FEA60
:10E74000E57A08F1010612B2A5FB0E95E7EEE42A80
:10E750006FF07F4017926C4A0EFB0A5532F918C0D1
:10E7600032F91660C3ED002A631CDBED0A7A31F939
:10E77000133008F140016FF07F484FEAE37EA3FBBE
:10E78000043AA8EB0708C9B213EB090304FB0EAA6D
:10E790004FEAEC79ACFB08ECA0EB010045EB0A0A70
:10E7A00008FB09CC4FEAE678A6FB076932F911505D
:10E7B0004C1C1B0E16EB0E0607FB089932F9144091
:10E7C00043EA0A234CEB09094FEAE57CA5FB0075F7
:10E7D000059A360E00FB0C55E017A4FB014C46EAE7
:10E7E00009261B921BB201FB00CC511CE41936B266
:10E7F0008AB245EB0C0C454DE02A4FEA146428BF61
:10E80000002244EA0C24ABF82C2024B20592099A89
:10E8100005EB82011C9291EDE05AA7EEA45AE7EEB7
:10E82000C54AC1EDE04A511CDBED0A7A8AB205F512
:10E830002161B2F5D27F28BF00220992ABF82E20C9
:10E840000A9A01EB8201D1ED005A1D92E7EE855A3A
:10E85000A7EEE55A81ED005A511CDBED0A7A8AB227
:10E860002B49B2F5567F28BF0022ABF830200A9220
:10E870000B9A01EB82011E9291ED00BAA7EEA5BAA8
:10E88000E7EECB5AC1ED005A511C8BED0DBA8AB29E
:10E8900020499BED097AB2F5886FDBED0A6A88BFE3
:10E8A0000022ABF832200B92149AF2EC017A149207
:10E8B00067EE877A0C9A01EB82011F9291ED007A44
:10E8C000A6EEA77AE6EEC77AC1ED007A511CDBED21
:10E8D0000A6A8AB220E000BF694F0E3C9A99193F3C
:10E8E0000D6A7FE4AC792520F38D2A9960C125203B
:10E8F000CDCC4C3FB0FB24203333333F2DAEC68DFF
:10E9000000FEFF46B0F92420FC2A0020C0C62420C7
:10E9100074B3262030DE24205049CDED207A9C2A85
:10E9200028BF0022ABF838200C920D9A01EB82012F
:10E930002192D1ED007AE6EE877AA6EEE77A81EDB4
:10E94000007A511C8DED227A8AB29BED0A7A4449F5
:10E95000B2F5027F28BF00220D92ABF83A200E9A42
:10E9600001EB8201239291ED042AA7EE272AE7EE1C
:10E97000427AC1ED047A511CCDED247A8AB239492C
:10E98000DBED0A7AB2F56F7F28BF0022ABF83C209E
:10E990000E920F9A01EB82012592D1ED008AE7EEEB
:10E9A000828AA7EEE82A81ED002A511CDBED141AB9
:10E9B0008AB22D4978EEA11ADBED137AB2F5A16F78
:10E9C000CBED108A8DED262A88BF0022ABF83E20C1
:10E9D0000F92109A01EB82012792D1ED00AAE7EE87
:10E9E000A1AAE7EEEA1AC1ED001A511CCDED281AD2
:10E9F0008AB240F6FE018A4288BF00221B49ABF86A
:10EA000044201092039A01EB8201501C2992D1ED0F
:10EA1000007A82B2C1ED00AA40F65E5103928A42AA
:10EA20007FF6A8AB0022DDF8D490DDF8C480039215
:10EA3000FFF7A6BB0022DDF8E0E0349D0192B3E4CD
:10EA4000379A339F18920022029251E4002236989E
:10EA5000DDF8C8C00492FFF7EFBB00BFA0E02420A0
:10EA6000B0E82420509F2620547B262060C125201A
:10EA7000C14A1D981E9C02EB8000C04A1F9D02EBFC
:10EA80008404BF4A219E02EB850502F51C72239F78
:10EA900002EB8606BB4A069302EB8707259BBA4A20
:10EAA00002EB830C279AB94B03EB820E299AB84BE1
:10EAB00003EB82082A9AB74B03EB82092C9AB64BD8
:10EAC00003EB8203B54A07932D9B02EB8303B44A01
:10EAD000089302EB8A0A2F9BB24A02EB8302B24BE5
:10EAE0001492309A03EB8203199A1593C2EBC21267
:10EAF0003F9B1A443E9BCBF8B4201A9AC2EBC21239
:10EB00001A441B9BCBF8BC20A84A02EB83021C9B37
:10EB1000C2ED002AA54A02EB8302059BABF82C301C
:10EB2000C2EDE04A099AABF82E2080ED005A0A980F
:10EB3000ABF830000B98C4ED005AABF83200DDEDB5
:10EB4000205A0C988BED0DBAC5ED005AABF8380081
:10EB5000DDED225A0D98C6ED005AABF83A00DDED16
:10EB6000245A0E98C7ED045AABF83C00DDED265A46
:10EB70000F98CCED005ADDED285AABF83E00109806
:10EB8000CBED108ACEED005AABF844000398C8EDE7
:10EB900000AAABF854008BED1D6A8BED218A9DED28
:10EBA0002B6A119889ED006A079BABF84600049820
:10EBB00083ED00AAABF85600CBED1E6A089BDDED95
:10EBC0002E6A12988BED220A149AC3ED006AABF8F4
:10EBD00048000298CAED009A159B8BED1F7ACBED89
:10EBE000230AABF85800584682ED003A139AABF866
:10EBF0004A20002283ED009A019B8BED202ACBED69
:10EC0000241ACBED147A8BED281AABF85A303D9DBF
:10EC1000069B3C9CA5F802112946CBED293AA4F8A5
:10EC2000023100F0ADFA01222146584600F0A8FA60
:10EC3000284600F07DFA204600F07AFADDE9392313
:10EC4000934202D0184600F073FA3B9B399A9342E4
:10EC500016D141B0BDEC108BBDE8F08F3D9B13B1D8
:10EC6000184600F065FA3C9B13B1184600F060FAB4
:10EC70003A9B13B1184600F05BFA3B9B002BE8D09F
:10EC8000184641B0BDEC108BBDE8F04F00F050BA13
:10EC90004FF460722146454813F02AF84FF4D262CF
:10ECA0002146434813F024F84FF456622146324877
:10ECB00013F01EF841F204122146304813F018F800
:10ECC0004FF41C7221462E4813F012F84FF40262E2
:10ECD0002146384813F00CF84FF46F62214636484D
:10ECE00013F006F841F224422146274813F000F8B9
:10ECF00042F2FC322146254812F0FAFF42F66452F5
:10ED00002146244812F0F4FF43F29C122146234886
:10ED100012F0EEFF42F278522146224812F0E8FF4C
:10ED200043F27C5221461A4812F0E2FF44F2B472D8
:10ED30002146194812F0DCFF44F2344221461848BB
:10ED400012F0D6FF43F6C8122146174812F0D0FF42
:10ED500001232B70FFF741B900284DD02A465846B1
:10ED6000164900F00DFA154B0122214658463993F9
:10ED700000F006FAFFF752B9D0D0242074B3262051
:10ED800030DE2420B0E82420509F2620547B26200B
:10ED900060C12520F04D2620AC792520541C26206A
:10EDA00078352520DCF62520B0FB2420C0C62420A1
:10EDB00040CA2420A0E02420C0E824207041002084
:10EDC00002462946584600F0DBF9134B012258460B
:10EDD0001C461946399300F0D3F9A5423FF439AFE8
:10EDE000399CFFF718B90C4B3B93FFF745B90A4B19
:10EDF000CDE93933FFF73CB922465846064900F0C1
:10EE0000BFF901220449584641B0BDEC108BBDE862
:10EE1000F04F00F0B5B900BF7041002070B5034657
:10EE2000044600226049614D4FF4007043F81C5BBA
:10EE30002081C4E903230B68C4E90722002B00F0FA
:10EE4000B1801A465B69002BFBD154610025584BF9
:10EE50004FF4607257482360294665616560A5726A
:10EE6000257612F045FF29464FF4D262524812F03F
:10EE70003FFF29464FF45662504812F039FF2946A9
:10EE800041F204124E4812F033FF4E4E4FF07C53C5
:10EE900029464FF41C72A66263624B48C4E90B55C5
:10EEA00012F026FF29464FF40262484812F020FF74
:10EEB00029464FF46F62464812F01AFF294641F284
:10EEC0002442444812F014FF294642F2FC324248E0
:10EED00012F00EFF294642F66452404812F008FF35
:10EEE000294643F29C123E4812F002FF294642F2A4
:10EEF00078523C4812F0FCFE294643F27C523A48D4
:10EF000012F0F6FE294644F2B472384812F0F0FED0
:10EF1000294644F23442364812F0EAFE294643F6C6
:10EF2000C812344812F0E4FE33494FF07E520023F9
:10EF3000E16520463149E266216601F17171304A8E
:10EF400001F580312364236561662E492367636779
:10EF5000A367E367C4F88030A166C4F88430C4F8BE
:10EF60008830C4F88C30C4F89030C4F89420C4F8C9
:10EF7000A030C4F8A4302449244A254B6564A56414
:10EF8000E664C4F89810C4F89C20C4F8B450C4F8DF
:10EF9000A830C4E90E55C4E91555C4E92E55C4F886
:10EFA000C05070BD0C6051E7749C0020904500205B
:10EFB000F0460020C0C6242040CA2420D0D02420FF
:10EFC00074B326206666263F30DE2420A0E024208D
:10EFD000C0E82420509F2620547B2620F04D262078
:10EFE000541C2620DCF6252060C12520AC79252084
:10EFF00078352520B0FB2420C9009100690718014D
:10F000009A99993EE7010C038FC2753D9A99193F71
:10F010003333733F4FF0E0234022C3F80822704798
:10F02000F8B5144B144D1C686E689CB1237A2046C9
:10F030006BB123686F681B6898476B68E188DB1BBE
:10F04000C3F38F12B1EB931FA28038BFE2806469D3
:10F05000002CEBD1084B094A5B6810889B1B084CBD
:10F06000C3F38F11B0EB931F218038BF1180BFF322
:10F070004F8FF8BD749C0020001000E092CE01205C
:10F0800090CE012030B472B6244D254C2A8804F16C
:10F09000700104EB82038B423CD204F16F01501CDF
:10F0A000C91A00EB910002E00132824232D09C4644
:10F0B00053F8041B0029F7D0B1FA81F04FF0004358
:10F0C000C34021EA0301CCF8001001B90132154B0D
:10F0D0002A801A88013291B2198062B6ACEB040C16
:10F0E00041F67C73C0EB00644FEAAC0CC0EB8410BB
:10F0F00001240CEB8C1C03EBCC1303EB80030A48BC
:10F100000068C4541844094B1C88944230BC38BF72
:10F110001980704762B6002030BC704794CE012041
:10F12000789C00208CCE0120709C00208ECE012087
:10F13000428872B60378012B03D9013B037062B693
:10F140007047D14353090B484FF0004201F01F01B3
:10F15000CA4050F823100A430749B1F800C040F8EC
:10F1600023209C45054A88BF0B801388013B1380F0
:10F1700062B67047789C002094CE01208CCE01208E
:10F18000C36813B91DE0DB68E3B1187A9042FAD185
:10F1900010B4586893F809C0006950F82C4054B175
:10F1A000DB682BB1187A9042F3D0DB68002BF9D1E1
:10F1B0005DF8044B704740F82C1008780130087057
:10F1C000EEE77047704700BF437A8B4206D9036968
:10F1D000002253F8210043F8212070470020704797
:10F1E00038B5437A8B421BD90369002253F821407A
:10F1F00043F82120A4B12378012B01D8204638BD43
:10F20000FFF740FF054628B14FF48072211D0430FE
:10F2100001F09CFB2378013B23702C46204638BD2F
:10F220000024204638BD00BF00220449C0E9002266
:10F23000028102740A680860C2607047E89C00207E
:10F24000037CFBB903680146FBB14368EBB1427A2A
:10F250005B7A9A421CD230B472B62B4B1C68ECB16C
:10F26000E368C3B1486801E0DB68A3B15A68824231
:10F27000FAD193F809C04A7A9445F5D162B60420D0
:10F2800030BC7047012062B67047032062B67047F9
:10F29000022062B670476469002CE1D11B4C2368E0
:10F2A00043B1994202D10BE0994207D01A46DB687C
:10F2B000002BF9D1052062B630BC704702F10C0476
:10F2C0000D68E868E8B1C3681BB908E0DA683AB1CC
:10F2D000134681421846F9D162B60620D0E70346AC
:10F2E000D960CB68002023600123C860AA7A2B7202
:10F2F0001A44AA724A68947A13721C4494720B746A
:10F30000D9E7E960EDE700BF749C0020E89C00208D
:10F3100010B5047C9DF808E00CB1012010BD02720C
:10F3200080F809E0C0E90013BDE81040FFF788BF8E
:10F3300038B5037C002B36D043680446427A5B7AAA
:10F340009A4238D272B60168CB68002B2DD0984211
:10F3500033D01A46DB689C422AD0002BF9D1626870
:10F36000607A136953F8200048B1FFF7E1FE72B6E6
:10F3700062680025607A1369216843F820508B7A0F
:10F38000013BDBB28B7203B90B72937A013BDBB2A8
:10F39000937203B913720A4B00201A6820741C6020
:10F3A000E26062B638BD012038BD62B6032038BDC8
:10F3B000E368D360D3E7022038BDC368CB60CEE7F3
:10F3C000E89C002010B50446FFF7B2FF094A136815
:10F3D00043B19C4202D108E09C4205D01A46DB684A
:10F3E000002BF9D1204610BD0C32E3682046136093
:10F3F00010BD00BFE89C00200C4B1A789AB90C4A4B
:10F400000C4910B4C2F858110B48D02401224FF017
:10F41000E02180F8464040241046C1F808415DF8DC
:10F42000044B1A7070470020704700BFB8CE01200F
:10F43000009400202DBE010000E400E030B472B65C
:10F4400021B9036813B102790F2A3BD9244C2188D2
:10F45000002341FA03F212F0010208D00133102B0D
:10F46000F7D162B600220371026030BC70474FF0E2
:10F47000010C0CFA03FC41EA0C01218062B6194927
:10F480005FFA83FC184C194480F804C04B01E16F0B
:10F4900041F0C001E16740F2824414490C6081F8F8
:10F4A0001AC081F81EC081F818C081F81FC003601F
:10F4B00030BCC3E90022C3E90222C3E90422C3E944
:10F4C00006227047064C218841FA02F5ED07BFD5A8
:10F4D000044D1544B3EB451FBAD162B6C5E700BF72
:10F4E000A4CE01208074000200C00F4000800E40B6
:10F4F00003790F2B11D8094A937672B60849012275
:10F5000090F804C00B8802FA0CF223EA02030B8085
:10F5100062B61022002302710360704700800E4023
:10F52000A4CE0120704700BF704700BF704700BFE6
:10F53000704700BF70B51A4C1A4D2368AB4202D019
:10F54000194AD16829BBA369AB4202D0164AD169D6
:10F55000C9B9236BAB4202D0134AD16A69B9A36C13
:10F56000AB4209D0104AD16B31B101211B680F4861
:10F57000D163BDE87040184770BD01211B680C487D
:10F58000D1629847EBE701211B680A48D16198478F
:10F59000DFE701211B6804F10800D1609847D2E73A
:10F5A000C0960020F442002000410840109700203F
:10F5B000F8960020E096002038B5064CA4F16005CE
:10F5C00054F8083C2046183CDB689847AC42F7D119
:10F5D00038BD00BF1097002003682DE9F0410446B4
:10F5E00088B01746002B4BD000229A600122DA60C7
:10F5F000304D04A8DFF8E0801D4451F8083B2D1180
:10F6000002935B6805EB45069847F60006F1080093
:10F6100058F806304044DB6801909847264A04A910
:10F62000DDE90103029248F806309B689847029B87
:10F6300004A8DB6898472368032220481F609A606B
:10F640001F4A23791F4C535513785178C0F828422C
:10F650008B4228BF0B469178D2788B4228BF0B464D
:10F66000934228BF1346184C4FF0E0224FF08061C0
:10F67000012084F87A30C2F80C1108B0BDE8F0819E
:10F68000124AD36E43F44053D3660122104B1A60E2
:10F69000104A13460260403298680028A8D0103300
:10F6A00093422360F8D100231846236008B0BDE8D8
:10F6B000F08100BF00BFF7BFF4420020009400209B
:10F6C000C46A002041C3010000E400E000C00F4014
:10F6D0000040084000410840C0960020F8B503688B
:10F6E00043B3154C0746154E1C44241104EB440546
:10F6F000ED00735905F10800DB6830449847104B62
:10F700000021012273513B689960DA60FF230D4AA2
:10F710001355137850789478834228BF0346D078E5
:10F72000094AA34228BF2346834228BF034682F8E2
:10F730007A303960F8BD00BF00BFF7BFC096002027
:10F74000F4420020C46A002000E400E010B4064B3C
:10F750000020064C064A1C609C611C639C640549A1
:10F760005DF8044B03F0DCBFC0960020F44200209B
:10F77000F86A0020C5C30100084603F04DBE00BF73
:10F78000012A70B508BF0A228AB091B34FF0210E4A
:10F7900001E05FFA86FE0EF1FF36B1FBF2F502FBE7
:10F7A00015145FFA84FC092C0CF137040CF1300CB1
:10F7B00098BF5FFA8CF40EF1280C88BFE4B2914236
:10F7C000EC4429460CF8244CE3D24BB10EF1FF3E39
:10F7D0002D225FFA8EFE0EF128036B4403F8242CD1
:10F7E000036801A9CEF122025B68714498470AB010
:10F7F00070BD30224FF0210E8DF82520E5E700BFC7
:10F800002DE9F0418C688AB0DCB1002588460646B7
:10F810002F462B46212201A9404600F05FFB202CF9
:10F820002246336828BF202201A930465B68A41A0B
:10F83000154498470744002CEBD138460AB0BDE880
:10F84000F081274638460AB0BDE8F081002903DB85
:10F8500000230A22FFF794BF49422D230A22FFF713
:10F860008FBF00BF00B5036883B040F60D2C0222A5
:10F8700001A95B68ADF804C0984703B05DF804FBCC
:10F88000054B022888BF034610B41C6818466368FD
:10F890005DF8044B184700BFE06600200EB400B5C9
:10F8A00082B003AA52F8041B019211F087FE02B045
:10F8B0005DF804EB03B070475AB90368C9B2074A50
:10F8C0001B68934200B506D108465DF804EB03F0CF
:10F8D000A3BDFFF755BF5DF804EB184785C50100D0
:10F8E00000000000B4EE400B70B5F1EE10FA0546D2
:10F8F0002DED028B86B07CD6B0EEC07B9FED476BC2
:10F90000B4EE467BF1EE10FA6BDC9FED467BB4EE75
:10F91000C70BF1EE10FA5ADC9FED447BB4EEC70B37
:10F92000F1EE10FA53D4B5EEC00B0C46F1EE10FA1E
:10F930005BD40023B6EE007B002C5ED04FF0000CB1
:10F940009FED3C6B0CF1010C27EE067B5FFA8CF20D
:10F95000A242F7D330EE070B0A222846FCEEC07B0A
:10F96000B8EE678B17EE901A30EE488BFFF708FF62
:10F970000F2C4FF02E03B2EE046B064628BF0F2467
:10F980008DF808300DF1090302AA611E53FA81F1C6
:10F9900028EE060BFCEEC07BCDED017A9DF804301D
:10F9A00007EE903A3033B8EEE78B02F8013F914210
:10F9B00030EE488BECD12B68013402A928465B68F5
:10F9C000E2B29847304606B0BDEC028B70BD2B68A2
:10F9D00003221A495B6806B0BDEC028BBDE870409B
:10F9E0001847036803221649F4E7B1EE400B0123E0
:10F9F000A0E7036803221349ECE730EE070B0A2265
:10FA00002846FCEEC07B17EE901A06B0BDEC028BC8
:10FA1000BDE87040FFF7B4BEAFF30080FFFFFFFF0B
:10FA2000FFFFEF7F000000E0FFFFEF41000000E07C
:10FA3000FFFFEFC19A9999999999B93FF042002037
:10FA4000EC420020E84200204D4A2DE9F047A2FB9D
:10FA5000004340F26D1A4B4F5B09DFF83881DFF845
:10FA60003891A2FB0342C3EB03145209A0EB8400BC
:10FA7000454CC2EB02150870A3EB8503A4FB0254AE
:10FA800024094B70414B251D04EB4400A2EBC0023E
:10FA9000A3FB050300208A70EA1A03EB5203024617
:10FAA0009B08C3EBC303ED1ACD705FFA80FE40F2F2
:10FAB0006D1C0EF2B27313F0030507FB03F608D1B9
:10FAC000B8EBB60F4FF4B77C03D3B9EB361F38BF92
:10FAD000D446624401309442E7D20EF1460E2C4ED9
:10FAE00081F806E0A6FB030685B377094FF0640CA6
:10FAF0004FF4C870F6090CFB173700FB163640F2BE
:10FB00006D10A41A00230122DFF890E020440AE0DF
:10FB100013F80E4084420ED80C2AA0EB04000BD040
:10FB200001320133D2B2012B5FFA83FCF0D145B927
:10FB3000CFB11D2406E0624601304A710871BDE86C
:10FB4000F0871C24A04218D3001BE9E76420770942
:10FB5000F60900FB17374FF4C87000FB16363FB1AB
:10FB60004FF4B770CDE7002E14BF1C241D24E9E725
:10FB7000002EC4D14FF4B770C3E70122DCE700BF09
:10FB800089888888295C8FC2ABAAAAAA25499224B1
:10FB90001F85EB51285C8F020AD7A3006441002027
:10FBA0002DE9F04190F806C0324BACF14602BCF1B1
:10FBB000460F03FB02F21CDD0CF26C7540F2B373CE
:10FBC0002D4C2E4E2E4FDFF8C4E09D4204FB03F176
:10FBD0000FD013F0030F03F10103F6D1B6EBB10F11
:10FBE00002D3BEEB311FF0D39D423A4404FB03F134
:10FBF000EFD145795DB30CF2B27C224B64244FF413
:10FC0000C871A3FB0C3E204F00231D4E4FEA5E1827
:10FC10004FEADE1E04FB18C80CF0030401FB1ECEE5
:10FC2000DFF86CC005E0D95D0133AB4206FB012271
:10FC30000DD0012BF7D1002CF5D1B8F1000F02D176
:10FC4000BEF1000FEFD101336244AB42F1D14378F2
:10FC50004FF461648178C3EB031305789B0004FBC8
:10FC600001330179064C58194B1E04FB0300104464
:10FC7000BDE8F0818033E101295C8FC2285C8F02EE
:10FC8000805101001F85EB51644100200AD7A30079
:10FC9000803B260000B9704714490A68EAB1D317BF
:10FCA00030B4134C134D84FB024C134C9444C3EBFF
:10FCB0002C4304FB132244F2A71405FB03F304FBBB
:10FCC0000233002B10DA6FF000421A440A60B2FBD4
:10FCD000F0F330BC00FB13207047084AB2FBF0F38E
:10FCE0000A6000FB132070471A46EFE76C9C002067
:10FCF0005F0B4E83ECF4FFFF1DF3010042CE0C1F9F
:10FD0000F8B500260446C0E90066866029B10846B9
:10FD10000D4614F04FF9074608B92046F8BD0130EA
:10FD200011F05AFC0028F8D0294606702060C4E97A
:10FD3000017712F0DFFA2046F8BD00BFF8B588421F
:10FD40004FF0000504468560C0E9005502D08E687A
:10FD50000F680EB92046F8BD701C11F03DFC00285C
:10FD6000F8D0394605702060C4E9016612F0C2FA85
:10FD70002046F8BD10B50446006811F035FC204659
:10FD800010BD00BFF8B50446154632B9036803B18B
:10FD90001A7000232046A360F8BD43680E469A42BD
:10FDA0001CD9511C006812F0D3FF074660B1A3684C
:10FDB000C4E900050BB90370276831463846A560D1
:10FDC00012F098FA2046F8BD206810B111F00CFC32
:10FDD000276000232046C4E90133F8BD0768314697
:10FDE000A560384612F086FAECE700BF10B5002394
:10FDF0008AB00446084601A9A360C4E900330FF0A5
:10FE0000AFFB01A814F0D6F801A902462046FFF77F
:10FE1000B9FF20460AB010BD2DE9F843044600683A
:10FE20000D4616468842A36809D8C218914206D2E8
:10FE30000F1A4FF0010936B92046BDE8F8834FF09C
:10FE40000009002EF8D003EB0608626890450CD933
:10FE500008F1010112F07CFF0028EDD0A368C4E98D
:10FE6000000813B903702068A368B9F1000F08D126
:10FE70002946184412F03EFA2046C4F80880BDE82E
:10FE8000F8833246C119184400F060FD236800224F
:10FE900003F80820F0E700BF8A680968FFF7BCBFD5
:10FEA00038B5054641B10C46084614F083F80246C1
:10FEB00021462846FFF7B0FF284638BD10B582B06E
:10FEC0000023044601228DF8041001A98DF80530A5
:10FED000FFF7A2FF204602B010BD00BFC2B170B54F
:10FEE000B1FA81F60C46760919B185689D4201D8B0
:10FEF0000E7070BDED1A02F1FF3C016820466545A9
:10FF0000194428BF65462A460FF056FA665570BD5B
:10FF1000704700BF1C2849D8F8B5254F04463B78E8
:10FF2000E3B9244B1B5DFF2B29D0234A02EB0412BB
:10FF300091680A6802F44050B0F5805F30D01C062A
:10FF40001FD41E4C2360236AD80704D403F0F8FAA8
:10FF5000236AD907FAD5194B586AF8BD174D184EC0
:10FF600001E003F0EDFAAB6C1B06FAD4B36C13F0AE
:10FF70008003F6D13B700F4B1B5DFF2BD5D10020CA
:10FF8000F8BD0F4C03F07F032360236ADA0704D423
:10FF900003F0D6FA236ADB07FAD5094B586AF8BD95
:10FFA00022F480521C060A60EBD4CAE70020704796
:10FFB000DACE01207C5900204C56002000400C4035
:10FFC00000800C40A249A34B88422DE9F047A24C87
:10FFD0005E699A69D4F80C801BD9A04B984240F214
:10FFE0000281C31A9E491B0AA1FB031340F2276139
:10FFF000DB0903EB830303EB830303F2E2438B424E
:02000004600298
:1000000028BF0B46A3F54877964BA3FB0737FF089D
:1000100004E0954FB8428CBF0E2706278D4908F0A3
:100020001F09D1F88030B94543F0C003C1F88030D2
:100030000CD228F01F08A1F5F82148EA0708C1F8FA
:100040000C800B68002BFCDA08F01F0916F0007317
:1000500024D186490C698649A14300F0EA8082F4E4
:10006000805134464FF4805514F0605F04D026F080
:1000700060561E43774B5E6111F4405F07D022F457
:10008000405274492A438A618B6C1A07FCD446F0AB
:100090000076704A5661936C9B06FCD4754CA04266
:1000A00000F2CE804FF0010C0146634603FB0112C3
:1000B00003F1010E0CF10105A24218D8BEF1080FA0
:1000C0004FF0010340F08D80BCF1040F00F29180ED
:1000D0000A18A24200F2A48005FB00F1AC4603F12D
:1000E000010E03FB01120CF10105A242E6D90CF14D
:1000F000FF318C0286EA81215F4810445F4A9042BA
:100100007FD9DFF8A4A16C225D48584DB0FBFEF00A
:10011000D5F800E0B0FBFCF0DFF890C10EEA0C0C63
:10012000D44509D042F400524FF4805CC5F800C0B9
:100130002A602A68002AFCDA464A156905F0070594
:100140009D4203D01361936CDD03FCD411F4E05F96
:1001500009D026F4E05604F4E0543E4A26435661A2
:10016000936C9907FCD44749474A014491423CD8D3
:10017000464BC909A3FB0131090B4B1E1B0286EA42
:10018000030212F4407F06D026F4407603F4407355
:10019000304A334353612F4A536923F0007353614C
:1001A000936C9B06FCD43A4B4F45A3FB00234FF0C6
:1001B000FF324FEA9343B0FBF1F1B2FBF3F3354A60
:1001C0001060354A1160354A136008D228F01F08C4
:1001D000214A48EA0707D7601368002BFCDABDE81C
:1001E000F087734662E7122718E74FF44073042143
:1001F000C5E70CF1FF31204807238C02104486EA42
:100200008121274ADFF8A8A0A2FB0020020D254883
:10021000362A38BF362202FB00F042EA0A0A74E7A7
:100220004FEA8C24002386EA8C214FF0010EAC4665
:1002300062E71D4686F0C05411464FF0C05313E7E5
:1002400000244FF0010C024631462346E64653E7B0
:1002500000A4781F00C00F40000008400046C323E0
:1002600023B24C001F85EB5100366E0100800D401B
:1002700040300080FFB19F26808D5B00FF7EF64DF1
:1002800000643F4D7FD1F0087F17B42C9F10E5002C
:1002900083DE1B43DC660020D8660020D4310120B9
:1002A000819F5E16001BB7006C2000807F300180AC
:1002B0000020008000B970472DE9F84F01218146E8
:1002C000214C224D224E54E8003F2A68306844E811
:1002D0000013002BF7D11F494B684FF47A7BDFF8EE
:1002E00078A01B1A01270BFB02F8DAF80020A3FB09
:1002F00002325A4594BF9044D84454E8003F2A68DB
:10030000306844E80073002BF7D14B68DAF800C07E
:100310001B1A0BFB02F2A3FB0C3CBCF57A7F94BFCB
:10032000624402F57A72A2EB0802B2F57A7F06D334
:10033000B9F1010908F57A78DFD1BDE8F88F03F04B
:10034000FFF80449D9E700BFA83A0120A43A0120E8
:10035000A03A0120001000E0D431012030B40F4B4E
:100360004FF0010C0E4D0F4C53E8002F2868216808
:1003700043E800C2002AF7D10B4B5B680B4A5B1ABB
:100380004FF47A71126801FB00F0A3FB023230BC1B
:100390008A4294BF80184018704700BFA83A0120D5
:1003A000A43A0120A03A0120001000E0D43101203D
:1003B000272816D80201104B03EB00109B5810B4ED
:1003C000C2685C68144205D061B95DF8044BC3F89B
:1003D00088207047836851B1084A5DF8044B1A6061
:1003E000704770475DF8044BC3F884207047044A97
:1003F0005DF8044B1A6070474C56002038F001003D
:100400003830010027280BD8064B020103EB0010FF
:100410009A58C36892681A4214BF0120002070479E
:10042000002070474C560020272829D8164B02017F
:10043000012903EB00109A5810B45368C4680ED019
:1004400004290CD023EA040353608368A9B102296C
:1004500017D003290CBF0D4A0D4A1A6007E0234349
:1004600001295360836808D040F638021A60436857
:1004700015225DF8044B1A60704738221A60F6E7BF
:100480007047044A1A60F2E74C56002038300100E9
:100490003800010038F0010030B4124A0020124B3D
:1004A0000121124D124CC2F8F032C2F8F402C2F827
:1004B000B810C2F8A000C2F8A450C2F8B010536936
:1004C000DB07FCD551612378DB07F0D413680549BD
:1004D00043F0010313600B68DB07FCD462B630BC49
:1004E000704700BF00802A400504012401000F006E
:1004F00000812A4070B50E4C4FF6FF7E0D4E04F180
:100500001E05A6F58053002102E0B34281B204D259
:100510001A88481C02337245F7D124F8021FAC42F6
:1005200006F58056EDD1044B01221A7070BD00BF54
:10053000D631012000101F60F6CE0120B0F5876F84
:100540002CD2174B10B51B78044623B3A008154BCB
:1005500004F00301144CA3FB0023144ADB08C3EB93
:10056000031E9C46A0EB0E0341EA8C01FF2034F8E9
:1005700013C01A444FEA4C0C13030CEB023CBCEBC7
:10058000023F07D91A880233D4B28C4208BF100A3E
:100590009C45F7D810BDFFF7ADFFD7E7FF207047A8
:1005A000F6CE012089888888D8310120F001060024
:1005B000F8B50F46164672B6344B40F20641344A3F
:1005C0009A610222DA610022C3F8A020C3F8F01277
:1005D000C3F8F422C3F8F822C3F8FC224FF47022C7
:1005E000C3F8A4200122C3F8B02020F01F03821911
:1005F000BFF34F8F4FF0E024C4F85C3F20339A42A2
:10060000FAD8BFF34F8FBFF36F8F204D6B69DA07B6
:10061000FCD501231F49B2B220F07F406B6142F448
:100620007022C5F8F01242F20121184CC5F8F412FC
:10063000C5F8BC30C5F8A000C5F8A420C5F8B03096
:10064000154D01E05B0609D4636913F00100F9D090
:1006500041236361BDE8F840FFF71EBF082E0AD8AA
:1006600036B13246394637440646284600F06EF920
:1006700040236361E8E7A6F10800082639463246C0
:1006800037440646284600F061F9F1E700802A4029
:10069000F05AF05A3204180880812A4010B472B619
:1006A000284B0221284C00229C614FF47024D96110
:1006B00040F20641C3F8F0120121C3F8F422C3F856
:1006C000F822C3F8FC22C3F8A020A2F58052C3F898
:1006D000A4400240C3F8B010BFF34F8F02F5805121
:1006E00002F120034FF0E02C994234BF0121802118
:1006F00002EB41118B42CCF85C2F1A4603F1200328
:10070000F8D1BFF34F8FBFF36F8F0E4A5369D907EC
:10071000FCD501240D490E4B54610340C2F8F01280
:100720004FF470200749C2F8A030C2F8A400C2F804
:10073000B0404B69DB07FCD501235DF8044B4B61EE
:10074000FFF7AABE00802A40F05AF05A2004180889
:1007500000F0FF00B0F5876F80F08680444B2DE9F4
:10076000F0471B78C2B005468946002B79D0AB080C
:10077000404E05F00305404FA6FB0326F60845EA68
:100780008605C6EB06169E1B3C4B37F816403344D5
:1007900060004FEA033800EB0330B0EB033F64D94D
:1007A00043464FF0FF0C1A880233D1B2A94208BF6A
:1007B0004FEA122C9842F6D8E14541D0B4F5006FCB
:1007C00041D302AC4FF48072FF21204611F090FA21
:1007D00008F5805008F102034246984234BF0120D8
:1007E0004FF4006008EB4000134602321B8882423F
:1007F000D9B24FEA13236354F6D104F805900DF1F2
:1008000007090DF2071A00254C464046FFF746FF40
:1008100014F801CF08EB450002220DF10601631E1A
:10082000BCF1FF0FA3EB090306D043EA0C2301350B
:10083000ADF80630FFF7BCFEA245E9D127F8165007
:1008400042B0BDE8F08745EA092502A90222013439
:10085000ADF80850FFF7ACFE27F8164042B0BDE8EF
:10086000F087FFF747FE82E770474FF0FF0CA3E7E2
:10087000F6CE012089888888D8310120F001060051
:1008800010B472B6294B0221294C00229C614FF40E
:100890007024D96140F20641C3F8F0120121C3F877
:1008A000F422C3F8F822C3F8FC22C3F8A020A2F572
:1008B0000042C3F8A4400240C3F8B010BFF34F8F0A
:1008C00002F5004102F120034FF0E02C994234BFC1
:1008D00001214FF4806102EB41118B42CCF85C2F77
:1008E0001A4603F12003F8D1BFF34F8FBFF36F8F88
:1008F0000E4A5369D907FCD501240E490E4B5461A9
:100900000340C2F8F0124FF470200849C2F8A0303A
:10091000C2F8A400C2F8B0404B69DB07FCD5012344
:100920005DF8044B4B61FFF7B7BD00BF00802A4064
:10093000F05AF05A520418080080FF0008B5F1F789
:100940008DFBF2F767FA02F0FBFDFAE7844641EA15
:10095000000313F003036DD1403A41D351F8043B37
:1009600040F8043B51F8043B40F8043B51F8043B89
:1009700040F8043B51F8043B40F8043B51F8043B79
:1009800040F8043B51F8043B40F8043B51F8043B69
:1009900040F8043B51F8043B40F8043B51F8043B59
:1009A00040F8043B51F8043B40F8043B51F8043B49
:1009B00040F8043B51F8043B40F8043B51F8043B39
:1009C00040F8043B51F8043B40F8043B51F8043B29
:1009D00040F8043B51F8043B40F8043B403ABDD298
:1009E000303211D351F8043B40F8043B51F8043B3A
:1009F00040F8043B51F8043B40F8043B51F8043BF9
:100A000040F8043B103AEDD20C3205D351F8043BC8
:100A100040F8043B043AF9D2043208D0D2071CBF94
:100A200011F8013B00F8013B01D30B8803806046BD
:100A3000704700BF082A13D38B078DD010F0030333
:100A40008AD0C3F10403D21ADB071CBF11F8013BA3
:100A500000F8013B80D331F8023B20F8023B7BE7F2
:100A6000043AD9D3013A11F8013B00F8013BF9D21D
:100A70000B7803704B7843708B78837060467047B7
:100A800010F0AABD10F0A8BD10F0AEBD10F0ACBDC6
:100A900010F0AABD01F1FF3C70B56646002400E0ED
:100AA0000134B0FBF2F502FB1503092B03F1370EFD
:100AB00003F130035FFA8EFE98BF5FFA83FE904227
:100AC000284606F801EFEBD2631C0022C818CA546E
:100AD0007CB162461CF8015F10F8016DA1EB0C03BC
:100AE00002328CF80060013B521A057023449A428E
:100AF000EFDB084670BD00BF4FF0010C0CFA01FCA3
:100B000001EB410100EB411170B5B1F80EE01FFAA5
:100B10008CF5254C1FFA8EFE24782E010EFB033334
:100B200006F0F006E340B0F888417345A4B228BF50
:100B300073463443012AA0F888410DD0022A28D0F8
:100B4000C2B10CF00F02B0F888C11FFA8CFC4CEA5D
:100B5000020CA0F888C170BD9BB20CF00F022D02F0
:100B6000CB82B0F8803105F470659BB22B43A0F8BE
:100B70008031E8E7AEEB030E0CF00F021FFA8EFE99
:100B8000A1F80AE0B0F880319BB21343A0F880319D
:100B9000D9E79BB20CF00F02CB83B0F880319BB247
:100BA0001E43A0F88061CEE79893002027284BD8F9
:100BB000F8B52A4D044615F8202005EB8005012ADA
:100BC0002DD0022A3FD16B78C3F3011003283ED009
:100BD000234A02EB803203F0030C224889B26346B9
:100BE00002EB4C1C0678BCF806E05801BCF810304B
:100BF0001FFA8EFECEF1011E1EFA83F303F1FF3EB3
:100C00000EFB01F1F1408E4523D95B1AC3F10103BC
:100C10009BB289B20244ACF8063011820DE06A78CA
:100C2000C2F30113032B10D00F4800EB83308BB2BB
:100C300002F00301AA78FFF75FFF0C4BEA7803EBA1
:100C400004135B681A60F8BD70470948EFE7094A6A
:100C5000C1E7991E4FF6FF73DBE700BF98590020EC
:100C600000C01D409893002000C03D404C5600201D
:100C700000803E4000801E4000230F2248F2B82C26
:100C8000194610B54FF470444FF4806EA0F88C41B3
:100C90004FF46044A0F88E210A46A0F89031B0F8D5
:100CA00088319BB243F0F003A0F8883101EB410397
:100CB000013100EB431304299C80A3F806E05A8419
:100CC0001A865A805A81A3F80EC05A82DA825A8351
:100CD000DA83EBD1B0F888319BB243F00F03A0F870
:100CE0008831B0F888319BB243F47063A0F8883142
:100CF00010BD00BF374B384A996F384841F47F0127
:100D000070B5996741F20106D3F8801045F6C055D9
:100D100043F226040A43C3F88020FFF7ADFF00F535
:100D20008040FFF7A9FF00F58040FFF7A5FF00F521
:100D30008040FFF7A1FF0022A0F503104FF00F0E37
:100D4000114600EB42134FEA421C01329981042AFA
:100D50005981A3F80EE09E82DD8020F80C101982E4
:100D60009C81EED100221E484FF00F0E41F2010689
:100D7000114645F6C05543F2260400EB42134FEAF4
:100D8000421C01329981042A5981A3F80EE09E8207
:100D9000DD8020F80C1019829C81EED100221148D0
:100DA0000F2641F20105114645F6C05443F2260EC6
:100DB00000EB42134FEA421C01329981042A598107
:100DC000DE819D82DC8020F80C101982A3F80CE0F3
:100DD000EED170BD00C00F40000003FC00C03D40DC
:100DE00000001E4000401E40074A506A936A1946A0
:100DF0008446506A936A9942F9D18445F7D1DB0B56
:100E000043EA4040704700BF00400D4072B6EFF328
:100E10000583524CC4F884301EF0040F0CBFEFF36E
:100E20000882EFF309824FF0E0234D4E4D4DD3F889
:100E3000280DD3F82C1DC4E92201D3F8341DD3F8B2
:100E4000383DC4E924139369C4F89830D369C4F8D1
:100E50009C3000F0D3F884ED280AFFF7C5FF0B2182
:100E60004FF0FF32C4F8A4000B46C4F880103E498E
:100E7000301D5A40202402F00103013C01FB03F322
:100E800083EA5202F7D1A84202D073680646EFE720
:100E9000324BC3F8A820BFF34F8F4FF0E023304907
:100EA000324AC3F8701FC3F8702FBFF34F8FBFF3E0
:100EB0006F8F2F4A02252F48D36E2F4943F440539A
:100EC000D3660560D3692D4823F07F0343F04003C8
:100ED000D3610B6883423DD8264D00214FF0E023BB
:100EE0004FF0FF3229600126C5F808112449C5F8E2
:100EF0000011C5F80861C3F88021C3F88421C3F844
:100F00008821C3F88C21C3F8902101E000F0E8F9B2
:100F1000D5F80C31002BF9D00134C5F80C614F2CF9
:100F2000F4D9184B022018494FF00042C1F8400193
:100F30005A63D5F80C313BB9144815490D4A016381
:100F4000D2F80C31002BFAD04FF0E023114AC3F84D
:100F50000C2DFEE7FFF736F8BEE700BF00FF2720A5
:100F600080FF2720A8FF27202083B8EDA0FF27209F
:100F700000C00F4000400840DC660020803DCD0BE3
:100F8000009F240000900D4000002E4000800F4084
:100F9000F100AD0B0400FA050A490A6838B108B53A
:100FA00013180948834204D810460B6008BD104648
:100FB00070470EF033FD0C234FF0FF3203601046F4
:100FC00008BD00BFF46A0020000028200020704700
:100FD0004FF0FF30704700BF4FF4005300204B60CC
:100FE000704700BF012070474FF0FF30704700BFCF
:100FF00030BFFDE730BFFDE7FFF708BF124AD2F868
:1010000080305B07FBD5D2F880301048C3F30B2348
:101010000F4990ED007A07EE903A91ED006AB8EE34
:10102000477A0C4AF8EEE77A0B4BD2ED006A77EE7E
:10103000C77A93ED007AB8EE477A67EE867A87EE44
:10104000A60A37EE400A704700810D40C4310120E6
:10105000CC310120D0310120C831012030B4002929
:1010600031D12B4C2B4B01211960DAB12A490022D6
:1010700048F280054FF001109A605D60C4E91232B9
:10108000C1F8BC014FF48032D1F8B0311343C1F83C
:10109000B031224B20491A60D1F8B031002BFBD17E
:1010A00030BC70471C4980254FF001109A605D608C
:1010B000C4E91232C1F8BC01D1F8B03143F4803335
:1010C000C1F8B031E5E70904154B0124002541F0D2
:1010D000800198601C60596000F580510C4CD9600B
:1010E00000F50051E560196100F5405100F58040C0
:1010F000A360596108499861D1F8B03143F0010308
:10110000C1F8B031D1F8B031002BFBD1AAE700BF54
:10111000000000202097002000002E40C4FE002088
:1011200040970020836BF0B41BB1536843F4004335
:10113000536072B6446B3CB31A4B2260D3F8B04193
:101140000C421DD1184E776804E07468E41BB4F5B6
:10115000166F0BD2D3F8404144F48044C3F84041A9
:10116000D3F8B851D3F840416404EED50D4007D10F
:101170000C4CC0E90225D4F8B0310B43C4F8B031AF
:10118000426362B6F0BC7047064DC0E90224D5F850
:10119000B0310B43C5F8B0310263426362B6F0BCB4
:1011A000704700BF00002E40001000E070B5056BD6
:1011B0009DB106462A46002403E012680134012A44
:1011C0000CD0536813F08003F7D032632CB128465B
:1011D000B36B2D689847013CF9D170BDC6E90C335B
:1011E000F4E700BF30B4D9B91F4C204B0021204A8E
:1011F00001254FF0011099601D60C4E9023180247F
:101200005C60C2F8BC01D2F8B0311A482B43C2F876
:10121000B0310160D2F8B031002BFBD130BC704747
:101220000904154B104C012541F080019860104ACB
:10123000596000F580511D60D96000F50051A3642C
:10124000196100F5405100F5804059610021986115
:10125000E164D2F8B03143F48033C2F8B031D2F84F
:10126000B031002BFBD1C0E7000000202097002008
:1012700000002E40C4FE00204097002010B472B63B
:101280000A4C01220A49237802FA00F01843207020
:10129000D1F848311A0605D480221343C1F84421FD
:1012A000C1F8483162B65DF8044B704718CF012091
:1012B00000002E40084901220B7802FA00F023EAD0
:1012C0000000087030B9054AD2F8483123F0800395
:1012D000C2F84831704700BF18CF012000002E40EF
:1012E0002DE9F04FA84C87B0D4F84461F107C4F859
:1012F000446140F19C80D4F8AC31002B63D0A34D05
:10130000DFF89092DFF8ACB2DFF8AC82C4F8AC3111
:10131000D5E90A70D4F8403143F40053C4F84031A1
:10132000D4F840319B04F5D5D4F840314FF0011288
:1013300023F40053C4F84031C4F8B421D4F8B431D4
:1013400013F00113FAD1BAB2C9F80030B2F5106F38
:10135000CDE9047000F0B28100F2C38040F20231A6
:101360008A4200F02C8240F2DD8040F281618A42A4
:1013700000F2AC80B2F5D06F80F0D581B2F5A06FED
:1013800040F09E80824AEB6493600123AA6413605C
:10139000802353604FF00113C4F8BC31D4F8B0314E
:1013A00043F48033C4F8B031D4F8B031002BFBD112
:1013B000BDF812305B0643F08073C4F85431D4F8A2
:1013C000AC31002BA2D1704BD3F8BC417CB3714A35
:1013D000C3F8BC4111680C4240F08E826E4B1B6812
:1013E0001C4024D05FEA144810D0684D4FF001092A
:1013F00098FAA8F7B7FA87F705EBC71009FA07F7C5
:101400004030FFF7D3FE38EA0708F1D1A4B274B137
:101410005E4D4FF0010894FAA4F7B7FA87F705EB91
:10142000C71008FA07F7FFF7C1FEBC43F3D17206F5
:1014300016D5554BD3F8AC21C3F8AC21D3F8BC2159
:10144000C3F8BC21D3F8B041002CFBD14FF0FF32E0
:10145000C3F8B421D3F8843101F076FE4E4B1C6002
:10146000F40103D54D4B1B6803B19847B00103D578
:101470004B4B1B6803B19847710709D5424BD3F812
:10148000843113F4007300F01081464B01221A706E
:101490003D4BD3F848311A060FD533060DD5424AD5
:1014A00013782BB1013BDBB21370002B00F0A1824B
:1014B00007B0BDE8F04F01F07FB907B0BDE8F08F8D
:1014C0007CD94FF00113C4F8C03178E7B2F5086F4A
:1014D000F7D1364801219BF800300370FFF782FEF8
:1014E0006DE742F221218A4200F0D98140F29980D1
:1014F00048F2A2118A4200F0C58176D948F2A14390
:101500009A4240F0B680B0F5102FDAD203AA2849EB
:1015100004A800F00FFF0028D3D003992448FFF758
:1015200061FE4CE7822A00F0978140F2B580B2F567
:10153000817F40F0A68010F0780F83B2C1D103F014
:101540007F0213F0800F58F8223014BF23F4803349
:1015500023F0010348F8223000220D4BEA649A6020
:101560000122AB641A6080225A604FF00113C4F864
:10157000BC31D4F8B03143F48033C4F8B031D4F87E
:10158000B031002BFBD11AE700002E4000000020F4
:1015900020970020C4FE0020C8FE0020105A012021
:1015A000145A01202FCF012035CF012028300120EF
:1015B000BCFE00202ECF0120C0012E4040F221337E
:1015C0009A4204D040F221439A427FF47AAFB0F5B8
:1015D000102F4FEA1041BFF474AFB84B0122C3E99A
:1015E0000070B748FFF73AFDE9E642F221339A422C
:1015F00025D1B44B00229A60EA640122AB641A60E0
:1016000080225A604FF00113C4F8BC31D4F8B031D5
:1016100043F48033C4F8B031D4F8B031002BFBD19F
:10162000CDE640F601318A4200F0F38042F2210318
:101630009A420AD1010C07297FF443AFCDE748F263
:10164000A1139A423FF45FAF3BE740F681239A42F1
:101650007FF437AF80B2042800F0C08105287FF402
:1016600030AF994B1B78012195480370FFF7BAFD05
:10167000A5E622F4807248F2A1239A423FF443AFD8
:101680001FE7FFF41EAF40F221139A429FD040F2B1
:1016900021239A429BD014E7802A7FF412AF8B4813
:1016A00002210380FFF79EFD89E6894A1370894B6A
:1016B000D3F848311A067FF500AFEEE68649C7F346
:1016C000074C4FF0C81201938BF800C0C4F8C81142
:1016D000C4F8CC21C4F8D0214FF0C412C4F8D421EE
:1016E000C23AC4F8D82101F031FD00F0FBFF00F050
:1016F000ADFD744A0121019BAA64116080219360B1
:1017000051604FF00112EB64C4F8BC21D4F8B02151
:1017100042F48032C4F8B021C9F80030D4F8B031B6
:10172000002BFBD14BE66D4B596800293FF4C9AE45
:101730004FEA174C1FFA80FE04E019690C330029A8
:101740003FF4BFAE1A886245F7D15A887245F4D18A
:101750004FEA1C22032A00F0E880022A1B8900F0CD
:101760003F81072A00F03C81020C9A4228BF1A46AA
:10177000BCF5007F174640F0DE80554B584918787D
:10178000584BDFF864A1002818BF19465648FFF7E8
:10179000DDF82AF01F030AEB0701BFF34F8F4FF06C
:1017A000E020C0F8703F20339942FAD8BFF34F8F42
:1017B000BFF36F8F4C483946FFF714FDFFE510F07B
:1017C000780F83B27FF47DAE03F07F0213F0800FB9
:1017D00058F8223014BF43F4803343F0010348F833
:1017E00022300022374BEA649A600122AB641A600F
:1017F00080225A604FF00113C4F8BC31D4F8B031E4
:1018000043F48033C4F8B031D4F8B031002BFBD1AD
:10181000D5E580B2042800F0C58005287FF451AEDC
:10182000284AC7F30F4CEB649360274BAA6483F8F4
:1018300000C001231360802353604FF00113C4F8EC
:10184000BC31D4F8B03143F48033C4F8B031D4F8AB
:10185000B031002BFBD1B2E583B210F078007FF4F9
:1018600030AE03F07F0258F82210184A1080180694
:1018700058D4CF0701D50123137002211348FFF775
:10188000B1FC9CE5B0F5403FFFF41BAE0C480321D2
:1018900083704AF644430380FFF7A4FC8FE580B2CF
:1018A00000287FF4A6AE114BC7F3074C1A68104B03
:1018B0001A60104B83F800C09BE600BF389B0020E5
:1018C000BCFE00202097002028CF012028300120D6
:1018D0002FCF012000002E400200CC002865002000
:1018E00038900020B091002020C62620A43A012084
:1018F000AC3B01202DCF0120002142F221001160DC
:101900003E49D1E9002195B2854228D03C4B9A420C
:1019100003D03C4B9A427FF461AD3B49374800F01D
:101920003BFD5BE5CB03A6D4A7E70A78030C9A42FC
:1019300028BF1A461746BCF5E06F53D1334B3A46E1
:10194000DFF8E8A018783249324B002818BF194652
:101950005046FEF7FBFF07238AF8013019E789B2EA
:101960000029D3D128492C4D03C9A98086284FEAE4
:1019700011412860A971C9D172B62848017841F097
:1019800040010170D3F848110D0606D441F08001E2
:101990008020C3F84401C3F8481162B6204B50219F
:1019A0001970B3E71F4AC7F30F4CEB6493601E4BEB
:1019B000AA6483F800C001231360802353604FF0B2
:1019C0000113C4F8BC31D4F8B03143F48033C4F807
:1019D000B031D4F8B031002BFBD1F0E4124B41E62A
:1019E0004B88C1E6DFF844A03A465046FEF7AEFF0A
:1019F000CFE60620FFF75EFC14F09CFB389B00202E
:101A00002101010221010001BCFE00202FCF012095
:101A1000B091002038900020A43B012018CF012075
:101A200035CF0120209700202CCF012020C6262072
:101A30002DE9F0471F46831E062B01D9BDE8F0872C
:101A4000DFF84C9015460C463C2209EBC0180646C0
:101A50004FEAC01A002108F10400240410F048F9EC
:101A6000B5FA85F20123520944EA427449F80A4062
:101A7000C8F83870C8F80830002FDFD0034AB340E8
:101A800011680B431360BDE8F08700BFC8FE00205B
:101A9000000000202DE9F0470D46811E062901D9DE
:101AA000BDE8F087C701DFF84C9092460446403706
:101AB0003C2200211E4609EB07082D0408F1040012
:101AC00010F016F9BAFA8AF2520945EA427249F858
:101AD00007200122C8F83860C8F80820002EDFD09F
:101AE000034B10341968A2400A431A60BDE8F0871E
:101AF000C8FE0020000000202DE9F0471446013AFE
:101B0000022A04D81D46831E0746062B01D9BDE8CC
:101B1000F087DFF844900E46A4073C2209EBC0187A
:101B200000214FEAC01A08F1040044EA064410F00C
:101B3000DFF8012349F80A40C8F83850C8F80830DF
:101B4000002DE4D0034ABB4011680B431360BDE88D
:101B5000F08700BFC8FE0020000000202DE9F047FC
:101B60001446013A022A04D81D46831E0746062B56
:101B700001D9BDE8F0874FEAC018DFF848A00E464B
:101B8000A40708F140083C22002144EA06440AEB7D
:101B9000080909F1040010F0ABF801234AF80840E5
:101BA000C9F83850C9F80830002DE2D0044A07F1CE
:101BB0001000116883400B431360BDE8F08700BF3D
:101BC000C8FE00200000002012048160C36101F5FE
:101BD000405342F0800210B40124426001F50052EB
:101BE000046001F5805401F58041C46081615DF8B5
:101BF000044BC0E904237047831E0A46062B00D914
:101C00007047064B00F110014FF0010C03EBC010C0
:101C10000CFA01F14030FFF785BA00BF0000002048
:101C2000831E0A46062B00D970470121024B8140D2
:101C300003EBC010FFF776BA000000204068704741
:101C400000EB830398422DE9F04709D30AE050F8EE
:101C5000044B250C834221F8024B22F8025B01D988
:101C60008C07F4D4A3F10804A04230D2A3F10908F0
:101C700000F1080C9646174FA8EB00084FEAD80869
:101C800008F101084FEA880901EB88065CE902A423
:101C90000CF1080C1FFA8AF545EA04453C4041F86E
:101CA000045B44EA1A44B1424EF8044BEED100EB17
:101CB000C8004A44834208D950F8041B0C0C8342E4
:101CC00026F8021B22F8024BF6D8BDE8F0870E4634
:101CD000F0E700BF0000FFFF38B5114A114B117843
:101CE0001A680023104C114DCA4011482146226049
:101CF0002A78FFF769FF2B782344BFF34F8F4FF00B
:101D0000E022C2F8684F2034A342FAD8BFF34F8FC5
:101D1000BFF36F8F06490620BDE83840FFF76CBF60
:101D20002BCF01202007012080C426202ACF0120AC
:101D30004099002070B5044672B600221C491D4B24
:101D40000E681D680A601A601B491C4B08781B88C6
:101D50000A7062B630B31A4AC3F1400311680B44EB
:101D600013609EB195B1204600223146FDF708FA76
:101D70003046FDF7DDF9A5B1204629460122FDF7E1
:101D8000FFF92846BDE87040FDF7D2B903F6AC5321
:101D900013600C4A136801331360002EE3D1002D49
:101DA000EAD170BD002EF4D0002DDCD1F1E700BFE8
:101DB0000C9D0020109D0020BACE012098CE01205D
:101DC00020070120A03B012038B505460021FDF782
:101DD00007FA012104462846FDF702FA3B4B054667
:101DE0001B78F3B1002C4AD0002D54D072B6384B7A
:101DF000186800283DD0374A1168002956D019606C
:101E00003549364B146000240A680D6034490C8053
:101E10001C681A60FDF78CF92046FDF789F962B657
:101E200038BD14B12046FDF783F915B12846FDF7FA
:101E30007FF9274C206818B1FDF77AF90023236059
:101E4000244C206818B1FDF773F900232360234C5C
:101E5000206818B1FDF76CF9002323601E4C206840
:101E600018B1FDF765F9002323601D4B00221A808D
:101E700038BD1C60194A1A4B15601880CFE7FDF772
:101E800001F90446B0B14FF48072002104300FF024
:101E90002FFF002DAAD1FDF7F5F8054688B14FF4C4
:101EA0008072002104300FF023FF9FE70A4B14607B
:101EB0001D60B4E7002DB3D02846BDE83840FDF7DB
:101EC00037B92046BDE83840FDF732B92CCF0120A4
:101ED000349D0020389D0020409D00203C9D002026
:101EE0009ECE01200023094909480A4A10B40B601C
:101EF00009490A4C0380136009480A4A0B702360A1
:101F000003605DF8044B1370704700BF149D002000
:101F100098CE01200C9D0020BACE0120189D0020F3
:101F2000109D0020BBCE01202DE9F84F01224A4B25
:101F3000DFF838A186081A70484BDAF800401F888D
:101F4000474BB9461D68002C4AD0002D51D0002EB9
:101F500058D0C7F180039E427AD3DFF814B1414FC5
:101F6000DFF81081FBB93B68002B37D1D8F800307F
:101F7000002B33D13C60C8F80050FDF783F80446CD
:101F8000002843D0FDF77EF80546002846D0344BA4
:101F9000CAF800401860002E33D07F2E4FF00009A1
:101FA0004FF0800345D92A1D211D58464E4402EBAF
:101FB000490201EB4901803E0BEB830BFFF740FE2A
:101FC0003B681BB9D8F80030002BD3D08023234ABC
:101FD00013801EB1244A136801331360BDE8F88FE3
:101FE000FDF750F804460028F8D0CAF80000002D8C
:101FF000ADD1FDF747F805460028EFD0184B186023
:10200000A5E73746154B1F80BDE8F88F144BCAF87B
:1020100000001860114B1880BDE8F88F2046FDF7CE
:1020200087F80F4BCAF800501D600C4B1D80BDE8AF
:10203000F88F4F464B462A1D211D584637441A44F7
:1020400019443346FFF7FCFD044B1F80BDE8F88FB1
:102050007B00DFF81CB0EEE7BACE012098CE01205D
:10206000189D00200C9D0020983B0120149D00200D
:10207000A0C42620109D002008B538B1114B586827
:10208000C0F30E40C0F1B400FFF74EFF0023B422AE
:102090000D490C48FFF798FD0B4B03F1B401BFF35A
:1020A0004F8F4FF0E022C2F85C3F20339942FAD8BC
:1020B000BFF34F8FBFF36F8F02490520BDE8084083
:1020C000FFF7AEBD60970020A0C426200023034880
:1020D0000349044A03700B6013607047BDCE0120B2
:1020E000349D00203C9D0020394A2DE9F84F1368AB
:1020F0000133092B2DED028B55D9B42100234FF06C
:102100002D0908EE101A13600027DFF8D8B0DFF8A9
:10211000D8A0DBF80000A9EB070200284AD0BAF8E3
:1021200000C0051D2B4B05EB4C05D3F80080CCF10E
:1021300080039A4208F1040428BF1A46264B04EB98
:102140004C0403EB87065AB1114635F9023B0139BD
:1021500034F902EB9BB243EA0E4346F8043BF4D158
:1021600094441744BCF17F0F0BD81FFA8CFC4F45E9
:10217000AAF800C0CDD318EE100ABDEC028BBDE862
:10218000F88FFCF7D5FF4046FCF7D2FF1348144BFD
:102190000022016894460260CBF8001019681A60AA
:1021A0000C4B1960E3E7B0214FF02C09136008EEE7
:1021B000101AA9E7084B0146920003EB47000FF005
:1021C00097FD18EE100ABDEC028BBDE8F88F00BF3A
:1021D000EC6A00203C9D0020809A0020389D002061
:1021E000409D0020349D00209ECE012038B5FFF791
:1021F0007BFF114A114B054612681B78104CDA40E0
:10220000104900230A60024621460F48FFF7DCFC14
:102210006019BFF34F8F4FF0E023C3F8704F2034A5
:10222000A042FAD8BFF34F8FBFF36F8F0649052046
:10223000BDE83840FFF7E0BC200701202BCF01208C
:10224000809A002080C426206099002038B52B4950
:1022500000242B4B2B4A1C600C6011782A4BA142A6
:102260002A4A2B4D21461A600BBF032304230A2060
:10227000082020222B70274B187027480FF038FDBC
:102280000122B4210520254BFFF736FC2346B4225A
:1022900023492148FFF798FC214B03F1B401BFF318
:1022A0004F8F4FF0E022C2F85C3F20339942FAD8BA
:1022B000BFF34F8FBFF36F8F17490520FFF7B0FCB7
:1022C0002022002117480FF013FD174B2978012217
:1022D0000620FFF743FC0020FFF7FEFC2022002130
:1022E00012480FF005FD0520114B0122B421FFF724
:1022F00035FC0020BDE83840FFF778BF983B01204F
:10230000A03B01202FCF0120200701209A99192CF2
:102310002ACF01202BCF01206097002085EE0100FD
:10232000A0C4262040990020E5EA01006099002021
:10233000F9EF01000378A12B01D000207047C3788A
:102340004078012B08D0022BF7D181380328F4D82C
:10235000DFE800F01B17130B10B40E4C184664682E
:102360000C705DF8044B13607047012300200B7064
:1023700002234870012013607047FF2300200B7078
:10238000F6E7002318460B70F2E7024B98680870D6
:10239000587AEDE7B86A00200378212B01D000209D
:1023A0007047C3784278012B09D0022BF7D1012A5C
:1023B000F5D1074B104609781A6099607047012AD9
:1023C000EDD1034B10460978C3E90021704700BFE7
:1023D000B86A0020124A134BD2F8200220F07F4046
:1023E000984210B584B002D200EB800040000E4C41
:1023F00001A90A22FEF74EFB01A90023204611F88D
:10240000012B01333AB10A2B20F8022FF7D1162302
:10241000237004B010BD5B00DBB2237004B010BDAC
:1024200000441F40809698005093002000B17047F0
:1024300010B504464FF48C720A490B48FEF786FA31
:1024400021465D2209480FF053FC4FF48C72084975
:102450000848FEF77BFA21465D220748BDE8104098
:102460000FF046BCCC280020B0910020C89200207C
:10247000E4290020389000205091002000F084BF13
:1024800000F054BF00F0B8BF00F072BF01F00EB80A
:1024900000F0E4BF0846114600F0D4BF38B50E4B3B
:1024A00004460E4D1B6853B141F60C6229889142D7
:1024B0000BD84B1C9BB20A4A2B80545438BD41F6B2
:1024C0000C6329889942F4D938BD00220448984702
:1024D00000210123EFE700BFEC3B0120B6CE012035
:1024E000003C0120F8B5144C4FF0E025134E4FF49A
:1024F000003204EB4024124F06EB40160346C5F8A9
:102500008C2121463A883046FFF75EFB3B88234406
:10251000BFF34F8FC5F85C4F2034A342FAD8BFF306
:102520004F8FBFF36F8F04203146FFF779FB4FF4D5
:102530000033C5F80C31F8BDA0C7262080970020D5
:10254000AACE012042684FF6FC71114BC2F30E4235
:10255000C0691B889B1A0B4017D00E4930B40E4C33
:102560000E4D227821F810300021013225F810108C
:10257000062A94BFD1B20A46217009490C68234447
:102580000B60084B985430BC7047FFF7ABBF00BFDF
:10259000AACE0120603101200ACF01207C31012028
:1025A00058310120983101202DE9F04F0123DFF847
:1025B00028A1DFF828B183B0414E9AF80020414DA0
:1025C000414F8BF8003005EB42153388D7F8008077
:1025D000CDE90002002B6DD13C4CDFF80491284678
:1025E000FFF72CFB10F080005DD03B68A3EB0803E5
:1025F000282B04D90123237003B0BDE8F08F237882
:10260000002BF9D199F80030002BF5D000F098FF9D
:102610003388002BE3D02E4A9AF800101288D01A83
:10262000043B2C4C9BB22044338000EB4120009EA5
:102630004902C0F8006C93BB04F5406428460C4482
:102640002146FFF7C1FABFF34F8F04F1200204F5D2
:102650000073934234BF012310234FF0E02204EBB8
:102660004313C2F8704F20349C42FAD1BFF34F8F0E
:10267000BFF36F8F04202946FFF7BEFA019B0220AB
:102680000133032B94BFDBB200238AF80030FEF73E
:1026900011FE00238BF8003003B0BDE8F08F02205C
:1026A000FEF7ECFDF5E70A4B9AF800101A88207047
:1026B0001346B5E7064A01991288D01AB0E700BF61
:1026C000AECE012080990020A43A01201DCF012028
:1026D000B2CE0120A0C7262022CF012024CF012086
:1026E0002ECF0120214B70B51B78002B3BD04FF42F
:1026F00000731E461E4980221E4D00240B800021BF
:102700001D482B800FF0F4FA1C4A21461C4B147014
:10271000C0221C481C800FF0EBFA1B4A31461B4BB1
:10272000042094609C60C2E90044194AC3E9004453
:102730001470184B184A1C70184B14602246FFF78F
:1027400077F92346224629880420FFF7A3F920467B
:102750000134FFF7C7FE062CF9D100231049114AB6
:102760000B70137070BD40231E46C3E72FCF0120AE
:10277000AACE0120B2CE01208099002022CF0120D4
:10278000AECE012080970020603101207C310120F5
:102790000ACF01200CCF01205831012051F3010054
:1027A0001DCF012024CF0120024B1B780BB1FFF776
:1027B000FBBE70472ECF01202DE9F843214B1D7839
:1027C00015B9214E33880BB9BDE8F883DFF888804E
:1027D0001E4A98F800701E4C02EB47191D4A04EB84
:1027E0004724128848462146D21A2B46FFF7ECF9B7
:1027F000BFF34F8F04F1200204F50073934234BFFE
:10280000012310234FF0E02204EB4313C2F8704F72
:1028100020349C42FAD1BFF34F8FBFF36F8F013743
:1028200049460420FFF7E8F9032F4FF000034FF06B
:10283000020098BFFDB2338088F80050BDE8F8432D
:10284000FEF738BD24CF0120AECE012080990020B4
:10285000A0D32620B2CE012022CF012012012DE9E3
:10286000F041D5B2002942D001290446884657D00C
:102870003A4E45F0040733784BB140782378000690
:1028800040EA0340384340F47040FFF78DFEA8F162
:102890000208A31CB8F1020F18D905343378A8F147
:1028A00003086BB114F8013C14F8022C1B0614F851
:1028B000030C43EA02433B4343EA0020FFF774FE64
:1028C000B8F1020F234604F10304E7D8B8F1020F70
:1028D00017D0B8F1010F32D0337833B14FF2057011
:1028E0002843BDE8F041FFF75FBEBDE8F0811B4B18
:1028F0001B78002BF9D01A482843BDE8F041FFF7B8
:1029000053BE327819785B78002AEED01B04154844
:1029100043EA01232B43BDE8F0411843FFF744BECF
:102920000E4B02781B78002BDFD045F007050E48D0
:1029300045EA02452843BDE8F041FFF735BE32784D
:102940001B78002AD1D045F0060040EA0320BDE8FC
:10295000F04140F47700FFF727BE00BF2ECF0120E3
:1029600006F0F700070000F700F000F7F8B54FF4A5
:1029700000324FF0E023204CC3F88C211F4B22780B
:1029800019788A422ED0D3B21D4A1E4F01331E49F8
:102990001E4E072B28BF0023D05C37F8102001EB18
:1029A00040218D580432316892B2043927F8102042
:1029B0003160174931F81010914207D94FF0E023E8
:1029C0004FF400322846C3F80C21F8BDDBB2237067
:1029D000FFF788FD4FF0E0234FF400322846C3F89C
:1029E0000C21F8BD00254FF0E0234FF400322846BB
:1029F000C3F80C21F8BD00BF0CCF01200ACF012085
:102A0000983101207C310120A0C7262058310120B7
:102A1000603101202DE9F0410746FFF7A7FF98B18B
:102A2000C0F3032300F00F059F4A04465E1CC0F369
:102A300003134FEA10281370A5F10803062B06D8DC
:102A4000002F47D0BE4245D00020BDE8F081AB1E2C
:102A50005FFA88F0012B19D9F72818BFF02801D99F
:102A6000052D13D0042D00F089816B1F022B40F23D
:102A700049810F2DE8D1F72808D8F02803D08B4BD7
:102A80001B88002BE0D0FFF709FDDDE7F1380E28A9
:102A9000DAD801A353F820F025FA010037FA010033
:102AA00053FA010055F8010055F8010061FA0100E0
:102AB00055F801006FFA010055F80100A9F901006D
:102AC000DDF90100C5F9010055F80100F5F9010033
:102AD0000DFA0100082DC4F3033318D1082B16D1C9
:102AE00073498022734BC4F307450F68F6B2240E76
:102AF0001A701FB1294630462246B8476E49012058
:102B00006E4A6F4B0E7015701C70BDE8F081092D78
:102B100014D1092B12D1220E664B00F0B780902100
:102B2000C4F30745F6B21970D4B2664B1B68002B8C
:102B3000E4D02246294630469847DFE70A2D05D1E2
:102B40000A2B03D1604BA0215A4A06E00B2D11D16C
:102B50000B2B0FD15D4BB021564A1B68C4F30745C0
:102B6000F6B21170240E002BC8D0294630462246FA
:102B70009847C3E70C2D40F081800C2B7ED1544B3D
:102B8000C0214C4A1B68C4F30745F6B21170240EED
:102B9000002BB3D0294630469847AFE74D4B1B6812
:102BA000002B00F0FF80C4F307459847414AF6B276
:102BB000240E82F80080A1E7474B1B68002BF2D15E
:102BC000464B1B682BB3FC20C4F307459847EDE741
:102BD000434B1B68002BE6D1404B1B68CBB1FB205D
:102BE000C4F307459847E1E73E4B1B68002BDAD159
:102BF0003A4B1B686BB1FE20C4F307459847D5E7F5
:102C0000394B1B68002BCED1344B1B680BB1FF2016
:102C10009847C4F30745C9E7344BC4F307451B681D
:102C2000002BC3D028469847C0E7314B1A68002ACA
:102C3000EFD0630CC4F30640250C03F47E53EDB2D1
:102C400018439047B2E72B4BC4F307451B68002B92
:102C5000E8D1ABE7284BC4F307451B68002BA4D190
:102C6000A4E7264B1B68002B9DD11C4B1B68002B37
:102C7000CFD0F820C4F30745984797E70D2D62D1D0
:102C80000D2B60D11E4BD0210A4A7BE78021F6B282
:102C9000C4F307451970064B1B68002B79D02946F1
:102CA00030461446984729E730CF0120B6CE0120A0
:102CB000C43B012034CF012031CF012032CF01208D
:102CC00033CF0120C83B0120FC3B0120C03B012049
:102CD000D03B0120E03B0120E43B0120D43B01201C
:102CE000BC3B0120B03B0120F03B0120F43B012024
:102CF000D83B0120DC3B0120F83B0120B83B012000
:102D0000B43B0120FFF7CAFB052D08D0C4F30740F0
:102D1000FFF7C4FB072D02D1200EFFF7BFFB2A4BA4
:102D20002A4819882A4A0170080A2A4C1070002083
:102D3000294A1880F0232468137064B327480122BD
:102D4000A047012081E60E2D7FF47EAE0E2B7FF48E
:102D50007BAE234BE021204A1B68117063B3610CEA
:102D6000C4F30642F6B201F47E51250C3046240E1F
:102D70001143EDB2A1F500519847BFE6FFF78EFB76
:102D8000C4F30740FFF78AFB200EFFF787FB002004
:102D90005BE61C46B2E6134B1B6893B10F4898479D
:102DA000012052E6104B1B68002B3FF432AFFA2093
:102DB000C4F307459847F9E6C4F30745F6B2240E75
:102DC0009CE6012041E600BFB6CE012032CF0120B3
:102DD00033CF0120EC3B012034CF0120003C012007
:102DE000CC3B0120E83B0120D43B0120F8B5144C3A
:102DF0004FF0E025134E4FF4003204EB4024124F05
:102E000006EB40160346C5F88C2121463A88304629
:102E1000FEF7DAFE3B882344BFF34F8FC5F85C4FC3
:102E20002034A342FAD8BFF34F8FBFF36F8F032034
:102E30003146FEF7F5FE4FF40033C5F80C31F8BD0E
:102E4000A0DB262040980020ACCE0120244B2DE9A9
:102E5000F0411C884368C569C3F30E43E41A002C93
:102E600024DD204920480A780078D3B21F4E8242E0
:102E70001F4807D010F8038036F81870C7F50072A5
:102E8000944218D90133002226F81540082B194E18
:102E900088BF134626F8152098BFDAB2C554164BE2
:102EA0000A701A6814441C60BDE8F0812846BDE829
:102EB000F041FFF79BBF07EB48201049224627440B
:102EC000084401EB4521FDF741FD0B4A284626F851
:102ED000187013682344BDE8F0411360FFF786BF04
:102EE000ACCE01200BCF01200DCF01206C31012091
:102EF000A0310120883101205C310120A0DB262097
:102F00001D4B1A78002A36D102F0FF031B4A1278B3
:102F10008AB32DE9F0411A4D2A8852B3194EC2F5F1
:102F20000068194F3278194C07EB421704EBC224A2
:102F3000424638462146FEF747FE04EB0802BFF33F
:102F40004F8F4FF0E023C3F8704F2034A242FAD8DD
:102F5000BFF34F8FBFF36F8F03203946FEF74CFE50
:102F600033780133DBB2032B88BF00233370002397
:102F70002B80BDE8F081704725CF01202ECF0120A6
:102F8000B0CE012023CF0120009A0020A0EB262004
:102F90002DE9F04F85B0CDE90110002900F0BF8088
:102FA0000023604CDFF89881DFF898A15E4F009312
:102FB00001235E4A23705E4B1978B8F8003002EBAB
:102FC0004119002B40F0A7801E461D469B464846EF
:102FD000FEF734FE10F0800000F08C80BFF34F8FBE
:102FE0009AF8003084F800B005B93E68002B7DD116
:102FF0003B689B1B782B00F287804E4B1B78002B85
:1030000074D000F09DFA0122B8F800301546227005
:10301000002BDCD0464AC3F5006011781A4600EB5D
:10302000C120454DC9022844019D954217D2039302
:10303000DDE901512A46FDF789FC039B4FF0404230
:103040005B1BA8F800303D4BC3F88420BFF34F8FC3
:10305000009800232844237005B0BDE8F08F364B5C
:10306000CD180299FDF772FC00234FF40062294647
:103070004846FEF7A9FDBFF34F8F05F1200205F585
:103080000063934234BF012340234FF0E02205EB5D
:103090004313C2F8705F2035AB42FAD1BFF34F8FB4
:1030A000BFF36F8F03204946FEF7A6FD204A137831
:1030B0000133DBB2032B84BF00231D4A1370B8F821
:1030C0000030019AD11A009A1A4401910092029A92
:1030D0001A4400230292194AA8F80030C2F884303A
:1030E000BFF34F8F237000297FF462AF009805B0C3
:1030F000BDE8F08F4FF400620D4B8AF8000019789C
:103100001346A8F800208AE7012300988AF80030C7
:1031100005B0BDE8F08F1A46C3F500607FE701985F
:10312000E5E700BF25CF0120A43A0120009A002046
:1031300023CF01202ECF0120A0EB262000002E401F
:10314000B0CE01201ECF0120704700BF2D4B0021C3
:1031500080222D4870B51B7800242C4D8B422C4EBC
:103160000CBF40234FF400732B8033800EF0C0FD62
:10317000284A2146284B14704FF4807227481C803F
:103180000EF0B6FD264A1021264B0220C2E900446B
:10319000C2E90244244AC3E900441470234AC3E943
:1031A0000244234B1C70234614602246FEF772FC37
:1031B0002246318803201F4BFEF73AFC23460122AA
:1031C00029880320FEF766FC20460134FFF70EFE37
:1031D000082CF9D1184B00214A221848184C0460D9
:1031E000C3F88410C3F88020D3F84821154942F071
:1031F0008072C3F8482121B1134A137843F00103C8
:10320000137070BD2FCF0120009A0020B4CE012092
:10321000ACCE012023CF0120B0CE01204098002069
:103220006C310120883101200BCF01205C3101205D
:103230000DCF012059FC010000002E40105A012042
:103240000DFD01000000000037CF01202DE9F04FF7
:103250004FF0E0234FF40032DFF8C8A083B0C3F88A
:103260008C218B469AF8004000294FD08046E4B26A
:103270000027DFF8B490264BABEB070225491B78FB
:10328000A34204F101043FD0092C234B404628BF40
:1032900000241E5D39F816C00CEB462319441F4B61
:1032A00033F81650A5EB0C05AA421CD20CEB462CA9
:1032B00018491B4C61440192FDF748FB216839F81D
:1032C00016505846019AA1EB0B012A44394429F8BB
:1032D000162021604FF0E0234FF40032C3F80C2198
:1032E00003B0BDE8F08F2A462F44FDF72FFB0C49B1
:1032F000E3B230460A68A844521B0A608AF80030DC
:10330000FFF774FDBB45B6D83846E3E70846E1E76A
:103310000BCF0120A0DB2620A03101206C31012041
:103320005C3101200DCF0120883101200B4B0C4A6C
:1033300012781978D3B28A420DD0013309480A4A6B
:10334000092B0A4928BF0023C35C31F8131002EB94
:103350004323585C70474FF0FF3070470BCF01207C
:103360000DCF0120A0310120A0DB262088310120D3
:10337000044B10B51C680CB1204610BD00F0E0F8FD
:10338000204610BD5C3101202DE9F84F144E154D3B
:1033900033782A78934221D0DCB2DFF85090DFF8FE
:1033A00050B0DFF85080104F0134082C5FFA84FAD7
:1033B00001D90024A24619F80400DBF8003038F8DF
:1033C000102037F81010521A9B1ACBF80030FFF774
:1033D0000DFD86F800A02B78A342E5D1BDE8F88F5B
:1033E0000DCF01200BCF012088310120A031012019
:1033F0005C3101206C31012000B583B001210DF159
:103400000700FFF723FF20B19DF8070003B05DF828
:1034100004FB4FF0FF30F9E7094B00B583B01B7890
:103420008DF807003BB101210DF10700FFF7B0FD5A
:1034300003B05DF804FB03F0FF0003B05DF804FB8C
:103440002ECF0120044B1B7803F0FF020BB1FFF7D6
:103450009FBD1046704700BF2ECF01202DE9F041DF
:103460000024DFF8448001230D4D27460D4E88F8D7
:103470000030337828462035A34204F1010405D0FA
:10348000FEF7DCFB030658BF07F50067042CF0D1FC
:10349000BFF34F8F0023384688F80030BDE8F08135
:1034A000009A002023CF012025CF01202DE9F843E9
:1034B0001D4B1B7813B11D4D2A880AB9BDE8F8834E
:1034C0001B4EC2F500691B4933784A461A4C01EB82
:1034D00043181A4F04EBC324012340463B70214696
:1034E0000023FEF771FB04EB0902BFF34F8F4FF08F
:1034F000E023C3F8704F2034A242FAD8BFF34F8FB5
:10350000BFF36F8F03204146FEF776FB337801331C
:10351000DBB2032B88BF0023337000232B80BFF363
:103520004F8F3B70BDE8F8832ECF0120B0CE012035
:1035300023CF0120009A0020A0EB262025CF0120D8
:103540002DE9F8432D4B1E7866B12D4F3B784BB9D2
:103550000123F1073B7043D4B20726D400233B700C
:10356000730701D4BDE8F883264B1A68002AF9D006
:10357000EFF30582002AF5D1EFF3108572B61868D3
:10358000002834D0204C2178002930D1012222702B
:1035900042691A60002A2ED0916105B962B60025F1
:1035A0008368457798472570DCE7DFF8648098F8F2
:1035B0000030002BD2D00025DFF858902B4659F868
:1035C00023400135236820461B69984710B1636981
:1035D0009B68984798F80020EBB29A42EFD8BDE775
:1035E000FFF7C6FE0028B7D0AFF30080B4E7002D88
:1035F000B8D162B6B6E7054B1A60CEE737CF0120E7
:10360000D4CE0120449D0020BECE0120509D00203C
:10361000BFCE0120589D002070B5EFF3108272B626
:103620000C4C206880B10C4E00254369236073B1B7
:103630009D6102B962B6836845779847EFF31082BF
:1036400072B620680028F0D102B962B670BD33604E
:10365000EFE700BF4C9D0020489D0020FFF7DCBF36
:103660000449054A4968054B196013680133136022
:10367000704700BF001000E0A43A0120A03A0120EA
:1036800070B5960838D001F1100400F108033546F2
:103690009FED227A33F908EC013D03F1080304F1B0
:1036A000100407EE90EAF8EEE77A67EE877A44EDC9
:1036B000087A33F90EEC07EE90EAF8EEE77A67EE57
:1036C000877A44ED077A33F90CEC07EE90EAF8EECE
:1036D000E77A67EE877A44ED067A33F90AEC07EE6B
:1036E00090EAF8EEE77A67EE877A44ED057AD1D171
:1036F00001EB061100EBC60012F003020DD09FEDA6
:10370000077A30F9023B013A07EE903AF8EEE77A91
:1037100067EE877AE1EC017AF3D170BD00000038E2
:103720000346084619460EF035BB00BF00487047F7
:103730003C44002010B5034B0360044600F0CEF873
:10374000204610BDD047002010B5054B036004464D
:1037500000F0C4F82046FDF797F9204610BD00BFE1
:10376000D047002008B5042000F07CF8024B034A43
:103770000349036000F044F9D047002041050200EE
:103780008444002020494B6830B550F8085CA0F113
:1037900008045BB304EB050E734527D821D05A68A3
:1037A00001F1040C32B90FE0516803F1040C21B3AC
:1037B00013460A469645F7D304BFDEE90021596057
:1037C000DCF8003008BFAD181A6899188C4211D087
:1037D0005B6840F8043CDCF8003040F8085C5C6052
:1037E00030BD1A685B682A4440F8082C40F8043C55
:1037F0004C6030BD2A441A6030BD5B681A68991865
:103800008C42E5D1F6E700BFEC9C0020144900F1A2
:1038100008034868082B38BF0823F8B1073323F0A2
:103820000703043102E0011D406880B10268934241
:10383000F9D830B4D41A072C0AD9C51842686A607E
:10384000C450086803600D60083030BC7047704792
:10385000456802600D60083030BC7047704700BF9B
:10386000EC9C002010B500F1800420460DF0B4FE61
:10387000034630B18022002118460EF039FA80301C
:1038800010BD2046FFF7C2FF03460028F2D100F02A
:103890003DF800BF064A93688038984205D9D2683F
:1038A0001344984201D2FFF76DBF0DF09DBE00BFDB
:1038B000EC9C002038B5084C4FF41E652846E560A6
:1038C0000DF08AFEA06020B10023C0E900536060C3
:1038D00038BDE060606038BDEC9C0020704700BFE0
:1038E000704700BF004870472844002010B50421ED
:1038F0000446FDF7CDF8204610BD00BF08B580474F
:10390000FDF778FB06F00AFBFDF774FB08B5034BE7
:103910001868BFF35B8FFFF7F1FF00BFB06A0020AC
:1039200008B58047FFF7F2FF08B5034B1868BFF3EF
:103930005B8FFFF7F5FF00BFB46A0020024B1868E9
:10394000BFF35B8F704700BFB06A0020024B18685E
:10395000BFF35B8F704700BFB46A002000B5012839
:1039600083B01DD8BFF35B8FA1F1280353E8002F6C
:10397000013A43E800200028F8D1BFF35B8F62B919
:1039800051F81C3C01F1580013B10190984701987F
:1039900003B05DF804EBFFF77DBF03B05DF804FBF7
:1039A00051F8140CFFF7AAFF38B5002540E91E12A4
:1039B00040F8805C0446FFF7C9FF44F8700CFFF73D
:1039C000BDFF43222B23472104F8552C04F8542C27
:1039D00004F8533C04F8523C4E22552304F8581C7A
:1039E00004F8515C054904F8572C04F8563C44F897
:1039F0006C0C44F8501CA4F1800038BD690702002B
:103A000010B582B0CDE90021044606F00FFB034655
:103A10004068009A0199013058602046FFF7C4FFC2
:103A20000446012344F8283B20460BF015FA2046B3
:103A300006F074FAFFF76AFF10B506F0F7FAD0E95E
:103A400000420132426064B194F82020472A0AD033
:103A500000220260203420460BF022FA204606F0B5
:103A60005DFAFFF753FF94F821204E2AF0D194F825
:103A70002220552AECD194F82320432AE8D194F847
:103A80002420432AE4D194F825202B2AE0D194F86D
:103A900026202B2ADCD194F82720012AD8D8626965
:103AA00052426261D6E700BF10B5034B0360044683
:103AB00000F044F9204610BD9047002010B5054B9A
:103AC0000360044600F03AF920460C21FCF7E0FFC1
:103AD000204610BD9047002070B582B00446069E77
:103AE00096420D4609D0A06804680696246A2946C5
:103AF000A44602B0BDE870406047194601920093A9
:103B000000F060F8DDE900320028ECD0062002B0B9
:103B100070BD00BF2DE9F04F0C4681B01946DDE9BC
:103B20000A69DDE90C879B460546924600F04AF893
:103B300080B9464522D0A86821460468CDE90C87A3
:103B4000CDE90A69E4695B465246A44601B0BDE886
:103B5000F04F6047002C3E6087F804A009DB264444
:103B6000B0450CBF06260126BE71002001B0BDE89D
:103B7000F08F0234F9D10123BB71F6E7494628469C
:103B800000F020F80028D6D087F805A0EDE700BFA8
:103B90002DE9F04106460F4614461D4600F008F98F
:103BA00048B9B068016822468C692B463946A4465C
:103BB000BDE8F0416047BDE8F08100BF704700BF3D
:103BC00000207047814211D008B5406803782A2B45
:103BD0000AD049680B782A2B08BF01310EF04EF944
:103BE000B0FA80F0400908BD002008BD01207047F0
:103BF00070B53B4B1A7882B0002A41D101241C7069
:103C000006F02EFD002831D04468364D23782A2B4B
:103C100008BF013400224FF0FF30114601AB019084
:103C2000204606F051F82B683022DB680646012159
:103C30002D480BF0E3FE019B93B12B682046D96819
:103C40000BF062FC2B682948DB68022201210BF093
:103C5000D5FE019B13B930460DF0C6FCFFF7ECFE14
:103C60002B683046D9680BF04FFCEBE71D4B204822
:103C70001B682D22DB6821460BF0C0FEFDF7BAF968
:103C8000184B1C481B681D22DB6801210BF0B6FE97
:103C9000FDF7B0F901290C4619D106F03FF9036888
:103CA0009B6898472B682146DB6804460B22124824
:103CB0000BF0A4FE2B682046D9680BF025FC2B687E
:103CC0000A20D9680BF0AAFB06F066F9D6E706F0E1
:103CD00025F906F061F9D1E706F05EF906F056F82D
:103CE000D6CE012084700020B4430020E843002099
:103CF000EC430020944300201C44002070B503686E
:103D000084B000249E690394102315460293CDE9E4
:103D100000446B461268B0479DF8043003F0060378
:103D2000062B03BF009B2B600120204604B070BD12
:103D30000098904214BF01200620704710B5034B35
:103D400003600446FFF73AFF204610BD6447002099
:103D500010B5054B03600446FFF730FF20460821ED
:103D6000FCF796FE204610BD644700202DE9F04187
:103D7000069F0899099E8F42044690461D460CD026
:103D800029462046FFF71EFF20B10123376086F841
:103D90000480B3710020BDE8F0810799FFF712FF9E
:103DA0000028EDD086F805800020BDE8F08100BF36
:103DB00038B515461C46FFF705FF00B938BD082287
:103DC00006232560E260237138BD00BF2DE9F04174
:103DD000064617461D460C46FFF7F4FE48B9032D6C
:103DE00007D823683A46314620465B69BDE8F04172
:103DF0001847BDE8F08100BF312970B5864645D827
:103E000028292AD80A2920D9A1F10B0C324C5FFAB3
:103E10008CFC012000FA0CF00440002C4DD0D2B1F3
:103E2000DEE90540844216DADEF8105004EB840C1B
:103E300005EB8C0001340026C0E90166CEF8144081
:103E400005F82C10C0E9032370BD042930D9A1F175
:103E500009000128E3D9002070BDA1F1290008283C
:103E6000F9D801A454F820F02D0C0200C10C020076
:103E7000BD0C0200630C0200BD0C02002D0C020000
:103E80002D0C02002B0C0200C10C0200A1F1340029
:103E9000C0B21D28DFD8114C4FF0010C0CFA00FC09
:103EA0000CEA0404002CBAD10D480CEA000070B1F1
:103EB000002AD0D0002BB3D1CDE710F47F1FAFD1B3
:103EC000084C0440002CC6D0002AF3D1C3E71CF0F4
:103ED000505CC0D0A4E700BFFE1F802F0711C701B0
:103EE000F82E000A01004000F0B5C26811786E2972
:103EF000864625D03039CBB2092B2BD80026164D5B
:103F000000206FF0004402E0B0EBD30F15DC01326B
:103F1000CEF80C201378303B5FFA83FC00EB800076
:103F200001EB4000BCF1090F1946A4EB0303A5FB0C
:103F30000373E9D906B14042F0BD4FF0FF30F0BD48
:103F4000531CC36051783039CAB2092A02D81A46C4
:103F50000126D4E70020F0BDCDCCCCCC10B5044672
:103F600029B9C3681A786AB15A1CC26019786829DD
:103F70000CD0762906D12046FFF7B6FFE3681A7801
:103F80005F2A01D0002010BD0133E3602046FFF717
:103F9000ABFFE3681A785F2AF4D10133E3600120B4
:103FA00010BD00BF10B4C3680A461978522910D05A
:103FB0004F2903D010465DF8044B7047C46A202196
:103FC00003340133C462C3605DF8044B0023FFF780
:103FD00013BFC46A1F210234F3E700BF002966D073
:103FE00038B505460C46A368012B39DCD5F81C0111
:103FF000B0F5806F03F1010332DC2278A360531E19
:10400000502B2DD8DFE803F03131314C2C2C2D2DE5
:104010003131313131313131313131313131312C95
:1040200031313131313131313131424231312C3163
:104030003131312931313131312C2D313131313181
:104040003131313131313131312C2C31292929298A
:104050002C313131313131313100E468002CC2D1A1
:1040600038BD2469002CBED1FAE7E168431CC5F8CD
:104070001C312846FFF7B2FF21692846FFF7AEFF43
:10408000D5F81C31013BC5F81C3138BDE1680B780F
:10409000052BEBD1D5F838310133C5F83831E5E7D8
:1040A000D5F84431E1680133C5F84431DEE77047A3
:1040B000034648B1002304E0C2682AB10069013315
:1040C00010B102782F2AF7D018467047C3681A78C3
:1040D0005F2A01D00120704710B55A1CC2605A787F
:1040E0005F2A044604D0FFF7FFFEC043C00F10BD97
:1040F0000233C360FFF7F8FE002809DB092805DD5D
:10410000E3681A785F2A03D10133E360012010BD10
:10411000002010BD20B909E039B10069013930B182
:1041200003782F2BF8D000207047C0687047704785
:10413000F0B514465268A5684B1C1344AB4283B0DB
:104140000E46074611D8E5686DB9636820683246A7
:1041500018443946FCF7FAFBD4E9003233449D5445
:1041600063683344636003B0F0BDE268002AFAD1AB
:1041700055B16D00AB42FCD8206829460EF0E8FD31
:1041800038B12060A560DEE7022B4FF00205F0D8C1
:10419000F2E7019020680DF027FA019B0122C4E9A3
:1041A0000033C4E90232DEE70378722B07D0562BC6
:1041B00005D04B2B03D0442B03D0002070470120A7
:1041C0007047407800F0DF034F2BF8D07738012894
:1041D0008CBF002001207047D0F80031FF2B70B554
:1041E00004460D4606D05A1CC4F80021E55484F854
:1041F000045170BD0026194680F8FF60D0E94232B4
:104200009847D4F8283101221344C4F828313346A2
:10421000C4F80021E55484F8045170BDD0F8103181
:104220009BB1CA685B68002A1B6909DB23B907E0F8
:1042300042B11B69013A1BB119782F29F8D000232C
:1042400018467047DB68184670470122C0F81821ED
:10425000F6E700BF002940D02DE9F041DFF8848067
:104260001F4F05460C4601262378082B13D8082B30
:104270001ED8DFE803F00D1D1D1D1D270D23230093
:10428000172B15D9183BDBB227FA03F3DB070FD541
:104290000020BDE8F0812C2BF2D9323BDBB21B2B86
:1042A00006D806FA03F212EA080FF1D1012B05D065
:1042B000E1682846FFF7CEFF0028EAD12469002CE8
:1042C000D2D1E5E721462846FFF7A8FF0028DFD036
:1042D00003782F2BDCD1BDE8F0810020704700BFB0
:1042E000018010000100E30C2DE9F041044608466E
:1042F0000D460FF05FFE40B3013DD4F800112F18BA
:104300004FF0000809E00B46BD4201F10101C4F87D
:104310000011E65484F8046117D0FF2915F8016FE5
:10432000F1D1D4E9423284F8FF8020469847D4F88E
:10433000283101210B44C4F828310023BD42C4F8C0
:104340000011E65484F80461E7D1BDE8F08100BFB4
:1043500038B5C3681A78542A24D15A1CC2605A78D6
:104360005F2A044620D06E2A1CD0FFF7BDFD411CF9
:1043700018D4E3681A785F2A14D10133D4E90520F0
:104380008242E3600EDA236902EB820C03EB8C00BD
:1043900001320025C0E901556261052203F82C2095
:1043A000C16038BD002038BD02330021E6E700BF00
:1043B0002DE9F04188B00A4604461A4901A80BF0DD
:1043C000AFF801A80FF0F6FD40B301ADD4F800112D
:1043D0002F184FF0000809E00B46BD4201F1010122
:1043E000C4F80011E65484F8046117D0FF2915F8C9
:1043F000016BF1D1D4E9423284F8FF80204698471E
:10440000D4F8283101210B44C4F828310023BD42DF
:10441000C4F80011E65484F80461E7D108B0BDE89F
:10442000F08100BFB452002070B50446FFF75CFD78
:10443000051E46DDE66863689B1B9D423EDCA26864
:1044400073195207E36004D5725D242A04BF013357
:10445000E360092D22DD2A49082230460DF07CFB5D
:1044600030B9337A2E2B2ED05F2B2CD0242B2AD090
:10447000D4E90532934221DA206903EB830200EB91
:10448000820001330022C0E901226361002303702E
:10449000C0E90133C0E90365A06270BDD4E905320B
:1044A00093420BDA206903EB830200EB82000133B5
:1044B0000022C0E901226361002EE7D10020A06242
:1044C00070BD002070BD737A4E2BD1D1E26A636952
:1044D000A1691632521B8B42E262EFDA226903EBCA
:1044E000830081000133636102EB80000023C0E997
:1044F00001335354034A1523C0E90323DFE700BF08
:1045000004560020105600202DE9F041C3681A78A7
:10451000532A31D15A1CC2605A780446A2B39A1C5D
:10452000C2605A785F2A44D0A2F13003D8B2092879
:1045300026D800210DE0303B99421DD8E068027872
:104540001946451C1AB1E56002785F2A3BD0A2F1FA
:104550003003D8B2092801EBC103A2F1410C02EBF0
:104560008303E8D9BCF1190F06D801EBC10302EBB4
:104570008303373B9942E1D900252846BDE8F08105
:10458000A2F141001928D4D9A36803F00803002B35
:1045900014BF0125002500D1B9B93F4B742103F1A7
:1045A000A80001E013F81C1F914215D08342F9D1F5
:1045B000E2E70023226A9A42DED9E26952F82350E8
:1045C0002846BDE8F0810133F4E7E3681B78433BFC
:1045D000012B98BF0D46E0E75E69002E54D0D4E968
:1045E00005208242D3F8188053DA276902EB820C47
:1045F00007EB8C014FF0000EC1E901EE01324FF0E4
:10460000180E626107F82CE0C1E90368A162002D71
:1046100037D0D3E90371E36A82420B44E36236DAAE
:10462000236902EB820003EB800501320026C5E915
:1046300001666261182203F82020C5E90371E3686E
:104640001A78422A99D1A66A0133E3602046FFF71F
:10465000EBFE2A4603464D212046FFF7CDFBE368DB
:104660001A78422A0546EFD0A662002884D0D4E901
:104670000832934280DAE1695A1C41F82300226231
:104680007BE7D3E90171C6E7D4E90520BFE7002540
:10469000D5E70021BAE700BF045B00202DE9F04315
:1046A000C26883B004461046FFF77EFD002866D13D
:1046B00013785A2B31D82F2B5CD9303B2A2B59D861
:1046C000DFE813F08C008C008C008C008C008C00D8
:1046D0008C008C008C008C0058005800580058004A
:1046E000580058005800D6015800D900ED00580075
:1046F000E7006001580058005800580058001802A0
:104700008C00CB00BD005800AF0095016E01BE01CA
:1047100058005800580058008C00613B5FFA83FC39
:10472000BCF1190F26D8C44D012101FA0CF10D403E
:10473000EDB1C24903EB830301EB8301D4E90535F5
:10474000AB4280F2C583266903EB830C06EB8C0534
:104750000133C5E901006361272306F82C30E960C5
:10476000E36A496801320B44E260E36203E0BCF1B2
:10477000140F48D00025284603B0BDE8F08300227E
:1047800001A9204601F0B4FA05460028F2D0E368FA
:104790001B78462B20461ED0FFF780FF286000289C
:1047A000E8D003781F3B012B05D8019AC368C2608B
:1047B0002A6801922B60019D002DDBD0D4E90832DC
:1047C0009342D7DAE1695A1C284641F82350226205
:1047D00003B0BDE8F08300F0FDFBDFE7204601F009
:1047E0006BFD05460190002DC4D0D4E908329342F8
:1047F000C0DAE16941F82350019D5A1C2846226223
:1048000003B0BDE8F0830132E2602046FFF70CFE02
:104810002B46024628212046FFF7EEFA0546019076
:10482000E1E70132E2602046FFF738FF002302464D
:1048300023212046FFF7E0FA05460190D3E7013235
:10484000E2602046FFF72AFF00230246222120468D
:10485000FFF7D2FA05460190C5E70132E260204633
:10486000FFF71CFF0023024624212046FFF7C4FA6D
:1048700005460190B7E70132E2602046FFF70EFFE0
:104880000023024625212046FFF7B6FA054601908F
:10489000A9E7204600F09EFB05460190A3E7531CC4
:1048A000E3605378002B3FF465AF931CE3605378CB
:1048B000463B302B3FF65EAF01A151F823F000BF1D
:1048C0006D19020081150200811502008115020098
:1048D0008115020081150200811502008115020078
:1048E0008115020081150200811502008115020068
:1048F00081150200811502003119020081150200A4
:104900008115020081150200811502008115020047
:104910008115020081150200811502008115020037
:10492000811502008115020081150200051A02009E
:1049300081150200D9190200F31B0200C31B0200FB
:10494000611A020081150200311A0200931B020055
:1049500081150200811502008115020081150200F7
:10496000631B0200811502004B1B0200811502002F
:10497000811502001B1B020031190200EB1A020014
:10498000911A02000132E2602046FFF787FE002301
:10499000024626212046FFF72FFA0546019022E71E
:1049A0002046FFF7D5FCE66801903378492B054691
:1049B0007FF419AF636B002B40F0578200283FF45F
:1049C000D9AED4E908218A42BFF6D4AEE16941F8F4
:1049D0002200013222623278493A012A05D8013692
:1049E000E660204600F00CFE03462A461CE05378A1
:1049F000A3F13002092A05D95F2B03D0413B192BC3
:104A000000F2268200212046FFF77EFDE368019038
:104A10001A78492A05467FF4AEAE0133E36020469A
:104A200000F0EEFD2A46034604212046FFF7E4F994
:104A300005460190D7E600BFFF7BEC037C4B0020CE
:104A40000132E2602046FFF7EFFCE36801901A783C
:104A5000492A054600F0E1812046FFF71FFE2B465C
:104A6000024621212046FFF7C7F905460190BAE624
:104A7000551CE56053785F2B00F0CD81303B092B4E
:104A800000F2D8812B469C460133E3601978303917
:104A90000929F8D9D4E905108142ACEB0202BFF62E
:104AA00069AE276901EB810007EB80064FEA800EB3
:104AB000002001318242C6E9010061617FF75AAEF0
:104AC000C6E9010007F80E00C6E903529CF8012070
:104AD0001D465F2A7FF44EAE0135E5602046FFF7A4
:104AE000DDFD324603462A212046FFF785F90546BB
:104AF000019078E60132E2602046FFF7CFFD0546DF
:104B000000283FF437AE2046FFF7C8FD03460028D3
:104B10003FF430AE2A462B212046FFF76DF90546BB
:104B2000019060E60123256B2363204600F030FEF0
:104B300025630246002344212046FFF75DF9054620
:104B4000019000283FF416AEE3681A78002A3FF47B
:104B500011AE5A1CE2601B78452B7FF40BAE44E685
:104B6000D4E905318B4280F2B581216903EB8300E2
:104B700001EB800501330026C5E9016663612C2342
:104B800001F8203093780195303BDBB2092B94BFBC
:104B9000012333462B8202D82046FFF7A5F9204691
:104BA000FFF77CFDE86000283FF4E4AD2046FFF706
:104BB0009BF9E268137813B1531CE3601378A3F1F7
:104BC0007303B3FA83F35B096B82D4E5D4E905324E
:104BD0009342BFF6CFAD2269C04903EB8305A8001D
:104BE0000133636102EB85050023C5E901331354EA
:104BF0000E23C5E90313BEE5D4E905329342BFF69F
:104C0000B9AD2269B64903EB8305A800013363619E
:104C100002EB85050023C5E9013313540423C5E9DC
:104C20000313A8E5D4E90532934280F26B8122692F
:104C300003EB830102EB810501330020C5E901008C
:104C40006361272302F82130E36AA64AEA6004334D
:104C5000E36290E5D4E90532934280F25381226900
:104C600003EB830102EB810501330020C5E901005C
:104C70006361272302F82130E36A9B4AEA60093323
:104C8000E36278E593785F2B00F01481D4E9053274
:104C90009342BFF66FAD226903EB830102EB8105FE
:104CA00001330020C5E901006361432302F821308C
:104CB0002046FFF719F9E860E3681A785F2A7FF465
:104CC00059AD0133E3602046FFF7E8FC2A4603466E
:104CD0002D212046FFF790F80546019083E5D4E9A1
:104CE0000532934280F20E81226903EB830102EBCD
:104CF000810501330020C5E901006361272302F823
:104D00002130E36A794AEA600733E36233E5D4E9A4
:104D10000532934280F2F680226903EB830102EBB5
:104D2000810501330020C5E901006361272302F8F2
:104D30002130E36A6E4AEA600833E3621BE52046ED
:104D4000FFF7ACFC002302464C212046FFF754F845
:104D50000546019047E5D4E90532934280F2D280BE
:104D6000226903EB830102EB810501330020C5E9D1
:104D700001006361272302F82130E36A5D4AEA609B
:104D80001133E362F7E4D4E90532934280F2BA804A
:104D9000226903EB830102EB810501330020C5E9A1
:104DA00001006361272302F82130E36A524AEA6076
:104DB0000833E362DFE4D4E90532934280F2A28053
:104DC000226903EB830102EB810501330020C5E971
:104DD00001006361272302F82130E36A474AEA6051
:104DE0000A33E362C7E4D4E90532934280F28A8051
:104DF000226903EB830102EB810501330020C5E941
:104E000001006361272302F82130E36A3C4AEA602B
:104E10000933E362AFE400265EE60133E360204637
:104E200000F0EEFB2A46034604212046FEF7E4FF8D
:104E3000054611E60123256B2363204600F0A8FCFC
:104E40002563064600283FF495ACE5682A7840E6DD
:104E5000204601F031FA0546019000283FF48AAC63
:104E60000378182B7FF4C1AC85E4731CE360204603
:104E7000D4F81490D4F82080E76A00F0C1FBE3680E
:104E80001B78492B06D0E660C4F81490C4F8208043
:104E9000E762A8E4002D3FF46DACD4E90813994211
:104EA000BFF668ACE26942F82150013103462A4658
:104EB0002162B9E503320123256BE26023632046BA
:104EC00000F066FC2563054600287FF4F5AE51E44A
:104ED000C368FFDE00231B70FFDE00BF30560020DA
:104EE00028560020C04D0020844D0020D44D0020C5
:104EF000E84D0020104E0020FC4D0020AC4D00205D
:104F0000984D00200023DB68FFDE00BF30B5C2688B
:104F100083B0002301931378002B34D0044601ADF5
:104F20004F2B0CD009D82E2B01D0452B0AD101983C
:104F300048B30369CBB103B030BD522B02D15378D3
:104F4000452BF4D02046FFF7A9FB024600232E2173
:104F50002046C2B1FEF750FF2860A0B1E268137886
:104F600000F11005002BDBD1E1E7C2681178272999
:104F7000E1D1D268117C0929DDD1E16A5268891A30
:104F8000E162C360D7E7002003B030BD70B5C368ED
:104F90001A784A2A05461AD081B12846FFF77EFBC7
:104FA000044690B12846FFF7B1FF034668B1224698
:104FB00028462921BDE87040FEF71EBF28460C4652
:104FC000FFF7A4FF03460028F1D1002070BD013394
:104FD000C360E2E710B50446806810F480200BD16E
:104FE000E26BB2F5006F06D8511CE368E1631978F3
:104FF000462907D0E26310BDE3681A78462A01D03B
:10500000002010BD5A1CE2605A78592A04BF0233AE
:10501000E36001212046FFF7B9FF01462046FEF775
:10502000C1FFE3681A78452A04BF0133E360A3682F
:1050300018BF00205B03DED4E26B013ADAE700BF61
:10504000F8B5C3681F78064677BB4FF0000E3D4D9C
:10505000482100228B1A03EBD37302EB6303180180
:1050600005EB031C2C582078B84206D094BF5A1C7C
:1050700019468A42EED10020F8BD60787045F5D11E
:10508000D6E905329342F6DA326903EB830102EB8B
:10509000810001330024C0E901447361322302F826
:1050A0002130C0F80CC0F8BD5A1CC26093F801E072
:1050B0001F78BEF1000F02D1762FC8D0C5E79A1C29
:1050C000C260762F93F801E01FD1AEF13004E3B255
:1050D000092BBCD8FFF7A8F9D6E905318B42024667
:1050E000C9DA376903EB830107EB8100013300253F
:1050F000C0E9015589007361002ABCD03323C0E99F
:1051000001557B54C0E90342F8BD632F9FD1BEF126
:10511000760F9CD1D0E90C34B3FA83F35B09436377
:10512000FFF7BCFA736B024633B1002335213046DA
:10513000FEF762FE7463F8BD34213046FEF75CFE74
:10514000F8E700BF244E0020F8B5C3681A78A2F132
:1051500030010929044665D9552A6CD038D8442A2B
:105160000FD94C2A0AD10133C360FFF75DF9054618
:1051700020B12046FEF7AAFF00283BD10025284693
:10518000F8BD422AFAD9816A41B10878002840F076
:105190009180E26A08690244E2621A78432A00F0C8
:1051A000C880442A40F084805A78303A052AE5D8ED
:1051B00001A050F822F000BFCF20020027210200FA
:1051C00015210200891F0200212102001B2102007B
:1051D000A2F161011929D1D86F2A056B00F0A080D6
:1051E0002046FFF72DFF2563054618B10378322BC3
:1051F00000F0C680E3681A78422AC0D1A66A01335B
:10520000E3602046FFF710F92A4603464D21204669
:10521000FEF7F2FDE3681A78422A0546EFD0A6624F
:105220002846F8BDFFF700F9E3681A780546422AD8
:10523000E4D02846F8BD5A786C2A00F0C180742A60
:105240009CD1591CC1605A78742A37D19A1CC2600B
:105250009A785F2A00F008816E2A8FD0FEF744FE0C
:105260000130E36800F1FD801A785F2A20D1013314
:10527000D4E905218A42E36080F20081266902EBCD
:10528000820706EB870501320021C5E90111626141
:10529000492206F82720E860D4E90820824280F2FB
:1052A000EA80E16941F82250013222621A78BEE7B1
:1052B0000025BCE718287FF471AF6AE70B4600258C
:1052C000B5E74FF0010ED4E905209F1C8242E7604C
:1052D00080F2C280D4F810C002EB82000CEB800593
:1052E00001320026C5E9016680006261002900F0F4
:1052F000B380C5E9016608220CF8002085F80CE0AF
:1053000029619A783B4692E74FF0030EDBE74FF0B6
:10531000050ED8E74FF0040ED5E74FF0020ED2E7A6
:105320005A786E2A7FF45CAF02330022C3600263B6
:1053300056E75A78492A7FD0A2F1310004283FF677
:105340001DAF303A0233D6B2E360D4E9053293425E
:1053500080F28680276903EB830207EB8205013325
:105360000020C5E9010092006361002978D007237D
:10537000C5E90100BB54E3682E7329611A7856E72A
:10538000C268E36A9168126807330B44E3621378DA
:105390006C2B7FF42FAF5378692B7FF42BAF93786E
:1053A000002B7FF427AF2046FFF73EF82A4603463E
:1053B00037212046FEF720FDE36805461A7836E7D8
:1053C000591CC1605A786C2A7FF478AF0233C360ED
:1053D000FFF79CFDE3680646002842D01A78452A6C
:1053E0007FF466AF5A1CE2605A785F2A49D06E2A71
:1053F0003FF4C4AE2046FEF777FD0130E36830D4B9
:105400001A785F2A7FF454AF01336269A169E360BF
:105410008A4233DA216902EB820701EB8705013208
:105420004FF0000CC5E901CC6261472201F827204A
:10543000C5E903601A78FAE6591CE1609A78A2F18E
:105440003100042813D80333303AE3602046D6B243
:10545000FFF724F9A16A78E79A7800253B46E6E64B
:10546000E3681A780025E2E60333002000E75A7863
:1054700000250B46DBE61A780D46D8E61A7800259B
:10548000D5E602330020C0E7F8B5C26813784C2B8C
:1054900032D1531CC36051785F29044651D05A2938
:1054A00013D15A1CE2605B78472B43D0542B41D078
:1054B0000021204601F04EF8E3681A780646452A96
:1054C0001AD10133E3603046F8BDFFF7E7F806462E
:1054D00090B10378272B12D0E26815786E2D23D077
:1054E0003D21452D59D0134603E0E3601D78452D3D
:1054F0002FD00133002DF8D100263046F8BDC36807
:105500001A7C1AB1E26A5968521AE262254918688F
:105510000CF0B4FC0028DFD1E2681578452D3ED0B0
:105520006E2D01D03D21DEE7531CE36055783E210E
:105530001A46D6E7204600F085FCE36806461A784E
:10554000BDE7931CC36092785A2A18BF0026B6D1D3
:10555000A7E79D1AD4E9050398421CDAD4F810E0B5
:1055600000EB80070EEB87034FEA870C0027013022
:10557000BD42C3E9017760610DDDC3E901770EF833
:105580000C70C3E9032532462046FEF735FCE3687C
:1055900006461A7893E70023F5E70025DAE701329B
:1055A000E260AAE7B852002038B5C26813784C2BE5
:1055B00020D0044608D8493B012B16D80132BDE85B
:1055C0003840C26000F01CB8582B0ED101320123C4
:1055D000056BC260036300F0DBF8E36825631A78AB
:1055E000452A0BD10133E36038BD2046BDE8384081
:1055F000FFF754B8BDE83840FFF746BF002038BD7C
:1056000070B5C368866A1A78452A82B004461FD0EE
:105610000023019301AD09E0FEF7EEFB286000F1E5
:10562000100560B1E3681A78452A0BD02046FFF7D1
:10563000BBFF024600232F212046002AECD1002088
:1056400002B070BD0198A6620133E36002B070BD84
:105650005A1C0023C2602F211A4602B0BDE87040D8
:10566000FEF7CABBF8B5C268147894B306460F4675
:105670000025A4F130034A2B2BD8DFE803F02D2DB1
:105680002D2D2D2D2D2D2D2D2A2A2A2A2A2A2A2A62
:105690002A2D772B2A2A2A682A2A2D5F2A2A2A2AA3
:1056A0002A534B2D2A2A2A2A2A2A2A2A2A2A2A2D0A
:1056B0002D2D2D2D2D2D2D2D2D2D2D2D2D2D2D2D1A
:1056C0002D2D2D2D2D2D2D2D2D00F2681478002C33
:1056D000CFD100252846F8BD3046FFF735FD0346FB
:1056E000002D4ED10546532CEFD0F2681478452C8E
:1056F000F0D0002FEBD0002DEBD0D6E908318B4253
:10570000E7DAF16941F82350013333621478002C51
:10571000AFD1DEE73046FEF71BFE0346002D30D149
:105720001D46E2E701213046FEF7EEFE034645BB8B
:10573000F26814781D46002C9BD1CAE7002DC8D012
:10574000531CF36054781A46002C92D1C1E7002D07
:10575000BFD00132F2603046FFF752FF042103460A
:105760002A463046FEF748FB0546BCE7537803F06F
:10577000DF03542B304606D0FFF7E6FC0346002D2E
:10578000CED00121ECE7FEF789FF0346C6E700BF54
:10579000C26813784C2B00F08980542B00F088806D
:1057A000F0B5732B83B004465AD0662B28D0A3F1F2
:1057B000300109290CD82046FFF7C6FC0546002811
:1057C00070D0E3681A78492A74D0284603B0F0BD37
:1057D0006F2B61D0692B7BD153786C2B47D1023270
:1057E000E2600025117800295CD05378002B59D055
:1057F0004521204600F042FA2A460346312161E065
:105800005378702B33D1931CC3609378542B00F0E2
:1058100048815F2B00F086806E2B43D0FEF764FB3F
:10582000411C3FD4E3681A785F2A3BD16FF00042F5
:1058300001339142E36035D00230D4E9053293421E
:1058400030DA226903EB830102EB81050133002684
:10585000C5E901666361062302F82130E860B4E718
:105860005378722B00F0F880702B00F012812046E4
:10587000FFF7E6FB0546A8B10378322B35D0342B71
:1058800000F09B810ED8332B0CD1C368032B09D8B1
:10589000DFE803F06DCE080853786E2BE7D10232B3
:1058A000C26088E70025284603B0F0BDFFF7ECBDD5
:1058B000FEF74EBD0133E3602046FFF7A1FE2A4606
:1058C00003460421204603B0BDE8F040FEF794BA39
:1058D000742B40F0B28053786C2BC8D10232E26056
:1058E000FEF7DCFEE26805467CE7C168E36A8A6889
:1058F0000E68023A1344E3623378732B0BD172784B
:10590000742A08D1B27832B92046FEF7C7FE2A467B
:1059100003463721D6E7CF68032FC3D8DFE807F067
:105920002706542B0332C260012086E73278702AA2
:1059300000F0C0806D2A00F0BD800027732B40F07E
:10594000B4807378502B40F0B080B378002B40F0D7
:10595000AC802046FFF754FE03462FB11A4639218A
:105960002046FEF749FA03462A463721AAE70023D4
:105970002A463621A6E7712B40F0C4807278752A3A
:1059800040F0C080B278002A40F0BC802046FFF78B
:10599000FFFE06462046FFF7FBFE07462046FFF7C0
:1059A000F7FE034600283FF47DAF3A463C212046EF
:1059B000FEF722FA324603463B212046FEF71CFA48
:1059C0002A4603463A217DE7EB681B685A78632A2A
:1059D00000F00E813378662B00F03381642B40F0A9
:1059E00027817378692B40F02381B378002B40F036
:1059F0001F812046FFF7A8FB07463378632B40F052
:105A0000B48072786C2A40F0B080B278002A40F0FE
:105A1000AC804521204600F031F902461346392179
:105A20003A462046FEF7E8F92A460346382149E778
:105A30002046FFF7ADFE034696E7752B7FF417AFC0
:105A40000132C260FEF7F0FC01902046FFF7D8FD5E
:105A5000019A03463F2135E7931C816BC36093781D
:105A600031B1552B4AD8422B32D8303B092B36D98D
:105A70002046FEF713FE05462046FFF765FBE36868
:105A800019784929024600F0A580134601212A46CB
:105A900018E70232C260FFF77BFE002302464C216A
:105AA00010E70332C2600020C7E62046FFF770FE11
:105AB000034652E7717891427FF43FAFE268117874
:105AC0005F297FF43BAF0132E2603378002735E78E
:105AD000684A433BDBB222FA03F3DB07C8D54FF039
:105AE000FF33A36300212046FFF7BCFDE3681A786B
:105AF000452A0546C0D10133E360BDE7613B192B60
:105B0000B6D8ECE7642B06D17378582B03D1B37861
:105B1000002B3FF43BAF3378662B00F097806E2B61
:105B20007FF4C0AE7378772B02D0612B7FF4BAAECE
:105B30005F21204600F0A2F806462046FEF7AEFDA3
:105B4000E3681A78452A074600F09080702A00F032
:105B50008180692A7FF4A6AE5B786C2B7FF4A2AEBD
:105B60002046FFF715FE03461FE7642B53D17278DA
:105B7000742A50D1B278002A4DD1E3681A78672A86
:105B80005BD0732A02D15B78722B4CD02046FFF792
:105B9000DBFAE3681978492902467FF43FAF013305
:105BA000E36020460192FFF72BFD019A0346042192
:105BB0002046FEF721F9024630E7E3681A785F2AAB
:105BC0007FF436AF0133E3604521204600F056F8FC
:105BD0000346C9E60133E36020460192FFF710FD5A
:105BE000019A034604212046FEF706F902464CE7D7
:105BF0001B78732B0AD0633BDBB20F2B3FF6EAAE68
:105C00001D4A52F82330002B3FF4E4AE2046FEF745
:105C100045FD0746F1E6702B05D17378742B02D150
:105C2000B378002BA9D02046FFF7B2FD0246F5E677
:105C30002046FFF7ADFD0746DFE65B78732BA5D165
:105C4000F1E72046FFF7FCF90746D6E62046FFF7C6
:105C5000F7F99EE65A78692A7FF424AE0233E360AE
:105C60004521204600F00AF803469EE60133E36032
:105C700000239AE601020400002D00202DE9F041E6
:105C8000C2680E46117882B00023B14204460193E7
:105C900024D0D0F8308001AD012709E0FEF7ACF840
:105CA000286000F1100578B1E3681A78B2420FD08D
:105CB00027632046FFF76CFD024600232E21204675
:105CC000C4F83080002AE9D1002002B0BDE8F0819C
:105CD00001980133E36002B0BDE8F0810132C26097
:105CE0002E211A4602B0BDE8F041FEF785B800BF8C
:105CF0002DE9F04F0F46C168B2F1000983B00A7870
:105D0000044615BF4FF01E0A4FF01B0A4FF01D0846
:105D10004FF01A0814BF1C2619263D464FF0010B00
:105D20001BE0562A33D04B2A37D04B7853B38B1C09
:105D3000E3604B78782B4FD06F2B34D1E36A093373
:105D4000E3625021002300222046FEF755F8286028
:105D5000C0B1E1680A7800F10C050846FEF724FAA4
:105D600000283FD04B1C722AE360DAD1E36A093382
:105D7000E3623146002300222046FEF73DF828600A
:105D80000028E6D10025284603B0BDE8F08FE36A7D
:105D90000933E36241460023D5E7E36A0633E36251
:105DA00051460023CFE74F2B38D1E36A0933E36232
:105DB0002046236BC4F830B00193FFF7E9FC019B48
:105DC000236303460028DDD0E26811784529D9D144
:105DD0000132E2605021B6E7E36A1133E3624E21FB
:105DE0000023B0E7B9F1000FCDD1462ACBD1BD4297
:105DF000C9D01D201E211C2204E0192B0CD00C3709
:105E0000BD42C0D03F683B781A2B03D01B2BF4D186
:105E10003970F4E73870F2E73A70F0E7772BB1D1D8
:105E2000E36A0633E3622046FFF770F80346002872
:105E3000A8D0E26811784529A4D10132E26051214D
:105E400081E700BF2DE9F041C16AC36801F1140286
:105E5000C2621A78542A82B0044675D0472A28D1E3
:105E60005A1CC2605A7822B39A1CC2605A78562AC9
:105E700023D8402A1DD9413A152A1AD8DFE812F052
:105E80001D01190019001900190019001900190045
:105E9000190019001900190019001900190019003A
:105EA0001900FF001900E9001900DE00E368023361
:105EB000E360002002B0BDE8F081722AF9D1FEF75C
:105EC00013F80128F5DDE3681A78002AF1D05E1C8A
:105ED000E6601B785F2BECD10022451E17464FF081
:105EE00042083378002BE4D0242B40F09F81737854
:105EF000532B00F0BF815F2B00F0BA81242BD8D147
:105F00001946D4E905039842D0DA266900EB800CE3
:105F100006EB8C030130C3E90177606106F82C8041
:105F2000E668D960023D0236E660002A00F09E81F4
:105F300041212046FDF760FF02460028B9D0002D20
:105F4000CFDC002340217EE05A1CC2605A78002A30
:105F5000AFD09A1CC2605B78413B352BA9D801A217
:105F600052F823F0372F0200BF2C0200032F02004B
:105F7000BF2C0200BF2C0200432F0200BF2C0200E6
:105F8000A72F02002130020015300200BF2C0200B2
:105F9000BF2C0200BF2C0200BF2C0200BF2C02004D
:105FA000BF2C0200BF2C0200BF2C02002D300200CB
:105FB000B32F0200BF2C0200C32F0200D32F020018
:105FC000BF2C0200BF2C0200BF2C0200BF2C02001D
:105FD000BF2C0200BF2C0200BF2C0200BF2C02000D
:105FE000BF2C0200BF2C0200BF2C0200DF2F0200DA
:105FF000BF2C0200BF2C0200BF2C0200BF2C0200ED
:106000004F2F0200BF2C0200BF2C0200BF2C020049
:10601000BF2C0200BF2C0200BF2C0200BF2C0200CC
:10602000BF2C0200BF2C0200BF2C0200BF2C0200BC
:10603000BF2C0200BF2C02007B2F020000F03CF9B5
:10604000002302461321204602B0BDE8F041FDF7CF
:10605000D3BE9A78002A00F00F81DA1CC2609A78C9
:10606000DB786E2A3AD0472B02D0542B40F00481C3
:106070002046FFF7E7FE024600234A21E3E700F04F
:106080001BF9D4E905139942024680F2FF80019082
:10609000206901EB810600EB86050023C5E9013389
:1060A00001314323616100F826302046FDF71CFFD3
:1060B000019AE8602B461621C5E79B78472B01D053
:1060C000542B06D12046FFF7BDFE024600231721C0
:1060D000B9E7002100F03EFA0246F7E7472B00F04F
:1060E000E180542B00F0DE80002100F033FA0246FC
:1060F00000234B21A7E7FEF7D1FA05462046FDF71E
:10610000F3FE0028FFF6D5AEE3681A785F2A7FF425
:10611000D0AE0133E3602046FEF7C0FAE16A0531F4
:10612000E16202462B460B218DE7FFF73DFA002383
:106130000246302187E7FEF7B1FA002302460E211E
:1061400081E76821FDF70AFF00283FF4B2AEE3685B
:106150001B78472B00F0A180542B00F09E8000217B
:10616000204600F0F7F9024600230F216BE7762165
:10617000FDF7F4FE00283FF49CAEE3681B78472B44
:1061800000F08680542B00F083800021204600F030
:10619000E1F902460023102155E700F08DF80023B5
:1061A000024614214FE70A31C162FEF777FA002355
:1061B00002460A2147E70F31C162FEF76FFA00235A
:1061C000024609213FE700F077F800230246152137
:1061D00039E70021FDF7C2FE00283FF46AAE002136
:1061E0002046FDF7BBFE00283FF463AEE3681B7852
:1061F000472B5CD0542B5AD00021204600F0AAF93E
:106200000246002311211EE7FEF748FA002302464A
:10621000122118E7FEF742FA002302460C2112E78A
:10622000FEF73CFA002302460D210CE7B44600219C
:1062300004E01CF8013F23B1242B02D00131A94214
:10624000F7DBD4E9053083421CDA206903EB830CC9
:106250000133636100EB8C03C3E9017700F82C7014
:10626000C3E90361E6686D1A0E445DE61A4666E608
:106270002E2146E62F2144E60021204600F06AF94F
:106280000246F9E6E3680B44E36012E6002511E7F5
:106290002046FFF7D7FD02467CE72046FFF7D2FDF8
:1062A000024661E72046FFF7CDFD024620E7204683
:1062B000FFF7C8FD0246A4E7F0B5C26813784E3B6D
:1062C00083B004460C2B08D8DFE803F0310707073A
:1062D00007170712070707075500FEF735FFE368A2
:1062E0001A78492A054600F0D280284603B0F0BD4E
:1062F00003B0BDE8F040FEF727BF5378742B00F0E1
:106300008E800021FEF700F9E3681A78492A0546D5
:10631000EBD10133E3602046FFF772F903462A46CA
:106320000421204603B0BDE8F040FDF765BD013211
:10633000C26001A90122FFF7DBFC0546002800F03E
:10634000B78000212046FDF72DFE0121064620469C
:10635000FFF788F92860002800F0AA8016B1019B99
:10636000F3600196E3681A78452A40F0A180013372
:10637000019DE360B9E7531CC3605378472B02D0FB
:10638000542B40F099802046FFF75CFD0546002D18
:1063900000F08E80E3681A78452A40F089805A1C04
:1063A000E2605A78732A00F0AD80642A00F0898098
:1063B0002046FFF781FF034628B30278472A22D000
:1063C000492A20D01F464FF0FF362046FDF77EFEBB
:1063D00000286DD0731C08BF3B4614D0D4E90523B8
:1063E0009A4280F2B080216902EB820001EB8003C7
:1063F00001324FF0000CC3E901CC6261482201F880
:106400002020C3E903762A78032A05D12A69117866
:10641000292904BF0021D1602A46022181E7D0E961
:10642000053102328B42C26080F28880026903EB40
:106430008305A9000133436102EB85050023C5E90B
:1064400001335354414A0323C5E903232046FEF791
:106450007BFE2A46034601212046FDF7CDFCE26A79
:10646000E3680332E2621A78492A05467FF43DAFB9
:10647000F0B1D4E908218A421ADAE16941F8220030
:10648000013222621A78493A012A0FD841E778B1DD
:10649000D4E908218A420BDAE16941F8220001328D
:1064A00022621A78493A012A7FF633AF002336E791
:1064B0000025284603B0F0BD002100F04BF805464A
:1064C00065E79A1CE2609A785F2A39D06E2AEFD08D
:1064D0002046FDF709FD461CEAD4E3681A785F2AD6
:1064E000E6D10133E3602046FFF7E6FE07460028C9
:1064F0003FF474AF3B78472B3FF470AF492B3FF428
:106500006DAF62E70233E3602046FDF7DFFD002850
:10651000CED0D4E905239A4215DA216902EB820331
:1065200098000132626101EB83030022C3E901227A
:106530000A5407490E22C3E9031264E7002585E7E0
:1065400003330026CEE700235DE700BFF4520020AE
:10655000E452002070B505460E46FFF7ADFE00B3CD
:1065600004460EB3AB68DB071ED423784E2BA3F191
:106570001C01A3F150023AD037D8042937D9022B95
:1065800010D123696BB11A784E2AA2F11C00A2F136
:10659000500102D03DD8042804D8DB682361002BC9
:1065A000F1D10024204670BDEB681B78002BF9D098
:1065B000452BF7D021460B78042B2DD01ED8022B6B
:1065C0001AD109690029F6D12846FEF7DFFC002818
:1065D000E7D016B92378022B32D00346224628464C
:1065E0000321BDE87040FDF707BC012ADAD8E46852
:1065F000BBE71C3B042B08D90021E5E74E2BA3F198
:10660000500202D0F5D9012AF6D8C9680029D2D1A2
:10661000DAE70129C6D8C0E7CB685BB11978082949
:1066200001F1FF3208D80629E6D8012A02D81B69F1
:10663000002BF3D10121C7E7353918BF0121C3E78A
:106640000378292B08BFC660C7E700BF2DE9F04FCC
:10665000044695B0002A66D0D0F81851002D65D1B7
:1066600017781646512F5ED8DFE817F05C091B013A
:106670001B01EE049808DE024A0497008B00F9081B
:10668000D208A603B80191016A0147072007F9065D
:10669000E307BC0795076E077F032304F8039900FF
:1066A0009900990063006300630063006300630066
:1066B0006300C500C5006300630087098300C80448
:1066C0008D06AF006B06AF00E600E600580334030A
:1066D0000A0331085D000A0863064606EB055D0003
:1066E00020095D005D002A012A0155045E08580852
:1066F000BA0478044F05C4059D0576055D00A40223
:106700007D0256020A02DF016300CD0363006300CD
:10671000D4F824110029C1F22584FDF7FBFC0246C0
:10672000002841F01F840123C4F8183115B0BDE8DA
:10673000F08F0022D4F814310493D4F81031079369
:1067400004ABC4F81431002305960693002A01F027
:10675000E6871121204601F0F3FF069B002B01F094
:10676000E982049BC4F81431002DDFD0C4F81081F5
:10677000DCE7F2681121204615B0BDE8F04F01F0CA
:10678000DFBFD0F80011FF2901F05F854A1C7E238E
:10679000C4F80021635484F804313269EAE7D0F880
:1067A00014C1BCF1000F0ED06346996841B95A6814
:1067B0001278A2F11900022801F2EF849742D8D092
:1067C0001B68002BF1D1F2682BE0D0E9443104AA18
:1067D000C0F814210022CDE9041606921121326975
:1067E000079301F0ADFF069B002B01F0C384049BCF
:1067F000C4F814319AE7D268D0F820511378002DEC
:1068000041F07083052B01F0D2851046232B01F057
:10681000D8829F4201F0D582242B01F00A86D4F859
:1068200014C1D4F81031079304ABC4F81431002319
:10683000CDE904C606938CE7D26812B1112101F0AC
:106840007FFF3369002B3FF471AFD4F80051FD2D69
:1068500001F2A784DFF884832C2708F1010A4FF0A6
:10686000000929460BE00B460131D045C4F8001160
:10687000E75484F8047101F0648218F8017FFF295D
:10688000F1D1D4F80831D4F80C2184F8FF902046D7
:106890009847D4F828310133C4F828310121002366
:1068A000E3E7D268112101F04BFFC7492046FDF70D
:1068B0001BFD37693B78482B01F08B803A4659E73E
:1068C000D2681378272B41F05A83D3681D7C062D9C
:1068D00001F27D82002D41F01C85D4F80011FF29C2
:1068E00001F0F0844B1CC4F8003128236354204687
:1068F000112184F8043101F023FFD4F80011FF299D
:1069000001F0F7844B1CC4F800312923635484F848
:10691000043133783E2B01F0E684082D7FF43DAF3F
:106920005B212046FDF758FC11213269204601F019
:1069300007FF5D21204615B0BDE8F04FFDF74CBCC8
:10694000A24FD0F8001107F10F0974254FF000088D
:106950000BE00B4601314F45C4F80011E55484F8B3
:1069600004513FF406AF17F8015FFF29F1D1D4F8C5
:106970000831D4F80C2184F8FF8020469847D4F8D9
:1069800028310133C4F8283101210023E3E7904F77
:10699000D0F8001107F1110974254FF000080BE041
:1069A0000B460131B945C4F80011E55484F804518F
:1069B0003FF4DFAE17F8015FFF29F1D1D4F80831B9
:1069C000D4F80C2184F8FF8020469847D4F8283169
:1069D0000133C4F8283101210023E3E77D4FD0F8CB
:1069E000001107F10C0974254FF000080BE00B466D
:1069F00001314F45C4F80011E55484F804513FF4C7
:106A0000B8AE17F8015FFF29F1D1D4F80831D4F8F6
:106A10000C2184F8FF8020469847D4F828310133B0
:106A2000C4F8283101210023E3E76B4FD26811211C
:106A300001F086FE07F10409D4F800115B254FF040
:106A400000080BE00B460131B945C4F80011E554CC
:106A500084F8045100F0F38717F8015FFF29F1D1A2
:106A6000D4F80831D4F80C2184F8FF8020469847E8
:106A7000D4F828310133C4F8283101210023E3E799
:106A8000D2F80CA05146FDF7E5FB4FF0000810B915
:106A900001F020BDC84603782F2B08F1010941F011
:106AA0008781C368002B01F0838100690028F1D140
:106AB00003E001354D45BFF639AEC4F824515246C6
:106AC0001121204601F03CFEA845F2DD434FD4F8E9
:106AD000001107F1010B2C260AE00B460131BB45E2
:106AE000C4F80011E65484F80461E2D017F8016F8D
:106AF000FF29F2D14FF00002D4F8083184F8FF20CA
:106B00002046D4F80C219847D4F828310133C4F832
:106B1000283101210023E2E7314FD0F8001107F1BD
:106B200019096E254FF000080BE00B460131B945FD
:106B3000C4F80011E55484F804513FF41AAE17F874
:106B4000015FFF29F1D1D4F80831D4F80C2184F881
:106B5000FF8020469847D4F828310133C4F8283103
:106B600001210023E3E71F4FD0F8001107F11509B9
:106B700074254FF000080BE00B460131B945C4F80D
:106B80000011E55484F804513FF4F3AD17F8015FA8
:106B9000FF29F1D1D4F80831D4F80C2184F8FF8012
:106BA00020469847D4F828310133C4F82831012110
:106BB0000023E3E70C4FD0F8001107F10D097B2506
:106BC0004FF000081EE000BF00530020A05300203B
:106BD0008C5300207C530020F8520020A054002049
:106BE0006C54002070540020745500200B46013175
:106BF0004F45C4F80011E55484F8045100F039877A
:106C000017F8015FFF29F1D1D4F80831D4F80C212D
:106C100084F8FF8020469847D4F828310133C4F81F
:106C2000283101210023E3E7D0F82031002B01F0C7
:106C30008E81D34FD0F8001107F1040961254FF080
:106C400000080BE00B460131B945C4F80011E554CA
:106C500084F8045101F04A8117F8015FFF29F1D14E
:106C6000D4F80831D4F80C2184F8FF8020469847E6
:106C7000D4F828310133C4F8283101210023E3E797
:106C8000D768C04ED7F80880D0F8001106F1070A7F
:106C90006F254FF000090BE00B460131B245C4F8F7
:106CA0000011E55484F8045100F0268716F8015FBE
:106CB000FF29F1D1D4F80831D4F80C2184F8FF90E1
:106CC00020469847D4F828310133C4F828310121EF
:106CD0000023E3E7D2E9032512B1112101F030FDD1
:106CE000D4F80011FF2901F06D824A1C7B23C4F8FF
:106CF0000021204663542A46112184F8043101F012
:106D00001FFDD4F80011FF2900F0E6864A1C7D2300
:106D1000C4F80021635484F8043107E59A4FD0F891
:106D2000001107F11D0974254FF000080BE00B4618
:106D30000131B945C4F80011E55484F804513FF419
:106D400018AD17F8015FFF29F1D1D4F80831D4F854
:106D50000C2184F8FF8020469847D4F8283101336D
:106D6000C4F8283101210023E3E7884FD0F800114F
:106D700007F1140972254FF000080BE00B460131B2
:106D8000B945C4F80011E55484F8045100F0F486C4
:106D900017F8015FFF29F1D1D4F80831D4F80C219C
:106DA00084F8FF8020469847D4F828310133C4F88E
:106DB000283101210023E3E7754FD0F8001107F1D6
:106DC000170963254FF000080BE00B4601314F45D2
:106DD000C4F80011E55484F8045100F07C8717F8DA
:106DE000015FFF29F1D1D4F80831D4F80C2184F8DF
:106DF000FF8020469847D4F828310133C4F8283161
:106E000001210023E3E7634FD268112101F098FCD0
:106E100007F10709D4F8001120254FF000080BE016
:106E20000B460131B945C4F80011E55484F804510A
:106E300000F0058617F8015FFF29F1D1D4F8083179
:106E4000D4F80C2184F8FF8020469847D4F82831E4
:106E50000133C4F8283101210023E3E7D2E90353C9
:106E6000002B3FF463AC2B44D0F80011013D5F1EB2
:106E70004FF0000809E00B460131AF42C4F80011A1
:106E8000E65484F804613FF451ACFF2915F8016F12
:106E9000F1D1D4F80831D4F80C2184F8FF802046D1
:106EA0009847D4F828310133C4F828310121002350
:106EB000E3E7394FD0F8001107F1100968254FF0CA
:106EC00000080BE00B460131B945C4F80011E55448
:106ED00084F804513FF44DAC17F8015FFF29F1D15C
:106EE000D4F80831D4F80C2184F8FF802046984764
:106EF000D4F828310133C4F8283101210023E3E715
:106F0000D568002D40F0A1872449204615B0BDE882
:106F1000F04FFDF7E9B91121D26801F011FCD4F866
:106F20000011FF2901F06E814A1C2823C4F80021BA
:106F3000635484F8043132691121204601F000FCC9
:106F4000D4F80011FF2901F02C804A1C2923C4F831
:106F50000021635484F80431FFF7E8BBD26810497C
:106F600004A808F0DDFA04A80DF024F800283FF486
:106F7000DDAB04ADD4F800112F184FF000081BE072
:106F800018530020A4540020205300204054002017
:106F900058530020845500205854002014550020D8
:106FA000B45200200B460131AF42C4F80011E65440
:106FB00084F804613FF4BAABFF2915F8016BF1D1F5
:106FC000D4F80831D4F80C2184F8FF802046984783
:106FD000D4F828310133C4F8283101210023E3E734
:106FE000D0F80011157BFF2901F01E814B1CC4F85D
:106FF0000031655484F80451FFF798BBD268CAB1D8
:10700000D0F8141104ABC0F814310023CDE90416F4
:1070100006931121D0F81031079301F091FB069BE4
:10702000049AC4F81421002B7FF480AB2021204661
:10703000FDF7D2F8D4F8143132461121204615B0AC
:10704000BDE8F04F01F0C6BED768D0F81491002219
:10705000C0F81421002F3FF466AB0DF11008D0F8F2
:1070600010C1434611469646C3E90027C3E902EC26
:107070003A784E2A9A46A2F11C0BA2F1500001F177
:10708000010500F0888600F2ED84BBF1040F40F2A8
:107090008286022AC4F8143114D13F693A78482A0A
:1070A00001F0508208EB01114FF0000A4E2AA2F1C4
:1070B0005003A2F11C0000F0878700F282870428A9
:1070C00040F28287042A04D1CDE902C702ABC4F89A
:1070D000103132691121204601F032FB3B78042B3C
:1070E00002D1029BC4F8103108EB0518202758F88C
:1070F000086C013D002E00F03B86A8F11008002D21
:10710000F5D1C4F81491FFF711BBAB4FD0F80011C3
:1071100007F1090964254FF000080BE00B46013127
:107120004F45C4F80011E55484F8045100F0FF8580
:1071300017F8015FFF29F1D1D4F80831D4F80C21F8
:1071400084F8FF8020469847D4F828310133C4F8EA
:10715000283101210023E3E7984FD0F8001107F10F
:1071600007097B254FF000080BE00B4601314F4526
:10717000C4F80011E55484F8045100F0468517F86E
:10718000015FFF29F1D1D4F80831D4F80C2184F83B
:10719000FF8020469847D4F828310133C4F82831BD
:1071A00001210023E3E7864FD0F8001107F11B0906
:1071B00067254FF000080BE00B460131B945C4F8D4
:1071C0000011E55484F804513FF4D3AA17F8015F85
:1071D000FF29F1D1D4F80831D4F80C2184F8FF80CC
:1071E00020469847D4F828310133C4F828310121CA
:1071F0000023E3E7734FD0F8001107F11C0967255E
:107200004FF000080BE00B460131B945C4F80011FE
:10721000E55484F804513FF4ACAA17F8015FFF2944
:10722000F1D1D4F80831D4F80C2184F8FF8020463D
:107230009847D4F828310133C4F8283101210023BC
:10724000E3E713691B78392B7FF46DAAD268D36802
:107250001B685978632901F081803246112120464C
:1072600002F016FB00287FF461AA32461121204665
:1072700002F038FC00287FF459AAF3681A78322A01
:1072800001F0DD81DB68504918680AF0F7FD3369C9
:1072900020B9DA681178032901F00082DA68112137
:1072A000204602F087FAF5684849EB681F683846BF
:1072B0000AF0E4FD002801F0E181434938460AF074
:1072C000DDFD002841F0F881336911211A6920465B
:1072D00002F070FAF3681A78322A7FF427AADB6882
:1072E0009A68012A7FF422AA5B681B783E2B7FF400
:1072F0001DAA2921FFF71EBBD2E903753B78322B6B
:1073000000F0B186342B41F00D822821FCF764FF98
:1073100020461121FA6801F013FA29212046FCF7D2
:107320005BFF2A461121204615B0BDE8F04F02F060
:1073300041BAD2681121204615B0BDE8F04F02F0E5
:107340003DB8B2F91230002B40F01B87F268204B99
:10735000D16899420FD01121204601F0F1F9D4F8FB
:107360000011FF2901F0BE8020234A1CC4F800212F
:10737000635484F80431B6F91080B8F1000F00F0BE
:1073800040851449C1E5D0F814C1D0F810310793F5
:107390000DF110080023E146CDF810C0C0F81481AB
:1073A00005920693BCF1000F01F03D81012765466F
:1073B000BE469446464628E0045500206455002009
:1073C0004455002024550020C0540020C4540020FF
:1073D0001C4C002090540020AB68A3B9032F3FF64B
:1073E000A2A914AB03EB071B95E80F00ABF1400A11
:1073F0008AE80F004BF8406C08EB0716C4F81461DC
:107400000137C5F808E02D6825B16B681B78193B7A
:10741000022BE1D9DCF8102011212046664601F04C
:107420008FF9069BC4F81491002B7FF47FA9012FDC
:107430000CD008EB071858F80C2C013F11212046FE
:1074400001F0ACF9012FA8F11008F4D1D4F81431EF
:1074500032461121204601F0CDFEFFF767B9C64F35
:10746000D0F8001107F1190963254FF000080BE06F
:107470000B460131B945C4F80011E55484F80451B4
:107480003FF477A917F8015FFF29F1D1D4F808314B
:10749000D4F80C2184F8FF8020469847D4F828318E
:1074A0000133C4F8283101210023E3E7B34FD0F8BA
:1074B000001107F1100976254FF000080BE00B468C
:1074C0000131B945C4F80011E55484F804513FF482
:1074D00050A917F8015FFF29F1D1D4F80831D4F889
:1074E0000C2184F8FF8020469847D4F828310133D6
:1074F000C4F8283101210023E3E7A14FD0F800119F
:1075000007F114096E254FF000080BE00B4601311E
:10751000B945C4F80011E55484F804513FF429A991
:1075200017F8015FFF29F1D1D4F80831D4F80C2104
:1075300084F8FF8020469847D4F828310133C4F8F6
:10754000283101210023E3E78E4FD0F8001107F125
:10755000180954254FF000080BE00B460131B945DE
:10756000C4F80011E55484F804513FF402A917F857
:10757000015FFF29F1D1D4F80831D4F80C2184F847
:10758000FF8020469847D4F828310133C4F82831C9
:1075900001210023E3E77C4FD0F8001107F1150922
:1075A00054254FF000080BE00B460131B945C4F8F3
:1075B0000011E55484F804513FF4DBA817F8015F8B
:1075C000FF29F1D1D4F80831D4F80C2184F8FF80D8
:1075D00020469847D4F828310133C4F828310121D6
:1075E0000023E3E7694FD0F8001107F1120967257E
:1075F0004FF000080BE00B460131B945C4F800110B
:10760000E55484F804513FF4B4A817F8015FFF294A
:10761000F1D1D4F80831D4F80C2184F8FF80204649
:107620009847D4F828310133C4F8283101210023C8
:10763000E3E7574FD0F8001107F10E096A254FF024
:1076400000080BE00B460131B945C4F80011E554C0
:1076500084F804513FF48DA817F8015FFF29F1D198
:10766000D4F80831D4F80C2184F8FF8020469847DC
:10767000D4F828310133C4F8283101210023E3E78D
:10768000444FD0F8001107F108096F254FF00008AA
:107690000BE00B460131B945C4F80011E55484F8FC
:1076A000045100F0958217F8015FFF29F1D1D4F859
:1076B0000831D4F80C2184F8FF8020469847D4F88C
:1076C00028310133C4F8283101210023E3E7314F89
:1076D000D0F8001107F108096F254FF000080BE002
:1076E0000B460131B945C4F80011E55484F8045142
:1076F0003FF453A817F8015FFF29F1D1D4F80831FE
:10770000D4F80C2184F8FF8020469847D4F828311B
:107710000133C4F8283101210023E3E7D2681121A5
:1077200001F00EF8FFF739B81B4FD0F8001107F140
:107730000D096A254FF000080BE00B460131B945F1
:10774000C4F80011E55484F804513FF412A817F866
:10775000015FFF29F1D1D4F80831D4F80C2184F865
:10776000FF8020469847D4F828310133C4F82831E7
:1077700001210023E3E700BFCC530020B8530020D1
:10778000B4530020245400200C540020F85300204F
:10779000E8530020B0540020F45400200023D0F817
:1077A0001481D0F84871C4F848211121C0F814316F
:1077B000D26800F0C5FF94F804313C2B00F07C85C2
:1077C000D4F80011FF2900F067854B1CC4F8003184
:1077D0003C23635484F8043132691121204600F0BF
:1077E000AFFF94F804313E2B00F05085D4F800111F
:1077F000FF2900F03B854B1CC4F800313E23635445
:1078000084F80431C4F81481C4F84871FEF78EBFBF
:10781000C44FD0F8001107F1070956254FF00008B2
:107820000BE00B4601314F45C4F80011E55484F8D4
:1078300004513EF49EAF17F8015FFF29F1D1D4F84F
:107840000831D4F80C2184F8FF8020469847D4F8FA
:1078500028310133C4F8283101210023E3E7B24F76
:10786000D0F8001107F10A0976254FF000080BE067
:107870000B460131B945C4F80011E55484F80451B0
:107880003EF477AF17F8015FFF29F1D1D4F8083142
:10789000D4F80C2184F8FF8020469847D4F828318A
:1078A0000133C4F8283101210023E3E713691A7872
:1078B0003B2A7EF438AF1B691B783C2B7EF433AF38
:1078C0003246112101F0E4FF00287EF42FAF32464A
:1078D0001121204602F006F900287EF427AFD6E9F0
:1078E0000383D3E90363D8F80C2090491068D3E9E7
:1078F00003750AF0C3FA002840F0E58632462046B8
:10790000112101F057FF42462046112101F056FD9A
:1079100020463A46112101F04DFF85492046FCF7EB
:10792000E3FCFEE4D2E90353002B3EF4FFAE2B440C
:10793000D0F80011013D5F1E4FF0000809E00B4632
:107940000131AF42C4F80011E65484F804613EF4FA
:10795000EDAEFF2915F8016FF1D1D4F80831D4F854
:107960000C2184F8FF8020469847D4F82831013351
:10797000C4F8283101210023E3E7D268D2E900539B
:10798000002B3EF4D3AE2B44D0F80011013D5F1E16
:107990004FF0000809E00B460131AF42C4F8001176
:1079A000E65484F804613EF4C1AEFF2915F8016F76
:1079B000F1D1D4F80831D4F80C2184F8FF802046A6
:1079C0009847D4F828310133C4F828310121002325
:1079D000E3E758492046FCF787FC3A6956490132EB
:1079E00004A807F09DFD04A80CF0E4FA002800F0BC
:1079F000FB8304ADD4F8001105EB00094FF000083B
:107A000009E00B460131A945C4F80011E65484F899
:107A1000046100F0E983FF2915F8016BF1D1D4F876
:107A20000831D4F80C2184F8FF8020469847D4F818
:107A300028310133C4F8283101210023E3E7112163
:107A40003269204600F07CFED4F80011FF2900F0D6
:107A500099824A1C5D23C4F80021635484F80431E0
:107A6000FEF764BE012840F29681C4F81431FFF796
:107A700030BBF2683049013204A807F051FD04A878
:107A80000CF098FA18B304ADD4F800112F184FF089
:107A9000000808E00B460131AF42C4F80011E6547B
:107AA00084F8046115D0FF2915F8016BF2D1D4F8E0
:107AB0000831D4F80C2184F8FF8020469847D4F888
:107AC00028310133C4F8283101210023E4E7D4F838
:107AD0000011FF297FF41AA90025D4E9423284F865
:107AE000FF5020469847D4F8283101221344C4F8A7
:107AF00028312946FFF70BB97D682B78613B192B9C
:107B000040F22D8308F1FF37EB5D202B18BF47466D
:107B1000002F3EF40BAE013DD4F800112F444FF07E
:107B2000000815E04C53002040530020C8540020AA
:107B3000CC54002004530020B45200200B460131E5
:107B4000AF42C4F80011E65484F804613EF4EEAD8F
:107B5000FF2915F8016FF1D1D4F80831D4F80C21C0
:107B600084F8FF8020469847D4F828310133C4F8C0
:107B7000283101210023E3E7CC4F3269112120464F
:107B800000F0DEFD07F10409D4F8001120254FF0C4
:107B900000080BE00B460131B945C4F80011E5546B
:107BA00084F804513EF4E5AD17F8015FFF29F1D1E7
:107BB000D4F80831D4F80C2184F8FF802046984787
:107BC000D4F828310133C4F8283101210023E3E738
:107BD000D4F8483133B1D4F81011049104AAC4F890
:107BE00010210593F2681378042B00F0078211210D
:107BF000204600F0A5FDD4F84831002B3EF496ADA8
:107C0000049BC4F81031FEF791BDD4F82031F2681E
:107C1000A74F0133C4F820311121204600F090FD18
:107C2000D4F82031D4F80011013BC4F8203107F119
:107C3000010929254FF000080AE00B4601314F45A4
:107C4000C4F80011E55484F8045113D017F8015F0B
:107C5000FF29F2D1D4F80831D4F80C2184F8FF8040
:107C600020469847D4F828310133C4F8283101213F
:107C70000023E4E732698F49013204A807F050FC81
:107C800004A80CF097F900283FF421AF04ADD4F814
:107C900000112F184FF0000809E00B460131BD42DA
:107CA000C4F80011E65484F804613FF412AFFF29D0
:107CB00015F8016BF1D1D4F80831D4F80C2184F80F
:107CC000FF8020469847D4F828310133C4F8283182
:107CD00001210023E3E7784FF2681121204600F0EC
:107CE0002FFD07F10309D4F800112D254FF00008EE
:107CF0000BE00B460131B945C4F80011E55484F896
:107D000004513EF44AAD17F8015FFF29F1D1D4F8D0
:107D10000831D4F80C2184F8FF8020469847D4F825
:107D200028310133C4F8283101210023E3E7F26848
:107D3000FFF702B932461121204600F02FFDFEF771
:107D400010BD3269D4F828610D462046112100F09B
:107D5000F7FCD4F82831B3427EF4E8ACD4F8003113
:107D60009D427EF4E3AC023DC4F80051FEF7DEBC58
:107D7000D4F80011FF2900F05F834B1CC4F80031D8
:107D800058F80C2C6754204684F80471112100F037
:107D900005FDFFF7B2B9FF685246002F00F0AC8432
:107DA000042D03F1100300F0F1812946FFF75CB9BF
:107DB000B8F1000F3EF4BAACC14608F1FF38FEF747
:107DC0007CBED4F814C1C2680646FEF72ABD072D52
:107DD0007EF483AD3369197800297EF47EAD19698C
:107DE00001297EF47AAD3D2F7EF477ADDB681B78F8
:107DF000302B00F09D84312B7EF46FAD2F49FFF7BF
:107E000084B82F4ED4F80011771D5F250BE00B4688
:107E10000131B742C4F80011E55484F804513EF42E
:107E200085AC16F8015FFF29F1D1D4F80831D4F8F8
:107E30000C2184F8FF8020469847D4F8283101337C
:107E4000C4F8283101210023E3E71E49FCF74CFA6E
:107E500018492A4604A807F063FB04A80CF0AAF806
:107E600090B304ADD4F800112F184FF0000808E0CB
:107E70000B460131BD42C4F80011E65484F8046198
:107E800024D0FF2915F8016BF2D1D4F80831D4F8C9
:107E90000C2184F8FF8020469847D4F8283101331C
:107EA000C4F8283101210023E4E700BF3854002042
:107EB00070550020B452002074530020EC54002070
:107EC000985400201C550020D4F80011FF2900F020
:107ED000F3827D234A1CC4F80021635484F80431E2
:107EE000FEF724BC10460025FEF790BCF268C2499C
:107EF000013204A807F014FB04A80CF05BF800287A
:107F00003EF414AC04ADD4F800112F184FF0000863
:107F100009E00B460131BD42C4F80011E65484F873
:107F200004613EF403ACFF2915F8016BF1D1D4F8DC
:107F30000831D4F80C2184F8FF8020469847D4F803
:107F400028310133C4F8283101210023E3E7114629
:107F5000FCF764F9024600283EF4E5AB03782F2BCA
:107F60003EF4D6ABD4F810512B68C4F8103111216F
:107F7000204600F0E5FBC4F81051FEF7D7BB002502
:107F8000FEF7ABBC0025D4E9423284F8FF5020460E
:107F90009847D4F8283101221344C4F828312946DF
:107FA00058E50025D4E9423284F8FF50204698472E
:107FB000D4F8283101221344C4F828312946FEF7A9
:107FC000C5BF012B3FF685A8042D3EF4ACAB8E4611
:107FD00001F1100B0FC98BE80F00CEE9017AFF68A1
:107FE000CEF810E00135CEF80CC05946C4F814B1F3
:107FF000002F3EF498AB3A78FFF758B8D2681121B9
:10800000204600F09DFBD4F8483113B1049BC4F81E
:10801000103194F804313C2B00F0BE82D4F80011EA
:10802000FF2900F0A9824A1C3C23C4F800216354B4
:1080300084F80431F36811211A69204600F080FBAE
:1080400094F804313E2B00F09282D4F80011FF29FD
:1080500000F07F823E234A1CC4F80021635484F858
:108060000431FEF763BBFB681E683378612B40F078
:1080700092807278642A40F08E80B278002A40F0B4
:108080008A802A78032A00F08C82392A00F09482B0
:10809000732B11D172785A2A35D1B2789ABB2946FE
:1080A0002046FCF7D7F8FCF703F80146204615B048
:1080B000BDE8F04FFCF77CB93A461121204601F0AB
:1080C0007DF93378672B07D17278732A04D1B2789F
:1080D00012B92A46FEF74EBB732B7FF422A97378A0
:1080E000742B7FF41EA9B378002B7FF41AA92821E2
:1080F0002046FCF771F811212A46204600F020FBAB
:108100002921FEF717BC732BD6D17378502BD3D10E
:10811000B378002BD0D11E4604E001362D69002D26
:1081200000F09A812B782F2B40F09681EB68002B82
:1081300000F092811A784C2AEFD1D9682046FCF7DA
:1081400089F8034648B1002304E0C2682AB10069F7
:10815000013310B102782F2AF7D01E44DEE7FF2941
:1081600000F0D1814B1CC4F800312023635484F803
:108170000431C7E432461121204600F00FFBFEF720
:1081800036BB1E49FCF7B0F8FFF7E0B80123C4E99D
:1081900045A3FEF7CBBA2A7877E7F2680D46FEF7DB
:1081A00040BB002767552946D4E94232204698470C
:1081B000D4F82831C4F800710133C4F828313D46A1
:1081C000FEF748BB0026D4F80831D4F80C2184F817
:1081D000FF6020469847D4F8283101221344C4F8A0
:1081E00028313146FEF782BD05492046FCF77CF870
:1081F000FF683A46FEF7BEBAB45200208854002009
:10820000145300200025D4F80831D4F80C2184F848
:10821000FF5020469847D4F8283101221344C4F86F
:1082200028312946FEF781BE0026D0F80831D0F863
:108230000C2180F8FF609847D4F8282101231A44C4
:10824000C4F828213146FEF7D2BE0025D0F8083107
:10825000D0F80C2180F8FF509847D4F8283101223B
:108260001344C4F828312946FEF791BA0025D4E911
:10827000423284F8FF5020469847D4F82831013321
:10828000C4F8283129460123FFF7B6BA2021204639
:10829000FBF7A2FFFFF7AABA0025D4E9423284F81F
:1082A000FF5020469847D4F828310133C4F82831CC
:1082B00029460123FFF78ABA20212046FBF78CFFCD
:1082C000FFF77EBA0027D4E9423284F8FF702046D7
:1082D0009847D4F82831F2680133C4F82831394678
:1082E0000123FEF700BB2D212046FBF775FFFEF7AB
:1082F00014BB0027D4E9423284F8FF702046984727
:10830000D4F828310133C4F8283139460123FEF767
:10831000FABA33691B78002B7EF4DFAA3E2F00F0F7
:10832000F681326911212046023D00F009FA042D40
:108330003EF6FCA9DFE805F00F0C09060300C8496A
:10834000FEF7E3BDC749FEF7E0BDC749FEF7DDBD57
:108350006C21FEF7EFBA7521FEF7ECBA1B78732B90
:108360000AD0633BDBB20F2B3EF677AFBF4951F823
:108370002330002B3EF471AF1121204601F01EF88E
:108380003C212046FBF728FF33691121DA6820469B
:1083900000F0D6F9B6492046FBF7A6FF3369112154
:1083A0001A69204600F0CCF92921FEF7C3BAD0F8AB
:1083B00034C1BCF1000F40F30781D0F830E12B4607
:1083C000704604E0634500F1080000F0FD805EF8AF
:1083D00033108A4203F10103F4D1D4F82CC163466F
:1083E000BCF1000F04D19DE05B68002B00F09A8087
:1083F0001968914203D0B142F6D19C45F4D01146A0
:1084000020460192FBF70AFF019A00283EF48BA94F
:1084100003782F2B7EF4FAA9D4F824110029FEF654
:10842000FEA9FBF777FE002800F06A810378FEF7CB
:10843000EDB9C268FEF77EB9D4F80831D4F80C2142
:1084400084F8FF6020469847D4F828310133C4F8F7
:1084500028313146012391E48649324604A807F0C9
:108460005FF804A80BF0A6FD00283EF45FA904AD58
:10847000D4F800112F184FF0000809E00B46013125
:10848000AF42C4F80011E65484F804613EF44EA9EA
:10849000FF2915F8016BF1D1D4F80831D4F80C217B
:1084A00084F8FF8020469847D4F828310133C4F877
:1084B000283101210023E3E70025D4E9423284F882
:1084C000FF5020469847D4F8283101332946C4F894
:1084D0002831FEE411212046524601F06BF966492D
:1084E000FEF713BD0025D4F80831D4F80C2184F828
:1084F000FF5020469847D4F8283101332946C4F864
:108500002831FEF731BF0026D4E9423284F8FF60FB
:1085100020469847D4F828317D680133C4F82831C3
:1085200031461FE64368D4F81081C4F81031114673
:1085300020460192FBF772FE019A002800F0E380CA
:10854000012565E7FF68002F3EF4EDA83A78FEF7B5
:10855000A9BD0025D4E9423284F8FF50204698474F
:10856000D4F8283101332946C4F8283172E5202196
:108570002046FBF731FE68E50025D4F80831D4F831
:108580000C2184F8FF5020469847D4F82831013355
:108590002946C4F8283146E520212046FBF71CFE79
:1085A0003CE5EA68117801297FF472AD2969097800
:1085B000292908BF15466BE5EA681121204601F01C
:1085C000F9F83A46FEF7B6BED4F8383163457EF77F
:1085D000AAA8D4F83011D4F810E101EBCC030CF1C7
:1085E0000100C4F83401043341F83C20BEF1000F0F
:1085F00000F09280D4E95009944610E0D4F83C1180
:10860000DEF8042001EBC0010130C4F840014A60EB
:108610001960DEF800E00B46BEF1000F7BD081450B
:10862000ECDCFEF780B81269112100F089F8069B96
:10863000C4F81491002B3EF409AFFEF777B8DA685E
:10864000916801297EF41EAE526812783E2A7EF4AB
:1086500019AE28212046FBF7BFFDF368FEF712BED6
:10866000E0540020DC540020D8540020002D0020CD
:10867000BC540020B45200201055002020465B213D
:10868000FBF7AAFD336920461A69112100F058F85A
:108690005D212046FBF7A0FDFEF71CBE1369D268E2
:1086A0001B78292B1CBF0123C4F818311121204647
:1086B00001F080F8FEF7F7BD2A461121204600F0B0
:1086C0007DFEFEF701BE1C492046FBF70DFEF36858
:1086D00043B111212046324601F06CF8202120469A
:1086E000FBF77AFD3A461121204600F029F8002DCB
:1086F0007EF417AEFEF71AB8C4F81431FEF713B8BB
:10870000002D3EF410A8C4F81081FEF70CB82D21FE
:10871000FBF762FD05E66246002119606FE6F2682C
:10872000FEF717B83A46112100F048FEFEF7F9BDF2
:108730000249FEF7EABB00BFD0540020E4540020F9
:1087400030B5054683B01AB35368012B14461FDCBD
:10875000D0F81C11B1F5806F1ADC01335360013180
:10876000D0F82C31C0F81C11C0F82CD11121CDE962
:108770000023FDF76BFF6268D5F81C310199C5F83D
:108780002C11013A013B6260C5F81C3103B030BDC9
:108790000123C5F8183103B030BD00BF2DE9F843FF
:1087A0001378033B154604464E2B50D8DFE813F0F0
:1087B0001C014F004F004F004F004F004F004F0073
:1087C0004F004F004F004F004F004F004F004F0031
:1087D0004F004F004F004F004F004F0055007C00EE
:1087E000A30055007C00A300EF00FC0009018702F4
:1087F0002201300155017B014F004F004F004F0017
:10880000A1014F00D1014F004F004F004F004F001A
:108810004F004F004F004F004F004F004F004F00E0
:108820004F004F004F004F004F004F004F004F00D0
:108830004F004F004F004F004F004F004F004F00C0
:108840004F004F004F00F8014F003402C8002A4685
:108850001121BDE8F843FFF773BFD64ED0F80011E1
:1088600006F1080720254FF000080BE00B46013108
:10887000BE42C4F80011E55484F8045100F0C680EB
:1088800016F8015FFF29F1D1D4F80831D4F80C2192
:1088900084F8FF8020469847D4F828310133C4F883
:1088A000283101210023E3E7C34ED0F8001106F17F
:1088B000080720254FF000080BE00B460131B742B6
:1088C000C4F80011E55484F8045100F09F8016F8B4
:1088D000015FFF29F1D1D4F80831D4F80C2184F8D4
:1088E000FF8020469847D4F828310133C4F8283156
:1088F00001210023E3E7B14ED0F80011771D2025B8
:108900004FF000080AE00B460131B742C4F80011ED
:10891000E55484F8045179D016F8015FFF29F2D1AB
:10892000D4F80831D4F80C2184F8FF802046984709
:10893000D4F828310133C4F8283101210023E4E7B9
:108940009F4FD0F8001107F1050920264FF00008CD
:108950000BE00B460131B945C4F80011E65484F828
:10896000046100F07F8117F8016FFF29F1D1D4F87D
:108970000831D4F80C2184F8FF8020469847D4F8B9
:1089800028310133C4F8283101210023E3E7D0F86E
:108990000031FF2B00F0D0812022591CC0F80011BB
:1089A000C25480F8042127E0D0F80031FF2B00F0FA
:1089B000B481591C2022C4F80011E25484F8042127
:1089C00028E0D0F80011FF2900F097814A1C2023ED
:1089D000C4F80021635484F804312A692046112127
:1089E000BDE8F843FFF7ACBEEA681121BDE8F843E3
:1089F000FFF7A6BED0F80011FF2900F0BC814A1C89
:108A00002623C4F80021635484F80431BDE8F883B8
:108A1000D0F800116B4D26266F1C4FF000080AE0BD
:108A20000B460131BD42C4F80011E65484F80461DC
:108A3000ECD015F8016FFF29F2D1D4F80831D4F841
:108A40000C2184F8FF8020469847D4F82831013360
:108A5000C4F8283101210023E4E75B4ED0F800116F
:108A600006F1080720254FF000080AE00B46013107
:108A7000B742C4F80011E55484F80451C6D016F882
:108A8000015FFF29F2D1D4F80831D4F80C2184F821
:108A9000FF8020469847D4F828310133C4F82831A4
:108AA00001210023E4E7494ED0F8001106F10A073E
:108AB00020254FF000080AE00B460131B742C4F808
:108AC0000011E55484F80451A0D016F8015FFF2985
:108AD000F2D1D4F80831D4F80C2184F8FF80204674
:108AE0009847D4F828310133C4F8283101210023F4
:108AF000E4E790F80431282B40F0D580344EEA6842
:108B000011212046FFF71CFEB71CD4F800113A25AE
:108B10004FF000080BE00B460131B742C4F80011DA
:108B2000E55484F804513FF471AF16F8015FFF2952
:108B3000F1D1D4F80831D4F80C2184F8FF80204614
:108B40009847D4F828310133C4F828310121002393
:108B5000E3E7204FD0F8001107F1090920264FF074
:108B600000080BE00B4601314F45C4F80011E654F4
:108B700084F8046100F0858017F8016FFF29F1D1B6
:108B8000D4F80831D4F80C2184F8FF8020469847A7
:108B9000D4F828310133C4F8283101210023E3E758
:108BA0000D4ED0F8001106F1100720254FF00008F7
:108BB00020E000BF905500209C550020A8550020C3
:108BC000D0550020D8550020DC550020E855002065
:108BD000F4550020F8550020B05500200B46013117
:108BE000B742C4F80011E55484F804513FF40EAFC5
:108BF00016F8015FFF29F1D1D4F80831D4F80C211F
:108C000084F8FF8020469847D4F828310133C4F80F
:108C1000283101210023E3E76D4FD0F8001107F15F
:108C2000080920264FF000080AE00B460131B9453B
:108C3000C4F80011E65484F8046113D017F8016FEA
:108C4000FF29F2D1D4F80831D4F80C2184F8FF8040
:108C500020469847D4F828310133C4F8283101213F
:108C60000023E4E72A69002A3FF4D0AEFF2932D07E
:108C7000481C2823C4F800016354112184F80431EE
:108C800001E0EA6811212046FFF75AFDD4F80011EF
:108C9000FF2961D04A1C2923C4F80021635484F8B9
:108CA0000431BDE8F883D0F80011FF2972D04A1CC6
:108CB0002023C4F80021635484F804311EE7D0F85F
:108CC0000011FF2976D04A1C2A23C4F800216354DE
:108CD00084F804319AE60026D4F80831D4F80C213F
:108CE00084F8FF6020469847D4F828312A69013378
:108CF000C4F8283101203146BBE70026D0F80831FE
:108D0000D0F80C2180F8FF609847D4F82831012270
:108D10001344C4F82831314659E60025194680F835
:108D2000FF50D0E942329847D4F8283101210B4452
:108D3000C4F828312B463DE60021D0E9425280F8A4
:108D4000FF101946A847D4F8283120220133C4F86F
:108D500028312270012152E60025D4E9423284F8FC
:108D6000FF5020469847D4F8283101221344C4F814
:108D7000283129468FE70025D4E9423284F8FF5094
:108D800020469847D4F8283101221344C4F82831EA
:108D9000294635E60026D0F80831D0F80C2180F8B5
:108DA000FF609847D4F8283101221344C4F82831D1
:108DB00031467DE70025D0E9423280F8FF509847E0
:108DC000D4F8283101221344C4F8283129467BE71E
:108DD000C45500202DE9F843044616461D469BB1B4
:108DE000714F01209A687AB95A6811781939C9B255
:108DF000122900FA01F204D83A4235D112F4606F18
:108E000074D11B68002BEDD10023D4F81471C4F881
:108E100014312A461121204600F0C8F8D4F8003158
:108E2000FF2B4BD02822591CC4F80011E25484F8BF
:108E3000042132692AB111212046FFF781FCD4F8C0
:108E40000011FF2976D04B1C2922C4F8003120469E
:108E50006254012384F8042111212A4600F0A6F867
:108E6000C4F81471BDE8F88394F80431202B45D17F
:108E7000D4F80011FF294ED04B1C4FF02808C4F83D
:108E8000003104F801804FF00009D4F8147184F81F
:108E900004811121C4F814914B462A46204600F063
:108EA00085F8D4F80011FF2953D04B1C2922FF2B41
:108EB000C4F80031625484F80421B3D11946002368
:108EC00084F8FF302046D4E942329847D4F828315C
:108ED0000133C4F828312823237084F8043132691F
:108EE0000121C4F80011002AA5D1ACE794F804319F
:108EF00003F0FD02282ABBD0202BB9D0D4F80031D2
:108F0000FF2B3ED0591C2022FF29C4F80011E25447
:108F100084F80421B0D10027D4E9423284F8FF70EC
:108F200020469847D4F828310133C4F8283139460F
:108F30000123A2E70026D4E9423284F8FF602046EC
:108F40009847D4F828310133C4F828313146012339
:108F50007AE7D4E9423284F8FF902046984742F6F7
:108F60002903238084F80481D4F82831326901333D
:108F70000221C4F82831C4F80011002A7FF45BAF45
:108F800061E70022194684F8FF20D4F80871D4F86C
:108F90000C212046B847D4F8283120220133C4F8E8
:108FA00028312270012167E707310400002A00F010
:108FB000C2802DE9F047054688B01E4614460127B9
:108FC000D5F81821CAB9A2680ABB62681178BEB187
:108FD000E368D5F81081A7602929C5F8103124D09D
:108FE0002A292CD0022934D011212846FFF7D6FB9C
:108FF0002468C5F81081002CE2D108B0BDE8F087E4
:109000004E2904D007D8A1F11C03042BE0D8246812
:10901000002CD5D1F1E750390129F8D9E368D5F80A
:109020001081A760C5F81031DEE7236811212846BA
:10903000FFF7D0FEC5F8108108B0BDE8F0872368BF
:109040001121284600F0D6F8C5F8108108B0BDE817
:10905000F087644ED5F81471D2684FF000091121E1
:10906000C5F814912846FFF76BFB06F1010AC5F815
:109070001471D5F800113A270AE00B460131564524
:10908000C5F80011EF5485F8047113D016F8017F6C
:10909000FF29F2D1D5F80831D5F80C2185F8FF90D9
:1090A00028469847D5F828310133C5F828310121E1
:1090B0000023E4E763681C692378482B17D04E2B04
:1090C000A3F15002A3F11C010ED00BD804290BD937
:1090D000224611212846FFF733FBC5F8108108B05E
:1090E000BDE8F087012AF3D8E4682378E7E73E4F2C
:1090F0007B2607F10C0A4FF000090AE00B4601310C
:109100005745C5F80011EE5485F8046114D017F8DE
:10911000016FFF29F2D1D5F80831D5F80C2185F877
:10912000FF9028469847D5F828310133C5F82831F3
:1091300001210023E4E7704722692C49013201A88C
:1091400006F0EEF901A80AF035FF20B301AED5F81C
:10915000001106EB000A4FF0000908E00B46013150
:109160005645C5F80011EF5485F8047115D0FF2954
:1091700016F8017BF2D1D5F80831D5F80C2185F825
:10918000FF9028469847D5F828310133C5F8283193
:1091900001210023E4E7D5F80011154F7D2607F1E2
:1091A000020A4FF000090AE00B4601315745C5F8A5
:1091B0000011EE5485F8046196D017F8016FFF296D
:1091C000F2D1D5F80831D5F80C2185F8FF90284662
:1091D0009847D5F828310133C5F8283101210023FB
:1091E000E4E700BF0053002004530020B4520020E5
:1091F000145300202DE9F0470446174653B11E468C
:109200009D687DB31B68002BFAD1324611212046A0
:10921000FFF7CCFED4F80031FF2B00F09D80591CE5
:109220002022FF29C4F80011E25484F8042127D039
:109230005B224B1CC4F80031625484F80421FA68A4
:109240002AB111212046FFF77BFAD4F80031FF2B19
:109250002FD0591C5D22C4F80011E25484F8042177
:10926000BDE8F0875B681B782A2B32D111212B4691
:1092700032462046FFF79AFED4F80011FF29D7D1D5
:109280000022D4F8083184F8FF202046D4F80C21BD
:1092900098475B22D4F82831227084F80421FA68B8
:1092A000591C0123C4F82811C4F80031002AC8D180
:1092B000CFE70025194684F8FF50D4E94232204612
:1092C0009847D4F8283101210B44C4F828312B46A3
:1092D000C0E7DFF8E480D4F800114FF0200908F16E
:1092E000010A0CE00B46D04501F10101C4F8001160
:1092F00004F8039084F804911AD018F8019FFF290C
:10930000F0D1D4F80831D4F80C2184F8FF5020466D
:109310009847D4F828310133C4F8283100230121BB
:10932000D045C4F8001104F8039084F80491E4D106
:109330001121002332462046FFF738FED4F80011F1
:10934000FF2926D04B1C2922FF2BC4F80031625480
:1093500084F804217FF463AF0022194684F8FF20CB
:10936000D4F80851D4F80C212046A847D4F8283165
:109370005B2245F62031218084F80421FA6801330C
:10938000C4F828310223C4F80031002A7FF459AF11
:109390005FE70022D4F8083184F8FF202046D4F893
:1093A0000C219847D4F8283129220133C4F82831F8
:1093B0002270012333E700BF0C55002011783229B9
:1093C00002D01121FFF7BCB9D3682DE9F041D3E9F0
:1093D000015767B32F44D0F800110446013D013F07
:1093E0004FF0000809E00B46BD4201F10101C4F84D
:1093F0000011E65484F8046119D0FF2915F8016FB3
:10940000F1D1D4F80831D4F80C2184F8FF8020463B
:109410009847D4F828310133C4F8283100230121BA
:10942000BD42C4F80011E65484F80461E5D1BDE8FA
:10943000F08100BF2DE9F04F2DED028BE7B00378EE
:1094400000AF5F2BC7E90021054600F04481A94920
:109450000822284605F06AFF002800F007814FF037
:1094600000090123B9F1020F7B640CBF4523462399
:10947000A9F1020A08EE103A5FFA8AFA28460AF0C1
:1094800099FD2B1842000021C7E90353B2F5006F84
:109490004FF01103C7E90535C7E90812C7E90B10FA
:1094A000C7E90D11C7E90F11B96400F21B818300F0
:1094B000E84600EB80000733A8EBC000854623F0A8
:1094C00007036E46B9F1010FADEB030DFE61C7F85E
:1094D00028D040D0BAF1010F35D8EB7A05F10B0452
:1094E0005F2BBC6103D12B7B5A2B00F0B080002A8C
:1094F00040F3AB8020460AF05DFD00230122C6E95F
:1095000001333A62002800F0A080C6E903403370BE
:109510000023324618EE101A07F10C00FAF76CFC23
:10952000064620460AF046FD2318BB61235C13B9AA
:10953000002E40F0E1807B6C013340F0C3800023BB
:109540007B64C5469AE707F10C00FBF7A7F8BB69F7
:1095500006461B78EBE72B785F2BECD16B786A1C07
:109560005A2BBA61E7D1AB78AA1C472BBA6100F03D
:109570009B80542B00F09880494607F10C00FCF7C3
:10958000E9FF7B69DB07064640F19780BA691378EB
:109590002E2BCCD1334616461A467378A3F16101BF
:1095A00019294FF0000B45D95F2B43D0303B092BD5
:1095B00000F2FD80317834462E2912D16378303B99
:1095C000092B0ED8A378A3F13001A01C0929044669
:1095D00005D814F8013FA3F130010929F9D92E2B40
:1095E000ECD0D7E908139942BC61A4EB060067DA16
:1095F000D7F81CC001EB810E0CEB8E030131002863
:10960000C3E901BB39625BDDC3E901BB0CF82EB0D5
:10961000C3E903604F2107F10C00FAF7EDFB237853
:109620002E2B024640F0C18026467378A3F16101DB
:109630001929B9D8B31C1C4613F8011BA1F161000C
:109640001928F8D95F29F6D0B6E7002660E76B7BCA
:1096500005F10D02472BBA6107F10C0001D0542B24
:109660001DD1FCF7EFFBBC69064651E72B7A2E2B88
:1096700004D05F2B02D0242B7FF4F1AE6B7A442B05
:1096800002D0492B7FF4EBAEAA7A5F2A7FF4E7AED3
:10969000492B0CBF4FF002094FF00309E1E6FCF73C
:1096A00059FFBC69064633E707F10C00FCF7CAFB1B
:1096B0007B69DB0706463FF569AFBB691B7836E778
:1096C0000023A7E7002007F5CE77C546BD46BDECD1
:1096D000028BBDE8F08F43785A2B7FF4B8AE4FF081
:1096E0000109BEE6084607F5CE77BD46BDEC028B04
:1096F000BDE8F08F0456002007F14C047A68C4F8E6
:10970000082131463A68C4F80C212046C4E94433A4
:10971000C4E94933C4E94633C4E94D33C4E950339D
:109720007B60C4F8003184F80431C4F82031C4F8F7
:109730002C31FAF753FCD4F81C217B68B2F5006F8A
:1097400001DAC4F81C31D4F83811D4F844310129B5
:1097500001FB03F33246B8BF01216E46A6EBC101FF
:10976000012B8D46C4F844316846B8BF0123A0EBF5
:10977000C3039D460025C4F8301120461121C4F8CA
:109780003CD1C4F84851FEF7DBFFD4F80011D4F8FF
:10979000083165542046D4F80C21B5469847D4F8D2
:1097A0001801B0FA80F040098DE70646BFE616467C
:1097B00083E700BF70B51378012B82B015460446CD
:1097C00003D9312B01D0062B38D101266B68012B30
:1097D00022DCD4F81C21B2F5806F1DDC013301328C
:1097E0006B601121D4F82C31C4F81C21C4F82CD1A1
:1097F0002A46204601930095FCF728FF6A68D4F8B2
:109800001C310199C4F82C11013A013B6A60C4F87B
:109810001C3136B102B070BD0123C4F81831002EDE
:10982000F8D1D4F80011FF2915D04A1C2923C4F817
:109830000021635484F8043102B070BDD0F80011E7
:10984000FF2916D04A1C2823C4F80021002663549F
:1098500084F80431BAE7D4E9423284F8FF60204644
:109860009847D4F8283101221344C4F828313146EE
:10987000DCE70026D0E9423280F8FF609847D4F850
:10988000283101221344C4F828313146DBE700BFF8
:109890002DE9F84FD368DB681B681978662978D101
:1098A0001269D0F82471D2E9038A9AF800203C2A80
:1098B0004FF0FF3208BFDAE903A9C0F824215B7832
:1098C00018BF4FF000096C2B044600F0A28063D84B
:1098D0004C2B01D0522B57D1D4F80011FF2900F0A6
:1098E000EB804B1CC4F8003128236354524684F8A3
:1098F000043111212046784EFFF75CFF11214246CA
:109900002046FFF75BFD06F1020BD4F800112E256F
:109910004FF0000A0BE00B465E4501F10101C4F86F
:109920000011E55484F8045119D016F8015FFF299D
:10993000F1D1D4F80831D4F80C2184F8FFA02046E6
:109940009847D4F828310133C4F828310023012185
:109950005E45C4F80011E55484F80451E5D142464F
:1099600011212046FFF72AFD4A4611212046FFF724
:1099700021FFD4F80011FF297FD04A1C2923C4F805
:109980000021635484F80431C4F824710120BDE837
:10999000F88F0020BDE8F88F722BF5D1D0F80011B8
:1099A000FF297BD04B1CC4F8003128236354524656
:1099B00084F8043111212046484EFFF7FBFE424651
:1099C00011212046FFF7FAFC06F10309D4F8001133
:1099D0002E254FF000080AE00B4601314E45C4F831
:1099E0000011E55484F80451CED016F8015FFF2928
:1099F000F2D1D4F80831D4F80C2184F8FF80204645
:109A00009847D4F828310133C4F8283101210023C4
:109A1000E4E7334DD0F80011282605F1030B4FF091
:109A200000090BE00B46AB4501F10101C4F8001140
:109A3000E65484F8046119D015F8016FFF29F1D1BB
:109A4000D4F80831D4F80C2184F8FF9020469847C8
:109A5000D4F828310133C4F8283100230121AB4563
:109A6000C4F80011E65484F80461E5D1424611219E
:109A70002046FFF7A3FC524677E70025D4F80831CB
:109A8000D4F80C2184F8FF5020469847D4F82831A8
:109A900001221344C4F8283129466FE70025D0E994
:109AA000423280F8FF509847D4F828310133C4F887
:109AB00028312946012376E70025D4E9423284F88B
:109AC000FF5020469847D4F828310133C4F8283194
:109AD0002946012306E700BF10550020DC52002074
:109AE000D4520020137803F0FD03382B01D000205E
:109AF0007047D3682DE9F047DB681F683B78642B1B
:109B000002D00020BDE8F0877B78692B044611D095
:109B100003F0DF03582BF4D1D0F800111369FF29AB
:109B2000D3E9035600F08E804B1CC4F800315B2350
:109B300063540CE0D0F800111369FF29D3E90356F0
:109B400000F0B1804B1CC4F800312E23635484F81C
:109B500004312A4611212046FEF7F2FD7B78582B6E
:109B60003AD0692B0BD0D4F80011FF2900F08A807D
:109B70004A1C5D23C4F80021635484F8043133780F
:109B800003F0FD03382B12D0D4F80011FF2968D060
:109B90004A1C3D23C4F8002120466354324611215B
:109BA00084F80431FFF706FE0120BDE8F087F36872
:109BB000DB681B681A78642AE6D15B78692B03D0CE
:109BC00003F0DF03582BDFD1204632461121FEF788
:109BD000B7FD0120BDE8F087DFF8E880D4F8001178
:109BE00008F1040A20254FF000090BE00B46C2459E
:109BF00001F10101C4F80011E55484F8045119D0B1
:109C000018F8015FFF29F1D1D4F80831D4F80C21FC
:109C100084F8FF9020469847D4F828310133C4F8DF
:109C2000283100230121C245C4F80011E55484F80D
:109C30000451E5D1F26811212046FEF781FD366915
:109C40007B788EE74FF00008D4E9423284F8FF8039
:109C50009847D4F828310133C4F82831414601230C
:109C600063E70025D4F80831D4F80C2184F8FF50BC
:109C700020469847D4F8283101221344C4F82831EB
:109C8000294686E70025D4F80831D4F80C2184F859
:109C9000FF5020469847D4F8283101221344C4F8D5
:109CA0002831294665E74FF00008D4E9423284F8AC
:109CB000FF809847D4F828310133C4F82831414651
:109CC000012340E7CC5200202DE9F0411E4684B02C
:109CD000002840D00C46154609B1002A3BD000238D
:109CE00029496A46CDE90033CDE90233FFF7A2FBEB
:109CF000002839D0039B009FD3B9DDF80880002FDE
:109D00003CD02CB338460AF055F92B68984219D24A
:109D10003946421C2046F6F719FE384607F064FC27
:109D200027460EB100233360384604B0BDE8F08109
:109D30004FF00108002FE4D18EB14FF0FF333360B4
:109D40000027F1E7204607F04FFCC5F80080E8E760
:109D5000002DFAD1E5E716B16FF00203336000275A
:109D6000384604B0BDE8F081009807F03DFC002EB5
:109D7000F5D06FF0010333600027D5E7002EEED059
:109D8000B8F1010FD9D0F4E73D0F02001EB400F086
:109D90008DF81EBC05F072F8F0B50278472A83B042
:109DA0000C461D4619D0264E0020336801909B6852
:109DB0003046984778B1019B1B68019302272368BE
:109DC000314620461E6901AA0123B04710BB074651
:109DD000384603B0F0BD0127F1E743784E2BE2D1BE
:109DE0008378552BDFD1C378432BDCD10379462B05
:109DF0001AD00379432BD6D143792B2BD3D1837936
:109E00002B2BD0D1C379012BCDD808D050F8206CA2
:109E10005830CAE7019B2B60384603B0F0BD50F8BC
:109E2000200C50F8786CC0E743794F2BE1D183794F
:109E3000522BDED1C379002BDBD1024E1846B4E79A
:109E4000644400205044002010B5044600F0EEF8B1
:109E5000224612F82039472B04D0836823BB826046
:109E6000012010BD63784E2BF7D1A378552BF4D188
:109E7000E378432BF1D12379432BEED163792B2B5C
:109E8000EBD1A3792B2BE8D1E379012BE5D854F85A
:109E9000043C0133012B44F8043CE1D1836844F8CD
:109EA000083C8260012010BDF9F730FD08B500F0D4
:109EB000BDF8836883B393F82020472A04D000229A
:109EC000826003F1200008BD93F821204E2AF6D1CC
:109ED00093F82220552AF2D193F82320432AEED179
:109EE00093F82420432AEAD193F825202B2AE6D19F
:109EF00093F826202B2AE2D193F82720012ADED8D6
:109F0000DA69013ADA61002ADBD1996981600022BD
:109F10009A6103F1200008BDF9F7F8FC38B5044652
:109F200000F084F82246056812F82039472B03D048
:109F300085BB0260284638BD63784E2BF8D1A378E4
:109F4000552BF5D1E378432BF2D12379432BEFD175
:109F500063792B2BECD1A3792B2BE9D1E379012B5E
:109F6000E6D854F80C3C002B11DB013344F80C3CD0
:109F70004368013B4360954218BF44F8105C656A32
:109F800018BF0260204604F09FFB284638BDC3F18D
:109F90000103EBE7F9F7BAFC08B500F043F80368F2
:109FA0007BB393F82020472A07D00022026003F1F8
:109FB0002000BDE8084004F089BB93F821204E2A18
:109FC000F3D193F82220552AEFD193F82320432A86
:109FD000EBD193F82420432AE7D193F825202B2AAC
:109FE000E3D193F826202B2ADFD193F82720012AEA
:109FF000DBD85A69002A05DB013A08D0511C0ED083
:10A000005A6108BD0132FBD119690160F8E71A698C
:10A01000026003F12000BDE8084004F057BBF9F7E7
:10A0200075FC00BF00487047609C002000487047E6
:10A03000609C0020502870B51DD0844600F00F00B1
:10A040000C2855D8DFE800F0074426071E54545466
:10A05000542A22071E00104650F8046B4EB10CF033
:10A060007004102C08BF11460E441CF0800F18BF5E
:10A0700036681E6070BDD01C20F0030050F8046BE1
:10A080001E6070BD104650F8086BE7E7104630F9C7
:10A09000026BE3E7104630F8026BDFE7002610465C
:10A0A000344610F8015B05F07F0E0EFA04FE15F041
:10A0B000800F46EA0E0604F10704F2D11F2CCDD81A
:10A0C0006D06CBD54FF0FF3505FA04F42643C6E7FD
:10A0D00000261046344610F8015B05F07F0E0EFA9C
:10A0E00004FE2D0646EA0E0604F10704F3D4B5E794
:10A0F000F6F780FFFF2808B5034619D003F0700279
:10A10000302A084616D005D8202A09D1BDE80840D3
:10A1100005F097B8402A09D1BDE8084005F07EB89F
:10A1200002D813F0600F03D0F6F764FF502AFBD17A
:10A13000002008BDBDE8084005F080B8F8B50C4621
:10A140001546064608B105F069F8286014F8017B49
:10A15000FF2F28D16860204610F8013BFF2B32D03A
:10A16000102300242B75224610F8011B01F07F03F9
:10A170009340090644EA030402F10702F4D40444BC
:10A18000EC6010F8013B6B750024224610F8011BAF
:10A1900001F07F0393401C430B0602F10702F5D444
:10A1A00004442C61F8BD31463846FFF7A3FF224630
:10A1B00001462B1D3846FFF73DFF0446204610F8A8
:10A1C000013BFF2BCCD12B750024D9E72DE9F04FB3
:10A1D00000F0030493B00023012C08930F4690462F
:10A1E00013D0022C08D14146384605F001F840B999
:10A1F000082013B0BDE8F08F002C00F09380F6F734
:10A20000F9FE092013B0BDE8F08F0DF1300A10F00F
:10A210000804CDF800A000F09A8044F002020292F7
:10A220000C910C221946404604F07CFA404604F09A
:10A23000FBFF83460028D6D0524601464046FFF732
:10A240007DFF414605469DF84400FFF753FF0DF1A1
:10A250002C0900230E901946CDF800900F2240469D
:10A2600004F03AFA0B9B23F001035E1E109B9D4203
:10A2700080F0BD809DF8454000212046FFF73AFF61
:10A280002A46014609AB2046FFF7D4FE9DF845500B
:10A29000044600212846FFF72DFF224601460AAB5F
:10A2A0002846FFF7C7FE9DF8455004460021284682
:10A2B000FFF720FF224601464B462846FFF7BAFE2D
:10A2C00000240546224615F8011B01F07F03934048
:10A2D0001C430B0602F10702F5D40C9B099A1344A8
:10A2E000B34217D9029BD8072DD50024039400232D
:10A2F0001946CDF8009040460D22089D04F0ECF977
:10A30000039B3B630B9BC7F82CB0C7E9095406209D
:10A310003B626EE70A9A1344B34272D8109BAB4279
:10A32000A8D8DFE702073FF55EAF012302930DF1E6
:10A33000300A0023CDF800A00C22194640460C97A5
:10A3400004F0F0F972E7190758D5F9F7DFFA0D6A4A
:10A3500023460D222146404604F0BEF90C9B9D4247
:10A3600002D002230293E4E7234621460C22CDF8D3
:10A3700000A040460C9704F0D5F93A6B0392D7E958
:10A380000A43002A3AD09B460DF12C09002C54DBDD
:10A39000032500231A461946CDF8009040460B9736
:10A3A00004F0C0F9002319460122CDF80090404680
:10A3B0000B9404F0B7F9002319460F22CDF8009052
:10A3C000404604F089F90B9A0399CDF8009002F009
:10A3D00001020A4300230B9240460F22194604F063
:10A3E000A1F9022D24D0072013B0BDE8F08F029B05
:10A3F000DE073FF57AAF029B1B07A6D4384600F074
:10A400005BF90B9B002B3FF4EEAE0D9A13440393C4
:10A41000002C36D1002B3FF4E6AE029BDD073FF562
:10A42000E2AE029B1A0740F1168100240225B0E734
:10A430003846FFF709FD0720DBE66FF040431B1BA2
:10A440001E46524659464046FFF778FE9DF84400A6
:10A450004146FFF74FFE0E9005460F9850F8263004
:10A4600000EB860033B10246002352F8041F01338B
:10A470000029FAD1C7E90A35042378633B63032531
:10A4800087E7109E039B013C2644002B3FF4ABAEB4
:10A49000029B002E00F0D78013F00803049300F015
:10A4A000C98047233B704E237B705523BB704323E9
:10A4B000FB7046233B714F237B715223BB710023FA
:10A4C000FB710023CDF818B0CDF814809B46CDF871
:10A4D0001CA00024224616F8011B01F07F039340C4
:10A4E000080644EA030402F10702F4D41F2A05D83F
:10A4F000490603D5012393405B421C4300253046A7
:10A500002A4610F8011B01F07F0393401D430B0600
:10A5100002F10702F5D41F2A05D84B0603D5012303
:10A5200093405B421D43002C34D036DC17B1049BB2
:10A53000002B4FD06FF0404A0F9BAAEB040A53F850
:10A540002A30B3B1002D6AD02E44C2E7A3005B428B
:10A550000F9A0E991A444B46FFF76CFD0B9941B1C7
:10A56000002FEFD008AB00223846FFF715FC00287B
:10A57000E8D0029BDDF81CA0DB07DDE9058B3FF589
:10A58000B6AE049B002B3FF401AF002CBFF600AF2A
:10A59000F9F7CAF94FF0010BD4E79DF84400FF2802
:10A5A00031D000F00703042B3FF629AE01A252F888
:10A5B00023F000BF597302000B700200DB7302002E
:10A5C00059730200D5730200E3005B42C0E76300E9
:10A5D0005B42BDE76FF0404A0F9B089A0B92AAEBD3
:10A5E000040A03EB8A0853F82A1019B90DE058F849
:10A5F000041F51B141444B4600223846FFF7CCFBC3
:10A600000028F4D09EE70023A2E7029BD807564615
:10A61000DDE9058BDDF81CA03FF569AE11E75B466F
:10A62000DDF81480002B3FF4DEAD029BD9073FF527
:10A63000DAADFAE6FB79012B0CBF57F8203C07F1A5
:10A64000580308933DE7DA073FF5CDAD029B13F0C1
:10A6500008047FF4EAAE02259BE6FFF75FFC74E690
:10A6600008B5FFF7E3FC006830B190F82730012B04
:10A6700004BF00687838006808BD00BF0378472B26
:10A6800001D00020704743784E2BFAD18378552BA8
:10A69000F7D1C378432BF4D10379432BF1D143791C
:10A6A0002B2BEED183792B2BEBD1C07901288CBFDA
:10A6B00000200120704700BF10B530B10446FFF7FD
:10A6C0002DFC2046FFF7DAFF08B9F9F71FF954F817
:10A6D000140CF9F713F900BF2DE9F04F85B00246CD
:10A6E000FFF7CCFF38B152E90674D2E90C85D2F8F5
:10A6F00028A0002605E004460746012605468046B8
:10A7000082461046FFF70AFC0EB1F9F70DF93846FC
:10A71000F9F706F9FFF702FC0EB1F9F7F7F8FFF7C2
:10A7200081FC0768DFF890B097F82730012B0CBF49
:10A730003B6807F17803029328F003030193203765
:10A740004FF00009CA4520DDD5F80080B8F1000FB0
:10A7500000D0A84402AB002241463846FFF71CFB5C
:10A7600008B1F9F769F9D8F80030039003AA404618
:10A770005946D3F810800123C047019B002818BF19
:10A78000064609F101091D44DCE746B10420F9F74A
:10A7900069F8074B074A08490360F9F731F9204681
:10A7A000F9F7ACF8FFF7F8FBFFF7F6FBFFF7EEFA67
:10A7B000BC470020ED0602007844002090F8A3205A
:10A7C00090F8A200101A704790F8A23090F8A320D9
:10A7D0009A4205D95A1C034480F8A220987E7047FB
:10A7E0004FF0FF30704700BF90F8A23090F8A320E0
:10A7F0009A4202D91844807E70474FF0FF3070476C
:10A80000704700BF0346B0F8300178B193F82F21AC
:10A81000882A03D9012200205A60704702F1010CF6
:10A8200001201A4483F82FC182F8A510704700BF99
:10A8300038B5B0F830410CB9204638BD90F82F310A
:10A840000546C3F18904A2420DD8144605F1A500BE
:10A8500022461844F6F77AF895F82F31204623441B
:10A8600085F82F3138BD01224260EFE72DE9F04F26
:10A87000D0F814A01524017E8146437E83B00AEBF4
:10A880000111384A0AEB0313374F097A93F828303D
:10A8900002EB01150901E86852F8018002EB03118F
:10A8A000D5F804B01B01CE68D558CBF80040C8F8E5
:10A8B0008400D8F804304A6803432C490192C8F850
:10A8C00004301460C5F884606B6833436B60284BB8
:10A8D0004C683A68A3FB0232920C02EB82025200EF
:10A8E0004B681B1B9A42FBD84FF0090C1F4ADFF83C
:10A8F00080E0D8F80830034202D0AB6833422FD151
:10A90000C5F8886054683968AEFB0131890C01EBE9
:10A91000810153681B1B9942FBD8C5F884605468B9
:10A920003968AEFB0131890C01EB810153681B1BB7
:10A930009942FBD8BCF1010CDBD1604699F8183084
:10A94000019A0AEB0313DB68CBF8003099F8193051
:10A950000AEB031ADAF82C30136003B0BDE8F08F6D
:10A960000120EBE74C560020DC660020001000E0E0
:10A9700083DE1B430E4A10B51168046905E0DB0154
:10A9800007D413685B1A102B08D8636913F0007F93
:10A99000F5D14FF4FE430120636110BDFFF766FF60
:10A9A0000028FAD04FF4FE4301206361F5E700BFB1
:10A9B000A43A01202DE9F04790F82FA10569BAF1DA
:10A9C000000F4FD081468846FFF7D4FF002849D0BA
:10A9D000374E0024376818E06B69190551D4DA0442
:10A9E00055D4580559D4990441D43268D21B322A1F
:10A9F0003DD8544507D9EA6D520704D19B0555D47B
:10AA0000B8F1000F52D0F8F79BFD5445E4D8EA6D39
:10AA1000500702F00703DFD413E099F8A5200133B3
:10AA2000022442F48062042B2A661ED08A4503F178
:10AA3000010309EB01020ED992F8A520042B2A6626
:10AA4000CAD00121002CE8D02146013301348A45C7
:10AA500009EB0102F0D8B8F1000FBDD04FF400733C
:10AA60002B66B9E70420BDE8F0870124B4E72B6921
:10AA70004FF40072042043F440732B612A66BDE852
:10AA8000F0872B69042043F440732B61EBE72B69BB
:10AA9000052043F440732B61E5E72B694FF4007206
:10AAA000022043F440732B612A66DCE70020DAE7DA
:10AAB000A43A01202DE9F84F83460C4615461F465F
:10AAC000D0F810A0FFF756FF002800F09E8061002C
:10AAD000012DDFF83C8140F20146CBB24FF000017E
:10AAE00038BF0125D8F800900C461E43ABF8A210E1
:10AAF00020E09BF8A330872B3FD9DAF8142010050B
:10AB00005AD412F4105F70D1D8F80030A3EB0903C7
:10AB1000322B6AD89BF8A330AB4209D3022C07D959
:10AB2000DAF85C30590703D193054BD4002F49D094
:10AB3000F8F706FD022CDCD8DAF85C3003F00702E7
:10AB40005B07D6D4681E224440F480704CB9CAF822
:10AB500060600134131B032BCBD8022CC9D8002C06
:10AB6000F5D0012C37D01FB14FF40073CAF8603014
:10AB70009BF8A3300324872BBFD8DAF85C2012F4AB
:10AB8000E02FC2F3024CB8D0591C9C441933C9B20F
:10AB90005FFA8CFC5BFA83F3DAF870004A1C6145BB
:10ABA0008BF8A310D1B203F8010FA6D08929F3D1F5
:10ABB000DAF814201005A4D5DAF8103043F4407305
:10ABC000CAF81030DAF85C3013F4E02F06D19BF8A5
:10ABD000A300BDE8F88FCAF86000BAE7DAF81030D1
:10ABE00043F40073CAF81030F1E7DAF810304FF48C
:10ABF000007243F44073CAF81030CAF86020DAF8E3
:10AC00005C3013F4E02FE2D0E8E70420BDE8F88FD1
:10AC1000A43A0120F8B506690446D6F8145115F493
:10AC2000706301D0C6F81431A8070BD5D6F870218F
:10AC300011043DD50023012184F8A230234484F877
:10AC4000A3109A76EA0710D594F83071F7B194F80A
:10AC50002E7194F82F31BB4226D97B1C274484F8EF
:10AC60002E3197F8A530C6F86031AB050DD594F8B4
:10AC7000A30018B1D4F83C3103B198470023A4F8DD
:10AC8000A230A4F82E3184F83031F8BDD4F8383130
:10AC900003B19847002384F82E31012384F8303122
:10ACA00094F82F31BB42D8D80023C6F86031DCE7D6
:10ACB00094F8A330872BC5D8591CC9B2BEE700BF92
:10ACC0000148FFF7A7BF00BFF06600200148FFF76B
:10ACD000A1BF00BF306800200148FFF79BBF00BF45
:10ACE0007069002010B4144C00220369A1421A615B
:10ACF00014D8124C012012494FF430329C6458622F
:10AD00009962DA629C6C00204FF0011101221C65EF
:10AD100018625DF8044B99651A61704709488142D1
:10AD200007D9094C09480A499C645A629862D96259
:10AD3000E8E7084C0848F6E77F1A06003B37281971
:10AD4000B80B05053F420F000A090704600901011D
:10AD5000007F05001C1A120C100E0202F0B40468E9
:10AD600040F201251E462561A3B121B311F8015B14
:10AD7000013B6566256FAF0707D41546013E676F37
:10AD80001AB105F8017B2A4604686569ED07F1D51B
:10AD9000002BEAD16EB10368196F8907FAD4114606
:10ADA000013E5B6F002AF5D001F8013B0A46002EF8
:10ADB000F1D1F0BC704790F83C50D9E743682DE9D9
:10ADC000F04FD3E90041814D4FF0B80A22684FF0AF
:10ADD000020822EA01027E492260AA6911407D4AE6
:10ADE0000A43AA6190F810E07B4A03EB0E0603EBDE
:10ADF0008E0E317C02EB01118968C1F800A090F839
:10AE000011C003EB0C0503EB8C0C95F8201002EB42
:10AE100001118968C1F800A0817C03EB010903EBF3
:10AE2000810199F830B002EB0B1BDBF808B0CBF8CE
:10AE300000A0D4F800A05F684AEA070AC4F800A09E
:10AE4000347CDEF814E002EB04146468C4F800E01B
:10AE500095F82040DCF824C002EB04146468C4F8C0
:10AE600000C0496B99F8304002EB0412526811603F
:10AE7000DA6B99F838101160DA69317EDB6A11609B
:10AE800095F828201A600F220368C3F810809A658D
:10AE9000C27C002A31D072B6C37CDC0708D54FF0E3
:10AEA000E0214469D1F8802122408262C1F88021EA
:10AEB000990708D54FF0E0218469D1F88421224018
:10AEC000C262C1F884215A0708D54FF0E021C46955
:10AED000D1F8882122400263C1F888211F0708D5D4
:10AEE0004FF0E021046AD1F88C2122404263C1F87E
:10AEF0008C21DE0655D462B60368384C8268A242C3
:10AF000059D0324A846092693549C2F30116C2F3BE
:10AF10008262344D51F826100132B1FBF2F2AA429E
:10AF200031D80022C260002403211C610724596229
:10AF300001211A641C661961C37C13B3DD0704D5B3
:10AF4000816A4FF0E022C2F800119C0704D5C16A63
:10AF50004FF0E022C2F80411590704D5016B4FF0FD
:10AF6000E022C2F808111A0704D5416B4FF0E02225
:10AF7000C2F80C11DB0604D5826B4FF0E023C3F856
:10AF80001021BDE8F08F1849A1FB0251090DB2FB59
:10AF9000F1F2A24288BF0131B1F5817F0DD3134A8E
:10AFA000C0E74FF0E022416AD2F890310B40836352
:10AFB000C2F890319FE7C268B5E70229B1D90239DA
:10AFC0004C08220242EA04420A43ABE700C00F40A9
:10AFD000CFFFFFE3100000084C56002000093D00A1
:10AFE00068480020FF083D0083DE1B43FF7F7F0091
:10AFF0000BB1FFF7B3BE7047012220214FF0100CB8
:10B00000027642760277427780F8202080F8272067
:10B0100080F82820C022C17680F82F200022C17736
:10B02000FF2180F8252080F8262080F82B2080F84A
:10B030002C2080F82D2080F8302080F8312080F8F6
:10B04000322080F8332080F8342002700F2280F8FC
:10B050001AC080F81EC080F821C04FF0110C80F893
:10B06000221080F8291080F82A1041F6FF7180F82C
:10B07000232080F82420142280F82EC000B54FF041
:10B08000280E80F816E0C27501825DF804FB00BF4F
:10B09000C80B704741FA02F202F00100704700BF8E
:10B0A0002DE9F04F4FEA410A83B00126044601938F
:10B0B0005FFA8AFAC36889460421951E83F83061D5
:10B0C00002F1160883F82F6183F8A5A0C068DFF8A5
:10B0D00034B103681B6898470021E068FFF76AFCF9
:10B0E000334618224946E068FFF7E4FC444EE06826
:10B0F00026E090F8A23090F8A3209A4274D95A1C06
:10B10000034480F8A220E0689F7E03685B69B34235
:10B1100021D190F8A2303AB290F8A31099426BD99D
:10B12000C118013380F8A2308B7EE0680BEA03235C
:10B130001BB21343C3F3090325F8023FA84517D0F8
:10B1400003685B69B342D4D098470746E068036858
:10B150005B69B342DDD098470BEA0023E0683AB25E
:10B160001BB21343C3F3090325F8023FA845E7D1F7
:10B170004FF00108019B80F8A5A01E2180F83081C6
:10B180009D1E80F82F8103F11607E06803681B6895
:10B1900098470021E068FFF70DFC434649460C2222
:10B1A000E068FFF787FC10E090F8A23090F8A32049
:10B1B00003F1010CC1189A421BD980F8A2C0887E05
:10B1C000800025F8020FAF420BD0E06803685B698E
:10B1D000B342E9D09847800080B225F8020FAF4211
:10B1E000F3D103B0BDE8F08F4FF0FF326FF0FF03F3
:10B1F0009FE74FF6FC70E4E76FF0FF0399E700BFAD
:10B20000D575020000FFFF00F8B501270E461D4668
:10B210001146C36806FA07F2044683F8A52083F8AE
:10B22000307183F82F71C06803681B68984700214C
:10B23000E068FFF7BFFB3B463A463146E068FFF760
:10B2400039FC00230E4A2B70E06803685B69934267
:10B250000ED190F8A23090F8A3209A420ED9DA19B4
:10B26000034480F8A22028789B7E18432870F8BDFC
:10B2700098472B781843C0B22870F8BDFF20F5E737
:10B28000D575020050B50646007883B0D8B1334674
:10B29000002403E00134E2B2904216D913F8012FE2
:10B2A0008A42F7D10022304626440DF107038DF87B
:10B2B00007205D22FFF7A8FF9DF80730B07CC01A79
:10B2C000B0FA80F0400903B050BD002003B050BD7B
:10B2D00070B50446012548001E46E368114683F810
:10B2E000305183F82F5183F8A500E06803681B688C
:10B2F0009847E068314603681B6898472946E0682C
:10B30000BDE87040FFF756BB03781BB303F1FF3C69
:10B31000421C034652FA8CFC30B5054683B00C46FD
:10B3200001E0634514D013F8012FA242F9D101AB1B
:10B330005E2221462846FFF767FF9DF804305E2213
:10B34000214623F03F0328468DF80430FFF7C0FF65
:10B3500003B030BD704700BF70B50C46017882B0B5
:10B3600069B316460139421C0546034652FA81F17B
:10B3700001E08B4223D013F801CFA445F9D101ABF2
:10B380005E2221462846FFF73FFF00235E2221462A
:10B390002846FFF79DFF9DF804305E22214628468F
:10B3A000FFF796FF9DF804C05E22214666F3871CD6
:10B3B00028465FFA8CF38DF804C0FFF789FF02B0CE
:10B3C00070BD00BF2DE9F04190460278A2B31F4640
:10B3D000013A431C0D460646014653FA82F201E04B
:10B3E0008A4229D011F8013FAB42F9D1474525D80F
:10B3F00006F135035E22294630464124FFF704FF5B
:10B4000029463046FFF780FF22464346294630460C
:10B41000FFF75EFF621C02343B462946D2B2E4B21B
:10B420003046FFF755FF5B2CEED196F835305E22A3
:10B4300029463046FFF74CFFBDE8F0814346B84649
:10B440001F46D5E7F8B5037893B1002504460E46AC
:10B450001746AC46A444013520463B469CF80110F3
:10B460003246FFF7AFFF20785FFA85FC6045F1D8E0
:10B47000F8BD00BF70B50C46017851B305460139DF
:10B480000130AC4650FA81F101E08C4521D01CF826
:10B4900001EFA645F9D11E0102F0070105F13503C0
:10B4A0005E2206F0700628460E432146FFF7ACFEEA
:10B4B00021462846FFF728FF33465B2221462846CF
:10B4C000FFF706FF95F835305E2221462846FFF744
:10B4D000FFFE70BD70B50C46017882B0C9B3164648
:10B4E0000139421C0546034652FA81F101E08B42C4
:10B4F0002FD013F801CFA445F9D101AB5C2221462E
:10B500002846FFF781FE3F2E32469DF8041028BFE3
:10B510003F2205F135032846012A38BF012262F394
:10B5200005015E228DF804102146FFF76DFE2146CD
:10B530002846FFF7E9FE9DF804305C2221462846A4
:10B54000FFF7C6FE95F835305E2221462846FFF704
:10B55000BFFE02B070BD00BF2DE9F04104788CB38E
:10B560001F46013C431C80460D46164653FA84F4A0
:10B57000844601E0A44525D01CF801EFAE45F9D181
:10B580000C2E1FD808F135035E2229464046FFF7EE
:10B590003BFE29464046FFF7B7FE3F2F3B4606F1EC
:10B5A0005F0228BF3F232946D2B24046012B38BF55
:10B5B0000123FFF78DFE98F835305E22294640467C
:10B5C000FFF786FEBDE8F081F0B50D46017883B047
:10B5D000A9B3064617460346002404E001345FFA87
:10B5E00084FC8C452BD213F801CFAC45F6D101ABCE
:10B5F0005D2229463046FFF707FE9DF8042006F13C
:10B600003503294667F34712304634448DF8042049
:10B610005E22FFF7F9FD29463046FFF775FE9DF8DB
:10B6200004705D2229463B463046FFF751FEA77461
:10B630005E22294696F835303046FFF749FE03B0C2
:10B64000F0BD00BF2DE9F04104787CB31F46013CFA
:10B65000431C80460D46164653FA84F4844601E0A6
:10B66000A44523D01CF801EFAE45F9D10C2E1DD80E
:10B6700008F135035E2229464046FFF7C5FD2946FD
:10B680004046FFF741FE06F00103720829469B0081
:10B6900040466C3207FA03F3DBB2FFF719FE98F865
:10B6A00035305E2229464046FFF712FEBDE8F081A4
:10B6B00070B50C46017882B091B316460139421C30
:10B6C0000546034652FA81F101E08B4228D013F877
:10B6D00001CFA445F9D101AB5C2221462846FFF7F2
:10B6E00093FD9DF8042005F13503214666F387128A
:10B6F00028468DF804205E22FFF786FD2146284665
:10B70000FFF702FE9DF804305C2221462846FFF731
:10B71000DFFD95F835305E2221462846FFF7D8FD3B
:10B7200002B070BDF0B50D46017883B0A9B30646EE
:10B7300017460346002404E001345FFA84FC8C457C
:10B740002BD213F801CFAC45F6D101AB5D222946CF
:10B750003046FFF759FD9DF8042006F135032946D0
:10B7600067F3C402304634448DF804205E22FFF7AC
:10B770004BFD29463046FFF7C7FD9DF804705D225A
:10B7800029463B463046FFF7A3FDA7745E222946B3
:10B7900096F835303046FFF79BFD03B0F0BD00BF93
:10B7A000F0B50D46017883B0A9B3064617460346A7
:10B7B000002404E001345FFA84FC8C452BD213F89A
:10B7C00001CFAC45F6D101AB5D2229463046FFF7EB
:10B7D0001BFD9DF8042006F13503294667F302029C
:10B7E000304634448DF804205E22FFF70DFD2946D3
:10B7F0003046FFF789FD9DF804705D2229463B46DF
:10B800003046FFF765FDA7745E22294696F835306D
:10B810003046FFF75DFD03B0F0BD00BF70B51446C4
:10B8200005460E46FFF770FDA378284631462B22C9
:10B83000FFF74EFDE378314628462C22FFF748FDFE
:10B840002379314628462D22FFF742FD63793146A0
:10B8500028462E22FFF73CFDA379314628462F22A9
:10B86000FFF736FDE379314628463022FFF730FDF9
:10B87000237A314628463122FFF72AFD637A314682
:10B8800028463222FFF724FDA37A31462846332288
:10B89000FFF71EFDE37A314628463422FFF718FDF4
:10B8A000237B314628463522FFF712FD637B314664
:10B8B00028463622FFF70CFDA37B31462846372267
:10B8C000FFF706FDE37B314628463822FFF700FDEF
:10B8D000237C314628463922FFF7FAFC637C314647
:10B8E00028463A22FFF7F4FCA37C314628463B2247
:10B8F000FFF7EEFCE37C314628463C22FFF7E8FCEC
:10B90000237D314628463D22FFF7E2FC637D314628
:10B9100028463E22FFF7DCFCA37D314628463F2225
:10B92000FFF7D6FCE37D314628464022FFF7D0FCE6
:10B93000237E314628465B22FFF7CAFC637E3146F0
:10B9400028465E22FFF7C4FCA37E314628467B22B0
:10B95000FFF7BEFCE37E314628467C22FFF7B8FCA9
:10B96000237F314628467D22FFF7B2FC637F3146B4
:10B9700028467E22FFF7ACFCA37F314628467F2273
:10B98000FFF7A6FC6378227831462846BDE8704070
:10B99000FFF718BD70B50D460178E9B106460346BC
:10B9A000002403E00134E2B2914215D913F8012FCB
:10B9B000AA42F7D18022294663233046FFF788FC4C
:10B9C000344424230120A374F4F774FC2946304640
:10B9D000FFF758FC044610B90024204670BD3046DD
:10B9E00006F116022946FFF719FF204670BD00BF79
:10B9F00070B504461E4608461546E1600AF0A2FBF3
:10BA000086B92378032B07D8E2180133002123706D
:10BA1000242355705171937429462046BDE8704027
:10BA2000FFF7B8BF0249E068FFF75CF9E9E700BF3C
:10BA3000801A06002DE9F0410F464FF0010811462B
:10BA40001D4607FA08F2C36804461C4E83F8A52079
:10BA500083F8308183F82F81C06803681B6898479A
:10BA60000021E068FEF7A6FF434639460222E0685F
:10BA7000FFF720F800231F462B80E06803685B690E
:10BA8000B34214D190F8A23090F8A310994203F178
:10BA9000010103440ED980F8A2109A7E2B88BA4087
:10BAA00008371A43102F2A80E7D1BDE8F081984764
:10BAB0000246F3E74FF0FF32F0E700BFD575020012
:10BAC00000B583B000220DF10603FFF7B3FFBDF808
:10BAD000060003B05DF804FB03782BB300F1010C02
:10BAE00000B503F1FF3E83B003465CFA8EFE01E031
:10BAF000734508D013F801CF8C45F9D100230C2AE7
:10BB0000ADF8063003D9002003B05DF804FB023223
:10BB10000DF10603520002F0FE02FFF78BFFBDF8A5
:10BB2000060003B05DF804FB0020704770B50446C2
:10BB30001D4601264800E368114683F8306183F80A
:10BB40002F6183F8A500E06803681B689847E068E8
:10BB5000E9B203681B689847E068290A03681B6814
:10BB600098473146E068BDE87040FEF723BF00BF4C
:10BB700070B50C46017882B079B306461546844606
:10BB8000002304E001335FFA83FE8E4525D21CF8C2
:10BB900001EFA645F6D106EB030C21464FF4004316
:10BBA000002230468CF80550FFF7C0FF214601AB5C
:10BBB0005E223046FFF728FB9DF804002B0121464A
:10BBC00020F03F045E2203F03003304643F00C03C4
:10BBD00023438DF80430FFF77BFB02B070BD00BF3C
:10BBE000037883B170B5002504460E462B462344E6
:10BBF0000135204632465978FFF7BAFF2078EBB27C
:10BC00009842F4D870BD70470000000070B553EC46
:10BC1000102B764C764D4FF0FF3E1C449645A541C7
:10BC20002DED088B10EE100A1E465BD24FEA134C26
:10BC3000ACF1100547F6DF74A54200F2A280BFEE1A
:10BC4000000B06F1404303F5D013C3F385321C0DFE
:10BC50001B1508EE103A674B03EB021595ED265BBA
:10BC6000240593ED009B93ED063B93ED0A2B93ED9A
:10BC7000021B93ED047B93ED086B93ED0C4B95ED5C
:10BC800024ABB8EEC88B021E38EE058B93ED0E5B2D
:10BC9000331B43EC1B2BABEE0A0BA2EE006BA3EEA7
:10BCA000007B29EE002BA5EE004BB0EE423B20EED0
:10BCB000005B90EE093BA6EE057BA1EE003B32EE69
:10BCC000086B38EE460B30EE020B25EE052B30EEFE
:10BCD000030BA4EE027BA5EE070B30EE060BBDECCA
:10BCE000088B70BD444CA34208BF002A73D0B7EE46
:10BCF000001B30EE411B3F4921EE019B91ED123BB1
:10BD000091ED106B91ED164BA3EE016B91ED1A5B6B
:10BD100091ED147B91ED183BA4EE017BA5EE013B68
:10BD200091ED1E4BA3EE097B29EE093B91ED1C5BC7
:10BD300091ED008BA4EE015B91ED220B91ED022BB6
:10BD400091ED204BA0EE014BA4EE095BB0EE450B4C
:10BD500028EE015BA0EE037BB0EE454BB0EE450B49
:10BD600091EE084BA6EE090BA2EE014B35EE405BBF
:10BD7000A6EE095B35EE045BA7EE035B30EE050B28
:10BD8000ADE7941843EB03052C431DD01B4CA34295
:10BD900008BF002AA3D01CF4004F0DD147F6F07164
:10BDA00031EA0C0108D09FED0D7B20EE077B51ECB2
:10BDB000170BA1F1507642E7BDEC088B43EC102B3A
:10BDC000BDE8704001F05ABABDEC088B0120BDE817
:10BDD000704001F03BBA9FED030B80E700000000CC
:10BDE000000030430000000000000000515B11C063
:10BDF000A9100200780E00200000F03F0000F07F44
:10BE0000000000002DE9F04F5BEC10AB2DED0A8B2C
:10BE10004FEA1B5C11EE90EA0CF1FF3640F2FD7028
:10BE2000864210EE101A11EE103A89B05A46654655
:10BE30004FEA1E5400F2C680C4F30A06A6F2BE36CC
:10BE40007F2E98BF002000F2BD80BFEE000BE14CBA
:10BE5000E14B1444C4F3463503EB451693ED006BF8
:10BE600093ED027B96ED128B96ED189B96ED162BBB
:10BE7000260D241505EE904A360593ED0C4BB8EED1
:10BE8000E55B951BA5EE062BA5EE079B93ED04AB9A
:10BE900093ED105B93ED08BB93ED067B93ED0A6B7E
:10BEA00093ED0E3B0C1E45EC1C4BACEE080BA0EECC
:10BEB000053BA0EE046B20EE0A5B30EE024B20EE59
:10BEC000058BA0EE0B7BA8EE036B32EE442BA8EEA5
:10BED000067B32EE002BB0EE483B39EE022B95EE9E
:10BEE000003B34EE085B20EE080B34EE454B32EE9F
:10BEF000036B34EE084B36EE046BA0EE076B35EEA9
:10BF0000064B21EE048B18EE902AB0EE487BC2F36C
:10BF10000A556FF47273EB183E2B91EE047B35EEED
:10BF2000445B35EE065BA1EE057B00F29380AB4BE4
:10BF300093ED024B93ED005BB0EE441B93ED042BAD
:10BF4000A8EE051B93ED066B11EE101A31EE441BA3
:10BF500001F07F0293ED0E4BA1EE028BA1EE068B5A
:10BF600093ED0C6B37EE087B27EE072B921802F14E
:10BF70000F0403EBC202A7EE046B92ED1C4B03EB24
:10BF8000C40293ED0A3B93ED085B53F834605768A5
:10BF9000A7EE035B4018002422EE023B37EE047B41
:10BFA000A219A2EE057B07EB4033A3EE067B002D22
:10BFB0005FD043EC102BA7EE000B09B0BDEC0A8B51
:10BFC000BDE8F08FD8184EEB0E09461E37466FF0CD
:10BFD000010849F1FF36B8456FF4001777EB060604
:10BFE000C0F02081481842EB0209461E374669F12D
:10BFF0000006B8456FF4001777EB0606C0F03981EC
:10C00000002A6ADB0020C4F30A06A6F2BE337F2BA7
:10C0100040F2FF774FD9724B00209A4208BF81420D
:10C0200000F0FD8040F2BD35AE4240F29180012922
:10C0300072EB030334BF01230023BC428CBF0024F6
:10C040000124A3420ED109B0BDEC0A8BBDE8F04F2C
:10C0500001F0ECB8002BC0F2CE80B5F5816F75D938
:10C06000002AF0DB09B0BDEC0A8BBDE8F04F01F00F
:10C07000E5B8A14280F21381B7EE003B03F17F5196
:10C0800001F50011104641EC150B27EE057B35EE4E
:10C09000076BB0EEC64BB4EEC34BF1EE10FA61D4B1
:10C0A0009FED480B26EE000B09B0BDEC0A8BBDE8F6
:10C0B000F04F01F0F3B8002D7FF4C7AE9FED437B46
:10C0C0004BEC16AB26EE077B53EC172B23F000420C
:10C0D00017EE101AA2F15072B7E6C4F30A0640F246
:10C0E000FE3086427EDD40F23340864200F3FA8025
:10C0F000801BA0F120054FF0FF374FF0FF3987403C
:10C1000009FA05F9C0F12008019547EA09054FF041
:10C11000FF3727FA08F945EA0905874023EA0707A8
:10C120002EEA05053D435DD1019DC3400EFA08F896
:10C1300043EA08032EFA05FE43EA0E0303F0010367
:10C14000980422F00042CCF30A055EE70025EEE6F3
:10C1500088429341B7EE000B34BF31EE000B30EE56
:10C16000410B2AE7B5EEC06BF1EE10FA35EE465BF7
:10C17000BFEE004B35EE075B58BFB0EE434B36EEDB
:10C18000043B34EE437B37EE067B37EE057B37EE20
:10C19000037B37EE446BB5EE406BF1EE10FA04D141
:10C1A0002A4601F0004343EC162B9FED065B8DED14
:10C1B000045B9DED047B27EE057B8DED067B6FE731
:10C1C000AFF300800000000000001000000000003D
:10C1D00000003043AB6A19C0381600200806002062
:10C1E0000000F03F4BEC10AB09B0BDEC0A8BBDE892
:10C1F000F04F01F043B8B7EE000B38EE000B00280B
:10C200003FF4DBAEB1EE400BD7E64918594B82F450
:10C2100000224FF000005241884293415DD3B7EEB7
:10C22000000BCAE650EA0904EFD0534C0025A242A5
:10C2300008BFA94247D04918504B52418D4273EB79
:10C2400002044AD3994508BFA84246D103F10043EE
:10C250009A4208BFA942E2D09A426FEA0E0E34BF5A
:10C26000002201224FEADE7E724577D09FED3D0B22
:10C27000A3E64BEC17AB002A27EE070B34DB0022BA
:10C2800050EA09095DD1BEF1000FBFF696AE104627
:10C2900009B0BDEC0A8BBDE8F04F00F0D7BF03F149
:10C2A00040419FED326B01F57001104641EC100BDF
:10C2B000A7EE000B20EE060B09B0BDEC0A8BBDE823
:10C2C000F04F00F0F7BFDB182A4A8EF4002E4EEB39
:10C2D0000E0E9D4272EB0E02A1D24BEC17AB37EE65
:10C2E000010B6AE600202CE7C4F30A02A2F2FF3138
:10C2F0003429C4D8C2F586624FF0FF31A2F11D0582
:10C30000033201FA05F701FA02F4C2F120063C43B8
:10C3100021FA06F73C43914023EA01012EEA040486
:10C320002143ACD123FA02F20EFA06F632432EFA7A
:10C3300005F52A4312F00102A2D0B1EE400B012212
:10C340009EE7BEF1000FBFF638AEB7EE006B86EE8B
:10C35000007B8DED027B9DED020B2EE621EE010BA5
:10C360002BE600BF000000000000000000000000FD
:10C370000000007F0000F0FF0000F03F0000E0FF41
:10C3800010EE103A40F22A41C3F30A528A42B7EE45
:10C39000C03A32D8B7EE000B2D4B93ED4A2B93EDFC
:10C3A000481BB0EE417BA2EE037B17EE100A37EE7E
:10C3B000417B00F01F0203EBC20130B492EE037B1D
:10C3C00093ED4C4B53F832404D6893ED4E6B93ED2B
:10C3D000505BA4EE076B27EE074B00210A1905EB13
:10C3E000C033A5EE070B43EC172BA6EE040B30BCB5
:10C3F00020EE070BB7EEC00B704713F5000F20D0EF
:10C40000B2F5FF6F1AD2DFED137AB4EEE70AF1EE60
:10C4100010FA10DCDFED107AB4EEE70AF1EE10FA54
:10C4200012D4DFED0E7AB4EEE70AF1EE10FAB1D5D0
:10C43000002000F06BBE002000F06EBE30EE000A5F
:10C4400070479FED070A7047002000F059BE00BFFB
:10C45000C00400201772B142B4F1CFC2CF8ECEC259
:10C460000000000010EE103AB3F17E5F10EE102ACB
:10C4700038D0A3F50001B1F1FE4F36D2BFEE000B6C
:10C4800002F14043264903F54D03C3F3C34001EBDA
:10C49000001091ED404B91ED445B91ED467B91EDA9
:10C4A000426BD90DC90590ED002B521A03EE902A6C
:10C4B00090ED021BDB15B7EEE33AA2EE030B03EEA1
:10C4C000903A20EE002BA5EE007BB8EEE33BA6EE03
:10C4D000027BA3EE041B30EE010BA2EE070BB7EEBE
:10C4E000C00B70479FED0F0A7047590014D0B3F18D
:10C4F000FF4F14D0002B0BDBB1F17F4F08D2DFEDE3
:10C500000A7A60EE277A17EE903AA3F13862B5E71F
:10C5100000EE103A00F018BE012000F003BE704794
:10C5200028140020000000000000004B10EE103A1C
:10C53000B3F17E5F3ED0A3F50001B1F1FE4F10EEE6
:10C54000102A3AD2BFEE002B02F14043284903F5EE
:10C550004D03C3F3C34001EB001091ED424B91ED4D
:10C56000447B91ED406B91ED465BD90DC9052DEDF6
:10C57000028B90ED021B90ED008B521ADB1500EE42
:10C58000103A03EE902AB8EEC00BB7EEE33A30EE65
:10C59000010BA8EE032BBDEC028B22EE023BA4EEB6
:10C5A000027BA5EE020BA6EE037BA3EE070BB7EE14
:10C5B000C00B70479FED0F0A7047590014D0B3F1BC
:10C5C000FF4F14D0002B0BDBB1F17F4F08D2DFED12
:10C5D0000A7A60EE277A17EE903AA3F13862B1E753
:10C5E00000EE103A00F0B0BD012000F09BBD704796
:10C5F00008130020000000000000004BB0EE407B5C
:10C6000017EE903A1B4A23F0004393421BDD1A4A6F
:10C61000934202DD30EE400B704700B585B06846AE
:10C6200000F040F900F0030001289DED021B9DED94
:10C63000000B0CD0022812D070B1012000F0B6F827
:10C6400005B05DF804FB9FED091B00F017B800F082
:10C65000ADF8B1EE400BF3E700F010F8F0E700F0B2
:10C660000DF8B1EE400BEBE7AFF3008000000000E7
:10C6700000000000FB21E93FFFFFEF7F10EE903A42
:10C6800023F00043B3F1795F2DED028B2EDAFDEE3E
:10C69000C07B17EE903A002B65D020EE004B9FED4B
:10C6A000358B9FED362B9FED373BA4EE082B9FED8E
:10C6B000375BA4EE023B9FED376BA4EE035B9FED6F
:10C6C000377BA4EE056BA4EE067B24EE077B21EE00
:10C6D000401BB6EE006BA4EE071BB7EE000B94EE0A
:10C6E000061BBDEC028B30EE410B70479FED218B9A
:10C6F00020EE004B9FED212B9FED223BA4EE082B5B
:10C700009FED225BA2EE043B9FED226BA3EE045B48
:10C710009FED227BA5EE046B224AA6EE047B93429A
:10C7200027EE047BD3DD204A934217DCB7EE006B83
:10C730000020A3F5001141EC150B36EE456B21EE00
:10C74000401BB6EE003BA4EE071B94EE035BBDEC72
:10C75000028B35EE410B36EE400B7047B6EE076BA1
:10C76000B5EE025BEBE7B7EE000BBDEC028B70475A
:10C77000AFF30080D43888BEE9FAA8BDC4B1B4BD17
:10C780009EEE213EAD529C804F7E92BE9015CB19FD
:10C79000A001FA3E7751C1166CC156BF4C55555594
:10C7A0005555A53F3233D33F0000E93F10EE903A94
:10C7B00023F00043B3F1795F04DAFDEEC07B17EE9E
:10C7C000903A5BB320EE007B9FED162B9FED173B5D
:10C7D0009FED184BA7EE023B9FED185BA3EE074BB6
:10C7E0009FED186BA4EE075BA5EE076B20EE075BD1
:10C7F00030B99FED164BA7EE064BA4EE050B704724
:10C800009FED144B26EE456BB6EE003BA1EE036B9D
:10C8100096EE071BA5EE041B30EE410B704700BFE0
:10C82000AFF300807CD5CF5A3AD9E53DEB9C2B8AFB
:10C83000E6E55ABE7DFEB157E31DC73ED561C1197D
:10C84000A0012ABFA6F810111111813F4955555575
:10C850005555C5BF495555555555C53F08B52DEDDD
:10C86000028BF0EE408AB0EE608A01F089F8F4EEB7
:10C87000488AF1EE10FA06D6DFED098AB4EE688A2E
:10C88000F1EE10FA02D0BDEC028B08BD03F0C6F841
:10C8900088EEA80ABDEC028B2123036008BD00BF0F
:10C8A0000000000070B553EC102B9C4923F00045AC
:10C8B0008D4288B004466ADD99498D421E461BDCD4
:10C8C000002B9FED867B40F3EB8030EE477BA1F59C
:10C8D0001B21A1F5F0618D426AD09FED826B012092
:10C8E00037EE465B37EE457B84ED005B37EE467BEB
:10C8F00084ED027B08B070BD8A498D4260DD8A49B3
:10C900008D424DDC2A1510EE100AA2F21642A5EB5C
:10C91000025141EC170B9FED755BBDEEC76BB8EE96
:10C92000C66B37EE467B27EE057BFDEEC74B8DEDE4
:10C93000026BB8EEE46B37EE467B27EE057BB5EE77
:10C94000407BF1EE10FA8DED046B8DED067B40F02F
:10C95000968014EE903A002B0CBF012302237349FA
:10C9600001910221009102A8214600F0B7FC002E9F
:10C97000C0DA94ED006B94ED027BB1EE466BB1EE44
:10C98000477B84ED006B84ED027B4042B2E70020E0
:10C990000021C4E90201002084ED000B08B070BD45
:10C9A00030EE407B002084ED027B84ED007BA1E72C
:10C9B0009FED505B9FED516B37EE457B01208FE77C
:10C9C00000F0D4FFB6EE007B9FED4E5BA0EE057B42
:10C9D000FDEEC77B9FED413B17EE900A9FED416B4B
:10C9E0001F28B8EEE75BB1EE454BA5EE430B25EEF5
:10C9F000067B1CDC4E4B421E53F82230AB4216D055
:10CA000030EE476B84ED006B30EE460B30EE470B9B
:10CA1000002E84ED020BBFF66DAFB1EE466BB1EEAA
:10CA2000400B84ED006B84ED020B404262E730EE78
:10CA3000476B16EE903AC3F30A53C3EB1553102B12
:10CA40004FEA2552DEDDB0EE403B9FED2A6B9FEDB5
:10CA50002B2BA4EE063B30EE437BA4EE067B95EE3B
:10CA6000027B33EE476B16EE903AC3F30A53D21AA9
:10CA7000312A06DCB0EE430B84ED006BC4E70323E0
:10CA80006DE79FED226BB0EE430B9FED222BA4EEE2
:10CA9000060B33EE407BA4EE067B95EE027BAFE700
:10CAA000244930EE077B8D420ED09FED0E6B4FF088
:10CAB000FF3037EE065B37EE457B84ED005B37EEEB
:10CAC000067B84ED027B15E79FED0A5B9FED0B6B08
:10CAD00037EE057B4FF0FF30EBE700BF000040541E
:10CAE000FB21F93F3163621A61B4D03D00000000C0
:10CAF000000070410000601A61B4D03D7370032ED5
:10CB00008A19A33B83C8C96D305FE43F0000002E43
:10CB10008A19A33BC14920259A837B39FB21E93F30
:10CB20007BD90240FB213941FFFFEF7F20640020C9
:10CB3000F0580020FB21F93F10EE101AC1F3C75244
:10CB40000029A2F17F0CB4BF4FF0FF300120BCF1EF
:10CB50001E0F0FDCBCF1000F1DDBC1F31603BCF18F
:10CB6000160F43F400030ADD963A03FA02F202FBC1
:10CB700000F07047FDEEC07A17EE900A70474FF450
:10CB8000800242FA0CF21A44CCF1170C22FA0CF291
:10CB900002FB00F07047BCF1FF3F18BF0020704758
:10CBA0000000000030B410EE103A2DED028BA3F51A
:10CBB000000110EE902AB1F1FE4F10EE104A82B043
:10CBC0004FEA42017CD201F1FF3C6FF08070844556
:10CBD00080F0F780002004F1404303F54D03C3F3D8
:10CBE000C342DB0DDB05E11ADB1507EE903AB14BD2
:10CBF00003EB021292ED003B04EE101AB7EEE06A6E
:10CC0000B7EEC44ABFEE000BA3EE040B93ED443B1A
:10CC100020EE001B93ED464B93ED402BA0EE034B13
:10CC200093ED425B93ED483BA0EE025B21EE012BBE
:10CC300092ED028BB8EEE77B37EE087BA0EE037B2C
:10CC4000A1EE047BA5EE027B26EE077B17EE903A61
:10CC500048F2BF01C3F3CF338B4250D2B7EE000B83
:10CC6000954B93ED402B37EE023B13EE102A33EE3B
:10CC7000423B02F01F01821803EBC10093ED424BCF
:10CC800037EE437B53F83140456893ED446B93EDA9
:10CC9000465BA7EE046B27EE074B0023181905EB44
:10CCA000C231A7EE050B41EC170BA6EE040B20EEEC
:10CCB000070BB7EEC00B02B0BDEC028B30BC704767
:10CCC0004D1E6FF08070854280F0CE8059004D1E61
:10CCD000854280F09280002B55DB0020B4F5000FD8
:10CCE000BFF479AFDFED757A07EE103A67EE277A79
:10CCF00017EE904A24F00044A4F138646BE79FEDEE
:10CD0000656BB4EEC67BF1EE10FA15DC9FED636B3C
:10CD1000B4EEC67BF1EE10FA20DD4FF04C5388B133
:10CD20000193DDED016ABFEE006A76EE666AF4EE0D
:10CD3000466AF1EE10FA11D002B0BDEC028B30BCA5
:10CD400000F0EAB90093DDED006AB7EE006A76EE16
:10CD5000866AF4EE466AF1EE10FAEDD19FED516B62
:10CD6000B4EEC67BF1EE10FA57D99FED506BB4EEDE
:10CD7000C67BF1EE10FA7FF571AF02B0BDEC028B0D
:10CD800030BC00F0C3B9C2F3C7517E2911DD96292A
:10CD900054DC0120C1F1960100FA01F1481E104255
:10CDA00007D1114214BF01200020000424F00044E8
:10CDB00094E700EE103A02B0BDEC028B30BC00F0FC
:10CDC000C3B9002952D0B3F17E5F2CD06400B4F116
:10CDD0007F4F2ED8B1F17F4F2BD1B4F1FE4F4BD006
:10CDE000B4F1FE4F6FEA020234BF00240124D20FD7
:10CDF00094424CD09FED320A5DE7002B20EE000AF2
:10CE00001EDB002000293AD1002ABFF654AF02B041
:10CE1000BDEC028B30BC00F085B902B0BDEC028BDA
:10CE200030BC00F06DB982F48002520012F5000FA0
:10CE300022D907EE903A37EEA00A3CE70020B5E78A
:10CE4000C2F3C753A3F17F001728DAD8C3F19600C5
:10CE5000012303FA00F0441E1442D2D11040D1D075
:10CE6000B1EE400A1846CDE70029AFD184F4800224
:10CE7000520012F5000FDCD8B7EE000A1BE7002ABB
:10CE8000BFF619AFF7EE007A87EE800A13E720EEBF
:10CE9000A00A10E771D5D1FFFFFF5F40E2AAA3FF10
:10CEA000FFFF5F400000000000C062C00000000003
:10CEB00000A062C080260020C00400200000004BBB
:10CEC0000000000030B510EE104AC4F30A53B3F569
:10CED0007D7FB7EEC06A83B01BD226EE065BB3F54A
:10CEE000667F6ED326EE052B25EE021B734B93ED6A
:10CEF0001A3B93ED187B93ED164BA5EE037BA2EE48
:10CF0000046BB0EE460BA7EE010BB7EEC00B03B0FF
:10CF100030BD40F22E4293425ED8684991ED087BC5
:10CF200026EE077BFDEEC77B91ED0A5B17EE903A8C
:10CF300003F500031B1613F0020F07EE903A01F100
:10CF4000700208BF0A46D807B8EEE77BA7EE456B2C
:10CF500026EE067B1BD403F0030301EBC30192ED25
:10CF60001A4B91ED002B92ED185B26EE026B92EDC1
:10CF7000163BA7EE045B26EE074B27EE047BA4EEE0
:10CF8000036BA5EE076BB7EEC60B03B030BD92ED99
:10CF9000142B27EE075B92ED126B92ED0E3BA7EE82
:10CFA000026B92ED0C0B92ED104BA7EE030B27EEEC
:10CFB000057BA5EE040BA6EE070BB7EEC00B03B086
:10CFC00030BD220D12F4FF6FDFD1B7EEC55B00EE6E
:10CFD000104A8DED015AD8E7B3F5FF6F4BD2384BAD
:10CFE000C4F3836203EB820053F822200569C4F383
:10CFF0001603C4F3C25143F400038B40016A03FBE0
:10D0000002F2A3FB0110E3FB050202F100518D0FB8
:10D0100001F04041511A00F0E1FF2A4B9FED257BC2
:10D0200005EBD47441EC160B14F0020FA3F170025F
:10D0300008BF1346E90726EE077B27EE076B1FD4D0
:10D0400004F0030402EBC40293ED1A4B92ED002BA3
:10D0500093ED185B27EE027B93ED163BA6EE045B87
:10D0600027EE064B26EE046BA4EE037BA5EE067BB3
:10D07000B7EEC70B89E703B0BDE8304000F064B8F5
:10D0800093ED142B26EE065B93ED127B93ED0E3B96
:10D09000A6EE027B93ED0C0B93ED104BA6EE030B6B
:10D0A00026EE056BA5EE040BA7EE060BB7EEC00B44
:10D0B0006BE700BF182D4454FB21193CA827002022
:10D0C000B84800201828002010B582B08DED010A64
:10D0D000044602F0A3FC9DED010A046002B010BDFD
:10D0E00030B1F1EE407A27EE800A2220FFF7ECBF44
:10D0F000F0EE407A27EE800A2220FFF7E5BF00BF5E
:10D100009FED010AFFF7ECBF000000109FED010A40
:10D11000FFF7E6BF0000201A9FED010AFFF7E0BF0E
:10D12000000000709FED070AFFEE007AB7EE007A6C
:10D1300000284FF0220047FE277A87EE800AFFF78B
:10D14000C3BF00BF0000000070EE407AB4EE400A9A
:10D1500087EEA77AF1EE10FAB0EE470A02D6212048
:10D16000FFF7B2BF704700BF00000000B0EE407B89
:10D1700017EE903A1B4A23F0004393421CDD1A4AF3
:10D18000934202DD30EE400B704700B585B0684633
:10D19000FFF788FB00F0030001289DED021B9DEDC9
:10D1A000000B0ED0022813D070B1FFF767FAB1EE72
:10D1B000400B05B05DF804FB9FED081B0020FFF756
:10D1C000F5BAFFF75BFAF4E70120FFF7EFFAF0E7B3
:10D1D0000120FFF7EBFAB1EE400BEAE70000000098
:10D1E00000000000FB21E93FFFFFEF7F10B582B098
:10D1F0008DED000B044602F011FC9DED000B046068
:10D2000002B010BD82B058B1B1EE407B8DED007B15
:10D210009DED007B222020EE070B02B0FFF7E6BF5A
:10D22000B0EE407BF2E700BF000000009FED010B75
:10D23000FFF7E8BF00000000000000109FED010BA9
:10D24000FFF7E0BF000000000000007082B000287F
:10D25000B7EE006BBFEE007B06FE077B8DED007B1B
:10D260009DED000B9FED037B222080EE070B02B0AB
:10D27000FFF7BCBF0000000000000000B4EE400B50
:10D28000F1EE10FA30EE407B87EE076BB0EE460B06
:10D2900002D62120FFF7AABF704700BFB5EE400BB2
:10D2A000F1EE10FA00D070472220FFF79FBF00BFB9
:10D2B000000000009FED076BB0EEC07BB4EE467B34
:10D2C000F1EE10FA00DC70472220FFF78FBF00BF9D
:10D2D000AFF30080FFFFFFFFFFFFEF7F2DE9F04F6F
:10D2E0002DED088BADF5157D1C4604930791AB4BD6
:10D2F000A69912F1140F53F82150824604F1FF3819
:10D30000C0F29982A649D31E81FB0301DB17C3EB50
:10D31000A10303930133A3EB8303DB00D31806932C
:10D32000039B15EB0801A3EB08031AD401319FED11
:10D33000956BA79819441CAA0AE050F8234007EE01
:10D34000904A0133B8EEE77B8B42A2EC027B08D017
:10D35000002BF2DAB0EE467B01338B42A2EC027B6B
:10D36000F6D1002DC0F2C982049B1CAA02EBC304B3
:10D370006CAE4FEAC30C4046EF180AEBC301B8F19C
:10D38000000F9FED807B09DB22465346B3EC025B26
:10D3900032ED026B8B42A5EE067BF7D10130B8422D
:10D3A000A6EC027B04F10804E9D108AF07EB850382
:10D3B0009FED769B9FED778B043BDDF818B00593CE
:10D3C0000AEB0C0407EB85096CAE2946019594AB7A
:10D3D00003EBC103002913ED280B16DD06EBC10397
:10D3E0003A4620EE097B33ED025BB0EE406BBDEEBA
:10D3F000C77BB342B8EEC77BA7EE486BBDEEC66BEA
:10D4000037EE050BA2EC016AEBD15846029100F011
:10D41000D1FBB0EE40ABB4EE000B2AEE000B00F0F7
:10D4200041FBB2EE007BA0EE47ABBDEECABBBBF149
:10D43000000FB8EECB7B02993AEE47AB74DD01F1F9
:10D44000FF3ECBF1180357F82E2042FA03FC0CFAEA
:10D4500003F3D21ACBF117001BEE103A42FA00F593
:10D460006344002D47F82E200BEE103A64DCB5EE35
:10D4700040ABF1EE10FA40F0C480019B01F1FF3E99
:10D4800073450DDC4FEA810C07EB8103002053F854
:10D49000042D4B4540EA0200F9D1002840F0F2800B
:10D4A000019B013B57F82330002B40F0E680059BA1
:10D4B000012553F8042D0135002AFAD001F1010E9F
:10D4C0000D447046049B1944039B03EB0E0C0CF1B6
:10D4D000804CA79B0CF1FF3C03EB8C0C1CAB06EBC8
:10D4E000CE0E03EBC1019CED017AB8EEC77BB8F11B
:10D4F000000F81ED007B0CF1040C0A469FED216BBF
:10D5000001F1080109DB534601E032ED027BB3EC87
:10D51000025BA342A5EE076BF7D10130A842AEEC47
:10D52000026BE0DD294652E740F09D804B1E57F824
:10D530002350ED15002D9ADD1BEE103A002903F162
:10D5400001030BEE103A40F38C813A68002A40F058
:10D55000828001292DD03B46012053F8042F002A58
:10D560007CD0431CC2F18072994247F820201FDD15
:10D5700057F8232007EB810C07EB83036FF07F4004
:10D5800011E000BF000000000000000000000000EB
:10D590000000703E0000000000007041CC580020E8
:10D5A000ABAAAA2A1A68821A43F8042B6345F9D158
:10D5B0000122BBF1000F0DDDBBF1010F00F0338143
:10D5C000BBF1020F06D1481E57F82030C3F31503F4
:10D5D00047F82030022D7FF44AAFB7EE000B30EE53
:10D5E0004AAB002A3FF443AF5846029100F0E2FAFA
:10D5F0003AEE40ABB5EE40ABF1EE10FA02993FF4D3
:10D600003CAF069CB0EE4A0B6042A8468B46019D9B
:10D6100000F0D0FA9FEDC16BB4EEC60BF1EE10FA3C
:10D62000C0F247819FEDBF7B20EE077BBDEEC77B3D
:10D630000BF10102B8EEC75BA5EE460BBDEEC00BC9
:10D64000183410EE103A47F82B3017EE103A0694C3
:10D6500047F822302AE00123002083E70130884286
:10D660007FF47BAFA5E7B6EE007BB4EEC7ABF1EE7F
:10D6700010FA80F2E5800025F9E601F1010E70460E
:10D6800075461FE7069BA3F1180157F82E30069147
:10D69000A8467246019D4BB9ACF104033B4453F8D4
:10D6A000040D013A18390028F9D006910698B7EE12
:10D6B000000B019200F07EFA019A002AC0F221814B
:10D6C0009FED986B02F1010C6CA907EB8C034FEAFC
:10D6D000CC0E01EBCC0133ED017ABB42B8EEC77B37
:10D6E00027EE007B20EE060B21ED027BF3D19FEDB0
:10D6F0008F4BAEF108036CA9CE18002444AF002D67
:10D700009FED8C7B10DBB0EE446B8C4831460023E0
:10D7100003E09C4208DBB0EC026BB1EC025B01332E
:10D720009D42A5EE067BF4DA07EBC403944283ED39
:10D73000007B4FEAC40104F10103A6F1080601D001
:10D740001C46DCE7A69B022B1DDC002B00F38B8024
:10D750000FD19FED787BBE443EED026B774537EEEF
:10D76000067BF9D143460BB1B1EE477B079B83EDB6
:10D77000007B1BEE103A03F007000DF5157DBDECA4
:10D78000088BBDE8F08FA69B032BF2D1002A00F096
:10D79000E38002F1005307EBC20030ED026BB0EE04
:10D7A000475B874237EE067B36EE476B80ED007BAA
:10D7B00036EE056B80ED026BEFD1012A40F3CC8091
:10D7C000394491ED006BDA0046A907EBC30333ED52
:10D7D000027BB0EE465B994236EE076B37EE467B36
:10D7E00083ED006B37EE057B83ED027BEFD19FED80
:10D7F000517B02F108033B4407F1100233ED026B49
:10D800009A4237EE067BF9D14346002B59D1D7E92E
:10D810000001D7E90223079C84ED047BC4E90001E1
:10D82000C4E90223A5E7481E57F82030C3F31603C6
:10D8300047F82030CEE600216FF0170303916DE525
:10D840001BEE103A002903F101030BEE103AC8BF9A
:10D8500002253FF77AAEB7EE007B37EE4AAB0225E2
:10D8600005E60022A5E69FED337B07EBCC0C3CEDF3
:10D87000026B674537EE067BF9D1434697ED006BA7
:10D880008BBB079B002A83ED007B36EE477B0CDDCC
:10D8900046A90123B1EC026B01339A4237EE067BB5
:10D8A000F8DA43460BB1B1EE477B079B83ED027B71
:10D8B0005FE7BDEEC00B5A4610EE103A47F82B302A
:10D8C000F4E697ED005BB1EE477B97ED026BB1EEAE
:10D8D000455B079BB1EE466B83ED005B83ED026B0E
:10D8E00083ED047B45E7079BB1EE475B002A83EDA0
:10D8F000005B36EE477BCBDCD5E7049B4FEAC30CDD
:10D9000053E5A69B022B1BDC002B21DC7FF431AFFF
:10D910009FED087B26E700BFAFF30080000000000A
:10D9200000007041000000000000703E0000004058
:10D93000FB21F93F000000000000000088040020E7
:10D94000A69B032B7FF415AF9FED067B44AF5BE7EF
:10D950009FED047B44AF90E79FED027B54E700BF4F
:10D96000AFF30080000000000000000051EC100B3D
:10D9700010EE102A21F0004343EC102B704700BF3B
:10D9800030B583B0CDED010A019D35F0004041D0A6
:10D9900010EE10EA2EF00041B1F1FF4F3ADAB0F18B
:10D9A000FF4F37DC81423BDB0EF000443AD01EF0E3
:10D9B000FF4F56D10B02002B6FF07D0204DD5B00A0
:10D9C000002B02F1FF32FADC15F0FF4F58D10302B1
:10D9D0006FF07D0C03D45B000CF1FF3CFBD512F122
:10D9E0007E0F47DBCEF3160E4EF400031CF17E0FC4
:10D9F0003ADBC5F3160141F40000B2EB0C0204D18E
:10DA000017E00FD04B00013A13D0191A0029F8DAA9
:10DA10005B00F8E7DDED017A60EE277A87EEA70A72
:10DA200003B030BD1D4B03EB547393ED000A03B0FC
:10DA300030BD181A58BF03461BB9F3E75B000CF161
:10DA4000FF3CB3F5000FF9DB1CF17E0F1DDBA3F5E6
:10DA500000030CF17F0C234343EACC5300EE103A51
:10DA6000DEE7CA157F3AAFE76FF07D01A1EB0C014D
:10DA70008840C2E76FF07D039B1A01FA03F3B5E714
:10DA80004FEAE05CACF17F0CA9E76FF07D02A2EBFE
:10DA90000C021341234300EE103AC1E7482D002049
:10DAA0000000000010B582B08DED000B01990098C8
:10DAB000C1F30A52A2F2FF33132B844631DC002B50
:10DAC00021DB3A4A1A4101EA020404438E462DD072
:10DAD0009FED347B9DED006B36EE077BB5EEC07B92
:10DAE000F1EE10FA09DD002904DA4FF4801141FA51
:10DAF00003F39E442EEA020100200B46024643EC4B
:10DB0000102B02B010BD9FED277B30EE077BB5EEEA
:10DB1000C07BF1EE10FAF0DD002928DB0020014681
:10DB2000EBE7332B06DDB3F5806F1BD09DED000BCB
:10DB300002B010BDA2F213424FF0FF3E2EFA02F2E5
:10DB40001042F3D09FED177B9DED006B36EE077B07
:10DB5000B5EEC07BF1EE10FACFDD002913DB2CEA25
:10DB60000200CAE79DED007B37EE070BE0E721F0EE
:10DB7000004101430E4B00294FF000000CBF4FF055
:10DB800000411946B9E7142B09D00124C3F134032D
:10DB900004FA03F39C44604588BF0919DFE70131AB
:10DBA000DDE700BF9C7500883CE4377EFFFF0F0077
:10DBB0000000F0BF53EC102B10B4C3F30A54194605
:10DBC00074BB23F00041114327D09FED307B3B49CC
:10DBD00020EE077B884253EC172B43DBC3F30A5438
:10DBE0001946363C4CF2503C604522DC204440F261
:10DBF000FE74A0421DDC002829DC10F1350F38DB53
:10DC000021F0FF41363021F4E0019FED227B41EA13
:10DC1000005343EC102B20EE070B5DF8044B7047CC
:10DC200040F2FF7C6445DDD130EE000B5DF8044B23
:10DC300070479FED1A7B9FED1B5BB0EE470B002BEF
:10DC40005DF8044B27FE057B27EE000B704721F0A3
:10DC5000FF4121F4E00141EA005343EC102B5DF851
:10DC6000044B70479FED110B5DF8044B27EE000B42
:10DC700070479FED0E7B9FED0F5BB0EE470B002BC7
:10DC800027FE057B27EE000BC7E700BF0000000062
:10DC900000005043000000000000903C9C7500888C
:10DCA0003CE4377E9C7500883CE437FE59F3F8C2AB
:10DCB0001F6EA50159F3F8C21F6EA581B03CFFFF8E
:10DCC00081F0004102E000BF83F0004330B54FEA2D
:10DCD00041044FEA430594EA050F08BF90EA020F9A
:10DCE0001FBF54EA000C55EA020C7FEA645C7FEA2D
:10DCF000655C00F0E2804FEA5454D4EB5555B8BF50
:10DD00006D420CDD2C4480EA020281EA030382EAC0
:10DD1000000083EA010180EA020281EA0303362D52
:10DD200088BF30BD11F0004F4FEA01314FF4801C25
:10DD30004CEA113102D0404261EB410113F0004F37
:10DD40004FEA03334CEA133302D0524263EB4303EE
:10DD500094EA050F00F0A780A4F10104D5F1200E8C
:10DD60000DDB02FA0EFC22FA05F2801841F10001E7
:10DD700003FA0EF2801843FA05F359410EE0A5F1BB
:10DD800020050EF1200E012A03FA0EFC28BF4CF0EC
:10DD9000020C43FA05F3C01851EBE37101F00045A2
:10DDA00007D54FF0000EDCF1000C7EEB00006EEBAF
:10DDB0000101B1F5801F1BD3B1F5001F0CD3490839
:10DDC0005FEA30004FEA3C0C04F101044FEA445290
:10DDD00012F5800F80F09A80BCF1004F08BF5FEA17
:10DDE000500C50F1000041EB045141EA050130BDF7
:10DDF0005FEA4C0C404141EB0101013C28BFB1F509
:10DE0000801FE9D291F0000F04BF01460020B1FA53
:10DE100081F308BF2033A3F10B03B3F120020CDA26
:10DE20000C3208DD02F1140CC2F10C0201FA0CF004
:10DE300021FA02F10CE002F11402D8BFC2F1200C69
:10DE400001FA02F120FA0CFCDCBF41EA0C0190401F
:10DE5000E41AA2BF01EB0451294330BD6FEA040468
:10DE60001F3C1CDA0C340EDC04F11404C4F1200253
:10DE700020FA04F001FA02F340EA030021FA04F365
:10DE800045EA030130BDC4F10C04C4F1200220FABC
:10DE900002F001FA04F340EA0300294630BD21FAFA
:10DEA00004F0294630BD94F0000F83F4801306BFC0
:10DEB00081F480110134013D4EE77FEA645C18BFB4
:10DEC0007FEA655C29D094EA050F08BF90EA020F4B
:10DED00005D054EA000C04BF1946104630BD91EA43
:10DEE000030F1EBF0021002030BD5FEA545C05D146
:10DEF0004000494128BF41F0004130BD14F5800485
:10DF00003CBF01F5801130BD01F0004545F0FE41F8
:10DF100041F470014FF0000030BD7FEA645C1ABF2D
:10DF2000194610467FEA655C1CBF0B46024650EA64
:10DF3000013406BF52EA033591EA030F41F4002190
:10DF400030BD00BF90F0000F04BF0021704730B516
:10DF50004FF4806404F132044FF000054FF00001EB
:10DF600050E700BF90F0000F04BF0021704730B5AC
:10DF70004FF4806404F1320410F0004548BF404281
:10DF80004FF000013EE700BF42004FEAE2014FEAD6
:10DF900031014FEA02701FBF12F07F4393F07F4FB1
:10DFA00081F06051704732F07F4208BF704793F0B4
:10DFB0007F4F04BF41F40021704730B54FF46074C7
:10DFC00001F0004521F000411CE700BF50EA0102CA
:10DFD00008BF704730B54FF000050AE050EA010273
:10DFE00008BF704730B511F0004502D5404261EBE3
:10DFF00041014FF4806404F132045FEA915C3FF424
:10E00000D8AE4FF003025FEADC0C18BF03325FEAC0
:10E01000DC0C18BF033202EBDC02C2F1200300FA71
:10E0200003FC20FA02F001FA03FE40EA0E0021FA96
:10E0300002F11444BDE600BF53B94AB9002908BF34
:10E0400000281CBF4FF0FF314FF0FF3001F0FCB84B
:10E05000ADF1080C6DE904CE00F01AF8DDF804E02B
:10E06000DDE9022304B07047430803F05533C01ABA
:10E07000830803F0333300F03330184400EB101002
:10E0800000F00F3000EB002000EB0040000E704766
:10E090002DE9F047089E0D4604460F46002B4AD155
:10E0A0008A42944665D9B2FA82F343B102FA03FC7C
:10E0B000C3F120029F4020FA02F217439C404FEA2E
:10E0C0001C4E1FFA8CF5B7FBFEF1220C0EFB1177EC
:10E0D00042EA074201FB05F090420AD91CEB02021A
:10E0E00001F1FF3780F01C81904240F21981023922
:10E0F0006244121AA4B2B2FBFEF00EFB102244EAF4
:10E10000024400FB05F5A5420AD91CEB040400F10A
:10E11000FF3280F00781A54240F204816444023856
:10E1200040EA0140641B00211EB1DC400023C6E927
:10E130000043BDE8F0878B4208D9002E00F0ED8047
:10E140000021C6E900050846BDE8F087B3FA83F16F
:10E15000002949D1AB4202D3824200F2F880841AEE
:10E1600065EB030201201746002EE2D0C6E9004706
:10E17000DFE702B9FFDEB2FA82F3002B40F09080B5
:10E180008A1A4FEA1C471FFA8CFE0121B2FBF7F5F1
:10E1900007FB1520220C42EA00420EFB05F09042DC
:10E1A00008D91CEB020205F1FF3802D2904200F2BE
:10E1B000CB804546121AA4B2B2FBF7F007FB10223F
:10E1C00044EA02440EFB00FEA64508D91CEB0404F9
:10E1D00000F1FF3202D2A64500F2BB801046A4EB4C
:10E1E0000E0440EA05409FE7C1F120078B4022FA68
:10E1F00007FC4CEA030C05FA01F420FA07F3FD4092
:10E200004FEA1C492343B5FBF9F81FFA8CFE09FBC2
:10E2100018551C0C44EA054408FB0EF5A54202FA09
:10E2200001F200FA01F00BD91CEB040408F1FF3AEB
:10E2300080F08880A54240F28580A8F102086444FD
:10E24000641B9DB2B4FBF9F309FB134445EA044493
:10E2500003FB0EFEA64508D91CEB040403F1FF35B1
:10E260006CD2A6456AD9023B644443EA0843A3FB47
:10E270000295A4EB0E04AC42C846AE4656D353D02A
:10E2800056B1B0EB080264EB0E0404FA07F7CA407B
:10E29000CC401743C6E9007418460021BDE8F0875A
:10E2A000C3F1200102FA03FC20FA01F225FA01F180
:10E2B0009D402A434FEA1C471FFA8CFEB1FBF7F042
:10E2C00007FB1015110C41EA054100FB0EF58D42CC
:10E2D00004FA03F408D91CEB010100F1FF382FD236
:10E2E0008D422DD902386144491B92B2B1FBF7F53A
:10E2F00007FB151142EA014205FB0EF1914208D9D4
:10E300001CEB020205F1FF3816D2914214D9023DEE
:10E310006244521A45EA004138E73146304608E780
:10E320003946E6E61046FBE64845A9D2B9EB0208B5
:10E3300065EB0C0E013BA3E74546EAE72B4694E765
:10E340004046D1E7D0467BE7023D624432E70846CB
:10E350000AE76444023842E703685A004CBF43F0BE
:10E36000004323F000431844704700BF2DE9F843F1
:10E3700029B34F1E044615463E464FF0000808EBF1
:10E38000060101EBD171491004EBC1094846FFF7C2
:10E39000E3FF0346C80008308F42204409D0AB4257
:10E3A00009D8FFF7D9FF0138A8420AD201F10108C4
:10E3B000E5E7AB4205D9884501D04E1EDFE74FF0B7
:10E3C00000094846BDE8F883012807D0022807D095
:10E3D000044B00280CBF18460020704702487047C5
:10E3E00002487047A5B80200ADB80200B5B80200F7
:10E3F00030B5224B83B004468D1E43B301A9284695
:10E40000AFF30080F0B101992A46FFF7AFFF014654
:10E41000C0B1FFF7A1FF4B68A064012B2BD0002BEC
:10E4200001F1040025DBFFF797FF00232365036854
:10E43000E064002B12DBFFF78FFF0346002023610F
:10E4400003B030BD00230920236103B030BD0C4B65
:10E450000C49C91AC91018460191D5E7C3F30360E6
:10E46000FFF7B2FF031E0CBF09200020236103B099
:10E4700030BD0123DAE700230520E0E700000000BB
:10E48000642F0300E03103000368DA0710B5044687
:10E4900006D49B0700F1480009D500F075FC2368FD
:10E4A000590709D51A070ED5DB0613D510BD00F0A4
:10E4B00063FC23685907F5D404F1D00000F06CFC2C
:10E4C00023681A07F0D404F5A87000F06DFC2368E7
:10E4D000DB06EBD404F5E870BDE8104000F0A8BC02
:10E4E0000346006800B11844704700BF704700BF82
:10E4F00070B504460E46316C2046FFF779FF05469D
:10E5000088B9326C626123693246214601209847FE
:10E510000828F0D0072806D12846316CFFF7E6FF1F
:10E52000301D00F01DFCF2F765FD00BF2DE9F0473E
:10E530000D1DD0F80C80D0F81890074614460FCD6A
:10E54000ADF5727D0DF10C0CACE80F000FCDACE811
:10E550000F000FCDACE80F0095E80F0002AE4FF0B2
:10E56000000E8CE80F00C6F800E020E0336C7B6101
:10E570004FF4F07231467AA8F2F7E8F93B697AAACB
:10E58000394650469847889B73642146CDE9006917
:10E5900005463B463A460120C0470446E0B94FF4E1
:10E5A000F0727AA93046F2F7D1F9082D1AD1316C00
:10E5B0003846FFF71DFF09345FFA84FA0546002844
:10E5C000D4D0B36B73643A46CDE900693B464AF058
:10E5D00010010120C04700B1092528460DF5727DC4
:10E5E000BDE8F087072DF7D12046316CFFF77EFF9D
:10E5F00003A800F0B5FB00BFF0B5CB6B0B6401F1D5
:10E60000040C0E460546BCE80F00F9B001AC0FC47F
:10E61000BCE80F000FC4BCE80F000FC49CE80F005B
:10E620004FF0FF3784E80F00009706E02B696A4639
:10E63000294698470828044608D110992846FFF72C
:10E64000D7FE0028F2D0092079B0F0BD6846FFF768
:10E650001BFF062CF7D131462846FFF749FF00BFC4
:10E66000C160D96B8261196400221946FFF75EBF51
:10E6700070B5C66843690B64AEB903690A460446BF
:10E680000D46014602209847072805D008280FD1DB
:10E6900029462046FFF72CFF3046296CFFF726FF5E
:10E6A000281D00F05DFB0122FFF740FFF2F7A2FCFE
:10E6B000F2F7A0FCC26822B1CA6B0A640022FFF71D
:10E6C00035BFFFF799BF00BF704700BF83680146A1
:10E6D0000BB1012018477047012912D009D873B92E
:10E6E0000F2A0CD800EB820218465368009A136078
:10E6F00070470339012994BF01200220704702208E
:10E7000070470846704700BF00B585B00A46002331
:10E7100003A900911946FFF7DFFF039805B05DF8E4
:10E7200004FB00BF012912D009D873B90F2A0CD8F5
:10E73000009900EB8202096851601846704703395E
:10E74000012994BF0120022070470220704708462B
:10E75000704700BF10B584B0002303AC039200944F
:10E760000A461946FFF7DEFF04B010BD70B5D36B43
:10E77000136402F1040C05460C46BCE80F00ADF52D
:10E780000E7D0DF15C0EAEE80F00BCE80F00AEE8A8
:10E790000F00BCE80F00AEE80F009CE80F004FF040
:10E7A000FF368EE80F00169610E0FFF7D3FF2146E4
:10E7B00016A8A847034616AA6946082083B9049BF1
:10E7C0009847052806460CD0092809D0269968469E
:10E7D000FFF70EFE03466A460C2116A8002BE4D074
:10E7E000092616A8FFF750FE30460DF50E7D70BDC8
:10E7F0002DE9F04FCC6C89B01E4654F8043B0694CA
:10E800000D46174600F00308002E79D01A0C8DF83B
:10E810001D201B04D2B2059304EB820402238DF861
:10E820001C302B6DB8F1020F08BFAC6B13F0010365
:10E830000CD005A9384600F095FB18B9082009B09E
:10E84000BDE8F08F092009B0BDE8F08FD4F800A032
:10E85000BAF1000FEDD0019300F008030293022EED
:10E860004AD0B4F800A0B4F802900434AB6C29F09C
:10E87000010B0F2138469B44FFF746FF834539D8EB
:10E880002AF001025A44824294BF002201224FEA38
:10E89000490303F002030AF0010A43EA0A03012BC9
:10E8A0004BD0022B32D0002BCCD1B8F1000F02D0CC
:10E8B000002A40F0CD800434D4F800A0BAF1000F53
:10E8C000CDD105A9384600F04DFB0028BAD1019BF7
:10E8D000002BB3D00F213846FFF716FF0E2102465A
:10E8E0003846FFF737FF38466A4A0F21FFF732FFF5
:10E8F0000720A8E70022CAE7D4F804900834B5E757
:10E900001B0205938DF81D60032388E7D4F800905F
:10E9100029F0004BB8F1000F46D12AB1029B002B21
:10E920005BD0BBF1000F73D0B9F1000F00DA0434F3
:10E930000BF1010B04EB8B04BEE7B8F1000F19D10A
:10E94000B2B161682268881C4FEAD2723FF47AAF94
:10E9500005F158030131049300F08E80201DFFF76C
:10E96000BFFD04AB01462846FBF716FA002859D133
:10E970000834A1E70D213846D5F82090FFF7C4FEF2
:10E980008145F5D1AB6A9C42F2D12046FFF7E4FC09
:10E990000F2102463846FFF7DDFE38462A460021A1
:10E9A000FFF7D8FE07204EE70D213846D5F820A006
:10E9B000FFF7AAFE8245B7D1AB6A9C42B4D10423CB
:10E9C0000022C5E90B23E318C5F828B06B63236860
:10E9D000002B59DB01230193AAE7994605F158035F
:10E9E000CDF80C8004F1040AB0461E460EE05046F5
:10E9F0000496FFF775FD0022014604AB284609F195
:10EA000001090AF1040AFBF7C7F9D8B9D945EED1D3
:10EA10000D213846FFF778FE049B2862C5E90934CA
:10EA2000062010E781460D213846FFF76DFEB9F14B
:10EA3000020F04BF2B46049A286214BF049B43F8BC
:10EA40002C2FEBE74646D4F80090DDF80C806BE7FE
:10EA50002046FFF781FC04340246AC632846144686
:10EA6000FBF7F2F900283FF4EDAE384622460F21BD
:10EA7000FFF770FE0720E6E60D2138460193FFF709
:10EA800043FE019B2862C9E70BF1010004EB800003
:10EA90007CE700BFE57402000023FFF7A9BE00BFBA
:10EAA0000123FFF7A5BE00BF0223FFF7A1BE00BFF1
:10EAB0002DE9F0430646C3B091461C46042900F2F6
:10EAC0009B80DFE801F07B56992E0300002C40F07C
:10EAD0009380102A00F290800368DC0600F1F38036
:10EAE00020AF384600F0AEF9B46B394600234FF042
:10EAF000010C0CFA03F212EA090F204603F101039C
:10EB000003D050F8042B0A600446042B01F10401E1
:10EB1000EFD13846B46300F08BF9002043B0BDE874
:10EB2000F083032C68D194B204EB1243102B4FEA0C
:10EB3000124961D803681D0700F1CD8020AF384627
:10EB400000F054F9B26B07EBC90154B10B46D01A6F
:10EB500001EBC401E4001D5843F8045B8B42FAD179
:10EB600022443846B26300F01FF9002043B0BDE8EC
:10EB7000F083012C4FEA12481FFA82F938D0052C95
:10EB80003AD108EB0903202B36D8B8F10F0F76D90C
:10EB9000B9F1000F40F083800F2B0BD83368D807F2
:10EBA00008D5304623F0010343F0020340F8483B08
:10EBB00000F0EEF8002043B0BDE8F083E4B9876BC5
:10EBC00023461FFA82FC0120341D00FA03F212EAE8
:10EBD0000C0F394604D051F8042B44F823200F467B
:10EBE0000133102BF1D119F40050E3D1B76304E0E5
:10EBF00008EB0903102B03D9022043B0BDE8F083D2
:10EC0000B8F10F0FF8D83368DA0706D5304623F08D
:10EC1000030340F8483B00F0B3F820AF38464D46B8
:10EC200000F0AEF8B26B002D5ED04FF0000907EB9C
:10EC3000C80102EBC503043952F8040B41F8040F74
:10EC40009A42F9D1B9F1000F54D06F4641461029CC
:10EC500038BF102107EBC101843903EBC90253F817
:10EC6000045B41F8045F9A42F9D1012C3BD0B8F122
:10EC70000F0FB26358D9384600F08EF89AE7102B80
:10EC800054D93268D707A3F1100909D522F001033E
:10EC9000304643F0020340F8483B00F079F8326810
:10ECA000530739D4B8F10F0F02D820A800F070F83C
:10ECB0006F463846C8F1100500F072F8002DB26BAF
:10ECC00028DD20AFB3E723F01003036000F5E87000
:10ECD00000F0B8F804E723F00803036000F5A8701B
:10ECE00000F084F82AE720AF0432B263384600F01F
:10ECF00043F85FE7012CF7D0B8F10F0FB2633FF68E
:10ED000059AF384600F040F8B9F1000F3FF452AF68
:10ED10006F46B0E7134699E7304622F0040240F808
:10ED2000D02B00F03DF8BDE720AFEAE73368D90704
:10ED300008D523F00103304643F0020340F8483B76
:10ED400000F026F820AF38464D4600F021F8B26BAF
:10ED5000002D7FF46AAF384600F016F82AE700BFAE
:10ED600000F1340191E838009C46A6464CF8045D59
:10ED700090E8FF0FE54600BD90EC210B704700BF07
:10ED800080EC210B704700BF90EC200B704700BF58
:10ED900080EC200B704700BFD0EC200B704700BF09
:10EDA000C0EC200B704700BFF0EC0201F0EC021148
:10EDB000F0EC0221F0EC0231F0EC0241F0EC0251F7
:10EDC000F0EC0261F0EC0271F0EC0281F0EC0291E7
:10EDD000F0EC02A1F0EC02B1F0EC02C1F0EC02D1D7
:10EDE000F0EC02E1F0EC02F1704700BFE0EC020150
:10EDF000E0EC0211E0EC0221E0EC0231E0EC024137
:10EE0000E0EC0251E0EC0261E0EC0271E0EC028126
:10EE1000E0EC0291E0EC02A1E0EC02B1E0EC02C116
:10EE2000E0EC02D1E0EC02E1E0EC02F1704700BF5F
:10EE3000B0FC0181B0FC0191B0FC01A1B0FC01B1BA
:10EE4000704700BFA0FC0181A0FC0191A0FC01A1C2
:10EE5000A0FC01B1704700BFEC4600B52DE90050A1
:10EE60002DE9FF1F4FF000032DE90C0001A9FFF76A
:10EE7000C3FBDDF840E012B0704700BFEC4600B5C0
:10EE80002DE900502DE9FF1F4FF000032DE90C0084
:10EE900001A9FFF7EDFBDDF840E012B0704700BFBD
:10EEA000EC4600B52DE900502DE9FF1F4FF000039F
:10EEB0002DE90C0001A9FFF7FDFBDDF840E012B0E1
:10EEC000704700BFEC4600B52DE900502DE9FF1F4B
:10EED0004FF000032DE90C0001ABFFF7C1FBDDF89B
:10EEE00040E012B0704700BFEC4600B52DE900507D
:10EEF0002DE9FF1F4FF000032DE90C0001AAFFF7D9
:10EF000035FCDDF840E012B0704700BF027A0346DE
:10EF10007AB9427AA2B14168013A10B442720868E3
:10EF200003220C1D1A7202025C60000E10BC1A60F3
:10EF300070470068013A1A7202021A60000E7047A8
:10EF4000B020704700B585B0002303AA009219468F
:10EF50000C22FFF7C1FB039805B05DF804FB00BF6E
:10EF6000FFF7F0BF2DE9F04385B007460E464FF09E
:10EF7000000803AD3046FFF7C9FFB028044600F093
:10EF8000CB80030640D500F0F003802B56D0B02B89
:10EF90007DD01CD8902B00F09380A02B13D1C343BD
:10EFA00003F007034FF47F621A41010702F47F6206
:10EFB0004FF0000348BF42F4804219463846FFF73D
:10EFC00077FD0028D6D0092005B0BDE8F083C02B1E
:10EFD0004BD1C62800F08980C72800F0A28000F03D
:10EFE000F803C02B00F0BC80C82800F0BF80C928FF
:10EFF000E9D13046FFF78AFF020300F00F0002F468
:10F0000070220130024339E08300DBB203F10409CE
:10F010000023194600950D223846FFF75DFB039B40
:10F0200060064CBFA3EB09034B44039300230095F8
:10F030000D2219463846FFF775FB9BE70402304660
:10F04000FFF764FF2043B0F5004FBCD0040100235C
:10F05000A2B219463846FFF72BFD0028B3D114F4AD
:10F06000004F18BF4FF0010884E700F0F803D02BE1
:10F07000A9D100F00702013242F400220523012148
:10F080003846FFF715FD00283FF474AF9BE7B12821
:10F0900037D0B22800F08780B32856D000F0FC03A8
:10F0A000B42B90D000F00702013242F40022012379
:10F0B00019463846FFF7FCFC00283FF45BAF82E7B7
:10F0C00000F00D030D2B3FF47EAF002300F00F0284
:10F0D000194600953846FFF7FFFA002300950D22E8
:10F0E00019463846FFF71EFB44E73046FFF70EFF90
:10F0F000020300F00F0002F47022013002430323E8
:10F10000D6E73046FFF702FF024600283FF45BAF28
:10F1100010F0F003CCD056E7B8F1000F32D0002049
:10F1200052E73046FFF7F2FE024600283FF44BAFAD
:10F1300010F0F00F7FF447AF002304213846FFF7AB
:10F14000B7FC00283FF416AF3DE73046FFF7DEFE80
:10F15000020300F00F0002F4702201300243A6E720
:10F1600000F00F02013242F42022C8E73046FFF7D8
:10F17000CDFE00F0F00200F00F031032013343EA3D
:10F1800002327BE703AC43460E22414600943846E8
:10F19000FFF7A2FA009443460F2241463846FFF794
:10F1A000C1FA404610E700230D2219460095384663
:10F1B000FFF792FA3046FFF7A9FE0206039C4FF0D4
:10F1C00002090CD500F07F0000FA09F00444304633
:10F1D0000394FFF79BFE030609F10709F2D400F040
:10F1E0007F0303FA09F304F5017423441DE700BF0C
:10F1F00010B5C26C536884B04FF0030C08321C0287
:10F2000008461B0E01A9019402928DF80CC08DF8DE
:10F210000D30FFF7A7FE04B010BD00BF08B5FFF723
:10F220009FFE806C08BD00BF08B5FFF799FEC06C5B
:10F23000C379023300EB830008BD00BF08B5F1F7C6
:10F24000D9FE08B5FFF7FAFF704700BFC2B100EB67
:10F25000020C00B50B460CF1FF3E04E013F8012B45
:10F2600000F8012B42B18645F8D100220CF8012CA0
:10F2700013F8012B002AFBD1591A481E5DF804FB34
:10F280000B4613F8012B002AFBD1591A481E704770
:10F29000F0B5254FA2F1020E164605460C460FCFDB
:10F2A0008BB0EC46ACE80F000FCFACE80F0097E84E
:10F2B00003004CF8040BBEF1220F8CF800102ED87E
:10F2C00004F1FF3E70464FF0000CB5FBF6F206FB72
:10F2D000125328336B44614613F828CC00F801CF51
:10F2E0002B469E4201F1010C1546EED9002304F88D
:10F2F0000C3089B1A44472461EF8010F1CF8015D60
:10F300008EF80050A4EB0E030232013B121B0B449B
:10F310009A428CF80000EEDB20460BB0F0BD0023D3
:10F32000184623700BB0F0BD88490020002A3ED05B
:10F3300040EA01039B0730B584462FD1032A2DD91B
:10F340000B4608E0043A8446194625D01EF0803F5B
:10F3500022D1032A22D90468194653F8045BA4F188
:10F36000013EAC4284462EEA040E00F10400E9D0CE
:10F370009CF800000C78A0421BD1E64668B11EF84C
:10F38000010F11F8014FA2EB0E03A04203F1FF336E
:10F390000FD11CEB0303F1D1002030BD9CF800001D
:10F3A0000C78844205D1012AF6D0E646E6E71046FD
:10F3B0007047001B30BD00BF40EA01039B0730B51A
:10F3C00001D1032A0FD8844601F1FF3E07E01EF861
:10F3D000011F03F8011B541EC1B19C46224663461F
:10F3E000002AF4D130BD0B468446194653F8045B1D
:10F3F000A5F1013424EA050414F0803FE4D1043A75
:10F40000032A4CF8045B1946EFD8DDE79444002C3E
:10F41000E8D003F8011B6345FBD130BD30B5174B75
:10F420001D680C4683B001460DB16B6BFBB1636E7A
:10F43000DB0702D4A389980513D52246284602F09B
:10F44000B7FF636EDA07054602D4A3899B0502D590
:10F45000284603B030BDA06D02F0F2FC284603B090
:10F4600030BDA06D019102F0E9FC0199E5E7019042
:10F47000284604F0E9FC0199D9E700BF8470002018
:10F4800030B587B0054608461446019104F092FD58
:10F4900001AA0123CDE90202059004930DB16B6B23
:10F4A0006BB3636E13F0010FB4F90C309AB201D153
:10F4B00098051DD5910406D4626E43F4005322F4DE
:10F4C0000052A381626603AA2846214600F0C6F8CE
:10F4D000636EDA07054602D4A3899B0502D5284648
:10F4E00007B030BDA06D02F0ABFC284607B030BDC0
:10F4F000A06D02F0A3FCB4F90C309AB2DAE728460A
:10F5000004F0A2FCCDE700BF10B4044C03460A4649
:10F5100020685DF8044B1946FFF7B2BF84700020E5
:10F520000EB410B59DB06FF000411FABCDE90601E0
:10F530000491094953F8042B0290084C0868019380
:10F5400002A9059400F072FA029B00221A701DB005
:10F55000BDE8104003B07047847000200802FFFF30
:10F56000931E222B10B50C460CD80A2A03D0FFF7A5
:10F570008FFE204610BD0028F9DA2D2301F8013B4B
:10F580004042F4E700230B70184610BD38B511F067
:10F59000FF040CD00346002501E0431C0546184635
:10F5A000214603F00DFB0028F7D1284638BD21463F
:10F5B000BDE8384003F004BB30B4047894B10D7852
:10F5C00084465DB10A462B4602E012F8013F2BB19A
:10F5D000A342FAD11CF8014F002CF2D1ACEB000091
:10F5E00030BC70472046FBE7024A126801235032C4
:10F5F00000F002B884700020F0B4074610B33E4615
:10F600008C4616F8010B01E0A04216D01CF8014B05
:10F61000002CF9D1D8B116F8015B0C4601E0002BA3
:10F62000F9D014F8013B9D42F9D14DB1002306F801
:10F63000013C16603846F0BC70475BB13746DEE7E8
:10F640002E46F6E71768002FD9D13846F3E7F0BC0D
:10F6500010607047166038463B70ECE79368002BEB
:10F6600000F085802DE9F04FB1F90C300C461907F8
:10F67000804683B0174698B225D523691BB310F096
:10F6800002033D682DD04FF0000ADFF8C0B25646A5
:10F69000B9465E453346524628BF5B464046002E7B
:10F6A00052D0E169676AB847002856DDD9F80830BA
:10F6B0001B1A8244361AC9F80830002BE9D1002001
:10F6C00003B0BDE8F08F2146404602F041FD00281E
:10F6D00040F03881B4F90C303D6898B210F0020364
:10F6E000D1D110F0010944D14E46009746B38205AE
:10F6F000D4F808B040F18580B3455A4600F2B48092
:10F7000010F4906F40F0C18020680192494602F0E9
:10F7100053FAA368019AA3EB0B012368A160134479
:10F72000B24623600026009A9368A3EB0A03D144F3
:10F730009360002BC3D0B4F90C0080B2002ED6D158
:10F74000D5E900960835D1E7D5E900A60835A0E748
:10F750002146404604F0B8FA88B3B4F90C3043F0BF
:10F7600040034FF0FF30A38103B0BDE8F08F0020CD
:10F7700070471E46BA469946184600951F4666B31E
:10F78000002832D04A46D4E904132068A568B24262
:10F7900028BF3246884204D905EB030B5A4500F3D3
:10F7A000A780934264DCE169656A3A464046A8470F
:10F7B000B0F1000BD1DDB9EB0B09C9D00120DAF8AB
:10F7C0000830A3EB0B035F44A6EB0B06CAF8083026
:10F7D000002B3FF474AF002ED2D1009A5668134626
:10F7E00008320092002EF8D01F6832460A213846AF
:10F7F00004F058FB002800F09C800130A0EB0709C2
:10F80000C0E720682369984216D86269B24213D8CB
:10F810006FF00043B34228BF3346E16993FBF2F334
:10F82000676A02FB03F340464A46B847B0F1000A54
:10F8300093DDA6EB0A0676E7B345DA4628BFB24663
:10F840005246494602F0B8F9A3682268A3EB0A03BE
:10F850005244A3602260002BEBD12146404604F0C5
:10F8600033FA0028E5D078E72068B34632464CE703
:10F870003946019202F0A0F9019AA3689B1AA3608D
:10F88000236813442360934695E723682169A3EB1B
:10F89000010B636903EB430A0AEBDA7A0BF101030C
:10F8A0004FEA6A0A33445345524684BF9A46524649
:10F8B00043052CD51146404601F09EFE00283BD062
:10F8C0005A4621690190F1F741F8A289019B22F47F
:10F8D000906242F08002A28103EB0B002361AAEB4D
:10F8E0000B03C4F814A0A3602060B34632460CE7B3
:10F8F00039465A4602F060F923685B44236021468A
:10F90000404604F0E1F900283FF455AF25E74046B2
:10F9100004F0FCFB03460028DED12169404604F0D8
:10F9200031FEB4F90C300C2223F08003C8F800201B
:10F9300015E7721C914626E70C22B4F90C30C8F882
:10F9400000200CE74FF0FF30BAE600BF00FCFF7F5D
:10F950002DE9F04186B002FB03F71D4601AB03938E
:10F9600001230C9C0191904602970597049306464B
:10F9700010B1436B002B3DD0636E13F0010FB4F94F
:10F980000C309AB201D199052DD5920406D443F4D6
:10F990000053A381636E23F400536366304603AAC9
:10F9A0002146FFF75BFE636E78B1DA0706D5059B4B
:10F9B000FF1AB7FBF8F006B0BDE8F081A3899B05FC
:10F9C000F5D4A06D02F03CFAF1E7D80707D4A3897B
:10F9D000990504D4A06D02F033FA2846EBE72846D7
:10F9E00006B0BDE8F081A06D02F028FAB4F90C3041
:10F9F0009AB2CAE704F028FABEE700BF10B5064C79
:10FA000082B084460093206813460A466146FFF799
:10FA10009FFF02B010BD00BF84700020014B18682A
:10FA2000704700BF84700020000000002DE9F04FF7
:10FA30002DED088BD1B00C460BEE101A90460893B2
:10FA4000834602F005FA03681293184604F0B2FAEE
:10FA500020AF109008220021384602F049F9A3890E
:10FA60001B0603D52369002B00F0558700239FED6B
:10FA7000838B9FED849BCDE92533CDE91333CDE90D
:10FA8000153327AA0E932492924611930493444669
:10FA9000A1467E4BD3F8E45002F0D4F94A4603461F
:10FAA0001CA900975846A847002800F0B080C0F273
:10FAB000A6801C9A252A034601D09944E9E7B9EBB0
:10FAC0000405064640F0A78000234FF0FF328DF872
:10FAD00067309846069309F1010999F800300392BE
:10FAE0002B25202609F10109A3F120025A2A00F250
:10FAF000CF80DFE812F0E802CD00CD00E302CD00B8
:10FB0000CD00CD006A00CD00CD0005028402CD00FD
:10FB10001002C902CD00BD025B005B005B005B0010
:10FB20005B005B005B005B005B00CD00CD00CD00A7
:10FB3000CD00CD00CD00CD005301CD0083011A02D0
:10FB4000530153015301CD00CD00CD00CD0015026E
:10FB5000CD00CD009602CD00CD00CD00AB01CD0093
:10FB6000AA02CD00CD00E306CD00CD00CD00CD0032
:10FB7000CD00CD00CD00CD005301CD008301DE01CD
:10FB80005301530153017702DE017F00CD0089024A
:10FB9000CD005F02E0062F027F00CD00AB017C00AC
:10FBA000B806CD00CD00BD06CD007C00A3F130022B
:10FBB000002119F8013B01EB810102EB4101A3F1A6
:10FBC0003002092AF5D906918EE7584602F040F92D
:10FBD00043681593184604F0EDF91690584602F064
:10FBE00037F983681393169B002B40F02D8699F804
:10FBF000003077E799F8003048F0200872E70822D3
:10FC00000021384602F074F80123994441E7B9EB2A
:10FC10000405064611D0269B2B442693259B0133D1
:10FC2000072BCAE9004525931CDC0AF1080A049B4E
:10FC30002B440493002E7FF447AF269B002B41F00A
:10FC40000B821BEE103AB3F90C3013F0400F049BFB
:10FC500018BF4FF0FF330493049851B0BDEC088BEC
:10FC6000BDE8F08F1BEE101A24AA584604F01CFFC2
:10FC70000028E6D10DF19C0AD9E700BF0000000082
:10FC800000000000FFFFFFFFFFFFEF7FFC6A002086
:10FC90000B93002BD1D00021CDE90C118DF8DC3075
:10FCA00001238DF8671002930791059303910F913B
:10FCB00037AC18F00203099302D0029B023302937F
:10FCC00018F084030A9305D1069B029A9D1A002D11
:10FCD00000F36983269A89B125990DF167000131F6
:10FCE0000132CAF8000007294FF001002692259141
:10FCF000CAF8040000F3A2830AF1080A099B83B141
:10FD0000259B1AA901330232CAF80010072B4FF0C5
:10FD1000020126922593CAF8041000F3A3830AF186
:10FD2000080A0A9B802B00F06C82039B05995D1AE0
:10FD3000002D00F3A58218F4807F40F00D82059B12
:10FD4000CAF804301A44259BCAF800400133072B37
:10FD50002692259300F31B830AF1080A18F0040F7A
:10FD600005D0069B02995C1A002C00F38883049B43
:10FD7000069902988142ACBF5B181B180493002AB5
:10FD800040F0B08200232593079B1BB1079958468A
:10FD900004F0F8FB0DF19C0A4C4679E60B93089BA6
:10FDA000073323F00703B3EC028BB0EEC87BB4EE4D
:10FDB000497BF1EE10FA089340F3E984B5EEC08B6D
:10FDC000F1EE10FA01F159809DF86710AB4CAC4B85
:10FDD00028F080080B9A472AC8BF1C460023CDE9AB
:10FDE0000C33032207930292059203930F93002989
:10FDF0003FF45FAF029B013302935AE7432B0B930F
:10FE000003D018F0100F00F05D85089D0822002136
:10FE100022A837AC01F06CFF22AB55F8042B214629
:10FE2000584601F0BDFF03460133059001F0EE8214
:10FE3000059B089523EAE37302930021CDE90C1199
:10FE40008DF86710079103910F9132E70B93089B90
:10FE50001A4600238DF86730134653F8044B089375
:10FE6000002C00F048850B9B532B00F0EC8618F01B
:10FE700010030C9340F0E786039B5D1C01F0E580C6
:10FE80000C991A46204604F00DF80790002801F05E
:10FE90002883079B1A1B05920C9B039322EAE272AC
:10FEA0000F930D93079373239DF8671002920B93A2
:10FEB0009DE718F0200F0B93089B3DD0073323F0EC
:10FEC00007031A4611465B6851F8082B089119463A
:10FED000002BC0F20C84039B013300F09E8228F0BB
:10FEE000800052EA0103029040F09982039B002BAC
:10FEF00040F09A82804600230393059350AC06E1BC
:10FF0000089B53F8042B0692002A80F21984069A63
:10FF100008935242069299F8003048F00408E1E54F
:10FF200099F8003048F00808DCE548F0100818F0AF
:10FF3000200F0B93089BC1D118F0100F40F00B84D9
:10FF400018F0400F00F0038433F9042B0893D11705
:10FF50000B46BDE7089B48F00202029253F8042BBF
:10FF6000089347F63003ADF868307820454B11937D
:10FF7000002102230B900020039C8DF86700601C79
:10FF800000F0AD80029820F0800852EA010040F0B5
:10FF9000A480002C40F0AE86002BACD1029B13F065
:10FFA0000103059300F0D18330238DF83F310DF22A
:10FFB0003F14ACE018F0200F40F0D48318F0100F7D
:10FFC00040F09F8618F0400F40F0978718F4007FAC
:10FFD00000F09786089B049953F8042B089311703E
:10FFE0004C4655E599F80030682B03BF99F801306D
:10FFF00048F4007809F1010948F0400872E599F8E1
:02000004600397
:1000000000308DF867506DE599F800306C2B03BF18
:1000100099F8013048F0200809F1010948F010086A
:1000200060E50B9348F0100818F0200100F05183B0
:10003000089B073323F00703596853F8082B0893EC
:1000400028F480630293002395E70B9348F0100394
:100050000293029B13F0200100F02983089B0733D1
:1000600023F00703596853F8082B0893012382E70C
:1000700099F8003048F0800834E500BF204B00209C
:10008000EC420020284B0020494611F8013B2A2B66
:1000900001F04982A3F13002092A894698BF002164
:1000A00001F2448119F8013B01EB810102EB4101AE
:1000B000A3F13002092AF5D9039115E599F800302A
:1000C00048F001080EE59DF86730002B7FF48FADF6
:1000D00099F800308DF8676004E5CDF80880012BB1
:1000E00000F09D81022B50AC20D1119802F00F033B
:1000F0001209C35C04F8013D42EA0172090952EA9F
:100100000103F3D150AB1B1BDDF808800593059A62
:1001100003989DF8671082424FF00003B8BF024673
:10012000CDE90C33079302920F9360E602F00703C8
:10013000D20842EA4172C908303352EA010520462A
:1001400004F8013DF2D1029AD10700F14D8250AB83
:100150001B1B90460593DAE70B9B652B40F3D4807D
:10016000B5EE408BF1EE10FA40F0C181259BBA4903
:10017000CAF80010013301320121072B2692259382
:10018000CAF8041000F351850AF1080A1B9B0E9966
:100190008B4280F2D082109B12991A44CAE9001354
:1001A000259B26920133072B259300F397830AF1B1
:1001B000080A0E9B5C1E002C7FF7D0AD102C259BEF
:1001C00040F36E851BEE106A102505E00AF1080A5F
:1001D000103C102C40F364850133A0491032072BEA
:1001E000CAE90015CDE92532F0DD24AA314658468A
:1001F00004F05AFC00287ED1DDE925320DF19C0A7D
:10020000E6E7069B02995D1A002D7FF78EAD102D53
:10021000259B21DD099410261BEE104A04E0103DB9
:10022000102D0AF1080A16DD01338C491032072B14
:10023000CAE90016CDE92532F1DD24AA2146584647
:100240000DF19C0A04F030FC002854D1103D102D13
:10025000DDE92532E8DC099C8049CAF80450013305
:100260002A44072BCDE92532CAF8001000F3268571
:10027000039B05995D1A002D0AF1080A7FF75BAD13
:10028000102D259B1FDD514610261BEE10AA04E001
:10029000103D102D01F1080114DD01336F481032BB
:1002A000072BC1E90006CDE92532F1DD24AA51462C
:1002B000584604F0F9FBF0B9103D102DDDE9253268
:1002C00027A9EADC8A4601336449CAF804502A4463
:1002D000072BCDE92532CAF8001000F3DA810AF1C4
:1002E000080A28E51BEE101A24AA584604F0DCFB85
:1002F00000283FF447AD079B002B3FF4A2AC0799C1
:10030000584604F03FF99CE40E9B012B40F37A81A0
:10031000259BCAF80040013301320121072B2692A8
:100320002593CAF8041000F3F8810AF1080A10991D
:10033000129801330A44072BCAE90001CDE925329E
:1003400000F3DD810AF1080AB5EE408BF1EE10FAF8
:1003500000F077810E990133013901340A44072BEB
:10036000CAF800402593CAF80410269200F35B8176
:100370000AF1080A1499CAF8041001330A44072B39
:100380001EA9CDE92532CAF800107FF7E5AC1BEEB7
:10039000101A24AA584604F087FB0028ABD1269AED
:1003A0000DF19C0ADAE4102DDDE925122C4E24DD36
:1003B000179410231BEE104A084604E0103D102D40
:1003C0000AF1080A17DD013010320728CAE9006374
:1003D000CDE92502F2DD24AA214658460DF19C0AFA
:1003E00004F062FB002886D1103D102DDDE92502C6
:1003F0004FF01003E7DC179C014601312A4407291E
:10040000CDE92512CAF80060CAF8045000F3BD8394
:100410009DF867100AF1080A5DE4CDF808800A2A01
:1004200071F1000380F0458330320123DDF808804C
:100430008DF83F2105930DF23F1468E61BEE101A6C
:1004400024AA584604F030FB00287FF454AF269AC3
:100450000DF19C0A52E400BF584B00209465002027
:100460005C4B00201BEE101A24AA584604F01CFB1B
:1004700000287FF440AF269A0DF19C0A51E4102C1D
:10048000259BBE4E1FDD1BEE108A102504E0103C9C
:10049000102C0AF1080A16DD01331032072BCAE9C5
:1004A0000065CDE92532F2DD24AA414658460DF11A
:1004B0009C0A04F0F9FA00287FF41DAF103C102CC0
:1004C000DDE92532E8DC01332244072BCAE9006468
:1004D000CDE925327FF74BAC1BEE101A24AA584603
:1004E00004F0E2FA00287FF406AF269A3FE41B9955
:1004F000002940F35A830C9E0E9B9E42A8BF1E46C5
:10050000002E0BDD259B01333244072BCAE9004640
:100510002692259300F389860AF1080A0C9D002E85
:10052000A8BFAD1B002D00F303820C9B18F4806F55
:100530002344059340F01F821B9B0E998B4203DBE3
:1005400018F0010F00F0CF84109912980A44CAE9FC
:1005500000012599269201310729259100F3A586EE
:100560000AF1080A0E996518CC1A059BED1AA542E6
:10057000A8BF2546002D0DDDCAF80030259BCAF81E
:10058000045001332A44072B2692259300F3BB869F
:100590000AF1080A002DA8BF641B002C7FF7DEAB10
:1005A000102C259B40F37C831BEE106A102505E080
:1005B0000AF1080A103C102C40F372830133704991
:1005C0001032072BCAE90015CDE92532F0DD24AA47
:1005D0003146584604F068FA00287FF48CAEDDE915
:1005E00025320DF19C0AE5E7302B3FF48BAD30232B
:1005F000023804F8013C50AB1B1ADDF80880059363
:10060000044684E518F0010F7FF482AE259BCAF8FA
:100610000040013301320121072B26922593CAF8AD
:1006200004107FF7A5AE1BEE101A24AA584604F05A
:100630003BFA00287FF45FAEDDE925320DF19C0A1C
:1006400098E60E994C1E002C7FF794AE102C40F3C8
:1006500061831BEE106A102505E00AF1080A103CC0
:10066000102C40F35783013345491032072BCAE958
:100670000015CDE92532F0DD24AA3146584604F0B4
:1006800013FA00287FF437AEDDE925320DF19C0A1C
:10069000E5E71BEE101A24AA584604F005FA0028D4
:1006A0007FF429AE269A0DF19C0AFFF744BB029B0A
:1006B00013F0100340F0C180029A12F0400200F0E3
:1006C0007A83089850F8042B0890194692B20123B7
:1006D00051E418F0100355D118F0400200F05D838A
:1006E000089850F8042B0890194692B2A8E4524298
:1006F00061EB4101CDF808802D2001233CE41BEE85
:10070000101A24AA584604F0CFF900287FF4F3AD5C
:10071000DDE925320DF19C0A16E61BEE101A24AA1B
:10072000584604F0C1F900287FF4E5ADDDE9253233
:100730000DF19C0AFBE518F0010F3FF40FAB2AE521
:10074000089399F80030FFF7CDB950ACDFE418F406
:10075000007F40F0DB8353F8042B0893D1170B463E
:10076000FFF7B6BB089B049853F8041B0893C21705
:10077000C1E900024C46FFF78BB900BF5C4B00207B
:1007800094650020089B53F8042B089358E4B4EEBA
:10079000488BF1EE10FA80F194860B9B612B00F0F0
:1007A0005285412B00F0C085039B01330B9B23F046
:1007B000200500F08084472D04D1039B002B08BF47
:1007C0000123039318EE903A002B48F480724646BA
:1007D000C0F21886B0EE48AB002390460993079309
:1007E0000B9B413B252B00F29883DFE813F06F044D
:1007F00096039603960368046C0496039603960387
:100800009603960396039603960396039603960320
:100810009603960396039603960396039603960310
:100820009603960396039603960396039603960300
:1008300096039603960368046C04089B53F8042BF4
:1008400008930123FFF797BB139B002B3FF4CFA91D
:10085000139B1B78002B3FF4CAA999F8003048F489
:100860008068FFF73FB90B93CDF80880FFF7F1BB25
:100870000B939A4B119318F0200100F00581089B0F
:10088000073323F00703596853F8082B089318F02F
:10089000010F0AD052EA010307D00B9B8DF8693093
:1008A000302348F002088DF8683028F48063029302
:1008B0000223FFF760BB0B93FFF7B6BB0B93884B8C
:1008C0001193D8E7089B012153F8042B02918DF86E
:1008D000DC200893059137ACFFF7AFBA1BEE101A76
:1008E00024AA584604F0E0F800287FF404AD269AC4
:1008F0000DF19C0A5DE4039B0794062B224628BF5A
:10090000062303942146CDE90C22764C02930593ED
:100910000F92FFF76CBA4021584600F06DFE206040
:100920002061002800F00F8640236361FFF79EB826
:10093000102D259B40F35D82514610261BEE10AA18
:1009400004E00831103D102D40F352820133664817
:100950001032072BC1E90006CDE92532F1DD24AACA
:100960005146584604F0A0F800287FF4C4ACDDE9F5
:10097000253227A9E6E70E9BCDF82490E3180393D0
:100980000D9BCDF82880139E059DDDF85890DDF86D
:100990003C800B941BEE101A5046002B34D0B8F15B
:1009A000000F35D10D9B013B013E0D93159BC0E916
:1009B0000039259B01334A44072B269225936CDC92
:1009C0000830039B96F800C05B1B6345A8BF6346D5
:1009D000002B9A460CDD259C01341A44072CC0E9F3
:1009E00000532692259400F3778196F800C00830D2
:1009F000BAF1000FACBFACEB0A046446002C0ADC71
:100A000065440D9B002BCAD1B8F1000F00F0AC83F8
:100A100008F1FF38CAE7102CDDF894C024DD0595F5
:100A20004FF0100A63460D4604E0103C102C00F114
:100A3000080016DD01332C491032072BC0E9001ADB
:100A4000CDE92532F1DD24AA2946584604F02CF8D8
:100A500000287FF450AC103C102CDDE9253227A88B
:100A6000E8DC2946059D9C460CF1010322444460C4
:100A7000072B1D4C0460CDE9253200F3C68396F8A0
:100A800000C008306544BCE718F0100300F0C280D5
:100A9000089B53F8042B0893F9E624AA58460591BD
:100AA00004F002F800287FF426AC269A059927A8BE
:100AB00087E70298CDF81CA050AC00F480600025B8
:100AC0000AEE10BA094BDDF84CA0CDF81490A346FD
:100AD0004FF00508AC46044610E000BF284B00204C
:100AE0003C4B0020504B002094650020CDCCCCCC5A
:100AF0000A2A71F1000136D34A463146501840F1B6
:100B00000000A3FB005626F0030505EB9605401BED
:100B1000151A4FF0CC3661F1000E06FB05F6A5FB69
:100B2000039503FB0E6609F0010E2E44AEFB085E32
:100B30002D184FEA590930350BF8015C49EAC6799E
:100B40000CF1010C0BF1FF3B7608002CD0D09AF889
:100B500000008445CCD1BCF1FF0FC9D00A2A71F145
:100B6000000180F08F815C4650AB1B1BDDF81490B8
:100B7000CDF84CA01AEE10BADDF81CA0DDF8088004
:100B8000CDF838C00593FFF7C2BA1BEE101A24AA9D
:100B9000584603F089FF00287FF4ADAB9DF867103D
:100BA000269A0DF19C0AFFF796B8259BBE48CAF815
:100BB0000000013301320120072B26922593CAF849
:100BC000040000F377810AF1080A002940F0AF80A1
:100BD0000E9908F001030B433FF4C0A8109B129933
:100BE0001A44CAE90013259B26920133072B25934B
:100BF00000F352820AF1080A0E99CAF80040013344
:100C00000A44072BCDE92532CAF804107FF7A4A8BF
:100C1000FFF7BDBB18F0400200F0DD80089850F8E7
:100C2000042B0890194692B231E61BEE101A24AA42
:100C3000584603F039FF00287FF45DAB269A0DF18A
:100C40009C0AFFF7A3BA22AE0822002130461D9469
:100C500001F04EF8039B5A1C00F0DB800025CDF814
:100C60000890CDF81C809946A8460CE037A9584654
:100C700001F096F8431C404400F0C883484508DC66
:100C800000F0188480461D9A525933460435002AD4
:100C9000ECD1CDF81480DDF80890DDF81C80C5E0BB
:100CA00001338249CAF804402244072BCAF80010D5
:100CB000CDE925327FF750A8FFF769BB1BEE101A6C
:100CC00024AA584603F0F0FE00287FF414AB269ABD
:100CD0000DF19C0AFFF729B824AA5846059103F0A4
:100CE000E3FE00287FF407AB96F800C0269A05992A
:100CF00027A87DE6012BCDF808807FF4F3A9FFF744
:100D000093BB089B049953F8042B4C46116008933D
:100D1000FEF7BEBE01336549CAF804402244072BE2
:100D2000CDE92532CAF800107FF722AB7BE4109B97
:100D300012981A44CAE90003259B26920133072B17
:100D4000259300F3A9810AF1080A0029BFF654AFE0
:100D50004D42103180F20F831BEE101A102605E071
:100D60000AF1080A103D102D40F3058301334F4866
:100D70001032072BCAE90006CDE92532F0DD24AA9E
:100D80005846039103F090FE00287FF4B4AADDE9F1
:100D9000253203990DF19C0AE4E7089B18F40071D1
:100DA0001ABF114653F8042B53F8042B089318BFAD
:100DB000D2B2FFF745B9029B13F40071089B1ABF2A
:100DC000114653F8042B53F8042B089318BFD2B2E2
:100DD0000123FFF7D0B8089B18F400711ABF114621
:100DE00053F8042B53F8042B089318BFD2B24EE5E6
:100DF0008A4601332D49CAF804502A44072BCDE90D
:100E00002532CAF8001000F339810AF1080AFFF709
:100E10008CBB0023194600961DAA584601F0A4FF7A
:100E200003460133059000F0F1821D94059B002BD1
:100E30004ED0632B00F318810023079337AC0822B0
:100E40000021304600F054FF059D00962B461DAA58
:100E50002146584601F088FF854240F07C83059A80
:100E60000023A35422EAE272CDE90C339DF8671007
:100E7000039302920F93FEF7BABF2D218DF86710EE
:100E8000FEF7A4BF169B1599ABEB030B1A46584609
:100E9000FEF792FA9AF80120054B0AB10AF1010A0D
:100EA0004FF0000C28E600BF584B0020946500204E
:100EB000CDCCCCCC1BEE101A24AA584603F0F4FD7E
:100EC00000287FF418AA1B99269A0DF19C0A7CE64B
:100ED000059B9DF867100F93CDE90233CDE90C33E4
:100EE0000793FEF784BF0E99059865182D1ACC1A42
:100EF000A542A8BF2546FFF74DBB089B049953F8B0
:100F0000042B089311804C46FEF7C2BD13F9042B45
:100F10000893D1170B46FEF7DBBF039A022122ABE1
:100F200001931DAB009358461BABB0EE4A0B0292E7
:100F300001F0BCFF472D029A044600F06181462D66
:100F4000104405D12378302B00F06F821B9A104497
:100F5000B5EE40ABF1EE10FA40F0468103461B1BA4
:100F60000E93472D00F01081462D00F0B5811B9B9C
:100F70000C930C9B412D03F1FF331B9300F0E58193
:100F80009DF82C200021002BB8BF0C9B8DF87820F9
:100F9000BABFC3F101032D222B22092B8DF8792032
:100FA00040F3DA810DF18F05DFF81CC42A461046A4
:100FB0008CFB0321DA17C2EBA10202EB8201A3EB47
:100FC0004101303100F8011C19466329134600F134
:100FD000FF32ECDC3033D9B2831E9D4202F8011C93
:100FE00040F28B8213460DF17A0201E013F8011BE7
:100FF00002F8011B9D42F9D10DF191030DF17A0226
:101000001B1A13441EAA9B1A14930E9B149A012BAD
:101010001A44059240F30382059B109A13440593EA
:1010200026F48063059A43F480780023CDE90C33DD
:1010300022EAE2720F930292099B002B40F0B180EA
:101040009DF867100393FEF7D2BE204602F0B2FF70
:1010500002460590FEF720BF1BEE101A24AA584640
:1010600003F022FDFEF7EDBD591C584600F0C4FA0E
:101070000446002800F0CA810790E0E61BEE101A33
:1010800024AA584603F010FD00287FF434A9269ABC
:101090000DF19C0AFFF749BA1BEE101A24AA584614
:1010A00003F002FD00287FF426A9DDE925321B9913
:1010B0000DF19C0A49E606230393FFF783BB039BCC
:1010C00002215A1C2BE7039A032128E71BA8B0EE44
:1010D0004A0B02F0DFFFB4EE007B20EE070BB5EE0B
:1010E000400BF1EE10FA01D101231B93B348039B8F
:1010F000B3EE005B013B224604E0B5EE400BF1EE9F
:1011000010FA13D020EE050BFDEEC07BB3F1FF3FCC
:1011100017EE901A415CB8EEE76B944630EE460B42
:1011200002F8011B194603F1FF33E6D1B6EE006B5E
:10113000B4EEC60BF1EE10FA00F34881B4EE460BA4
:10114000F1EE10FA04D117EE903ADB0700F13E8180
:10115000002906DB4B1C1344302102F8011B93428B
:10116000FBD1131B0E93FCE60B9C0E9BDDF8249029
:10117000DDF828801396E3189D42294628BF1946BA
:1011800082460591FFF7D8B91B9B0C93DA1C02DB52
:10119000039A93420CDD0B9B023B0B9323F020053B
:1011A000E7E62D2100238DF867100393FEF722BE9A
:1011B0000C9B0E9A9342C0F2BD80F0070C9B40F14D
:1011C0003281109A13440593710503D50C9B002BB3
:1011D00000F33581059B23EAE373029367230B93A6
:1011E00000230F930D9327E7229B8342BFF4B7AEF2
:1011F00030215A1C22921970229B9842F9D8AEE6EF
:10120000F30700F1A780229BA9E624AA584605917E
:1012100003F04AFC00287FF46EA896F800C0269AD6
:10122000059927A86544FFF7ECBB1BEE101A24AA0A
:10123000584603F039FC00287FF45DA8269A0DF18A
:101240009C0AFFF76BB978238DF8693030238DF84D
:101250006830039B632B48F0020600F3A68000234E
:10126000079337AC18EE903A002B48F481782BDBCB
:10127000B0EE48AB0B9B23F02005002309930B9B9A
:10128000612B7FF4ADAAB0EE4A0B1BA802F002FF5F
:10129000B4EE007B20EE070BB5EE400BF1EE10FA3A
:1012A00001D101231B93464821E71BEE101A24AA03
:1012B000584603F0F9FB00287FF41DA81B9B269AD3
:1012C0000DF19C0AFFF74EB90B9B23F020052D234F
:1012D0000993B1EE48ABD2E71B9A0C92002A06F0B4
:1012E000010340F30D8103990B4340F0CF800C9B29
:1012F000059366230B93720500F1A380059B23EAF7
:10130000E37302936CE71BEE101A24AA584603F00D
:10131000CBFB00287EF4EFAF1B9C0E9B269A1C1B78
:101320000DF19C0AFFF736B958238DE7002203928E
:10133000FEF7DABB0E9B109A9A180C9B0592002BB5
:1013400040F3AB8067230B93D5E70B9A0F32D2B2F1
:10135000012118E6A018FBE5002940F0A880302202
:101360008DF87A200DF17B02303302F8013B1EAB81
:10137000D31A149349E601331249CAF804502A4497
:10138000072BCDE92532CAF800107FF733AC1BEEEE
:10139000101A24AA584603F087FB00287EF4ABAF4E
:1013A000DDE925320DF19C0A26E4591C584600F06F
:1013B00023F9044650B3079054E700BF3C4B00208C
:1013C000284B00209465002067666666CDF888C0CB
:1013D00012F8011C90F80FC0614513460AD14FF076
:1013E000300E03F801EC229B591E229113F8011CC8
:1013F0008C45F6D0392916BF0131817AC9B203F87C
:10140000011CAEE600239046079360E71BEE102A0E
:10141000B2F90C3043F040039381FEF716BCF50798
:101420007FF5FEADF8E50593CEE6B5EE40ABF1EE07
:1014300010FA3FF48BADC2F101021B9287E56723DE
:101440000B9313990B78FF2B79D000250C9A284623
:1014500003E001300131FF2B08D0934206DAD21AA3
:101460004B78002BF5D10B780135F4E70C921391F2
:101470000D900F950F9A0D9B16991344059A01FB39
:101480000323059323EAE3730293D5E5109BD31856
:101490001944662305910B932DE7C3F101031A4408
:1014A00022EAE2730293672305920B9398E60DF10B
:1014B0007A0259E7039BDDF80890DDF81C8005935C
:1014C000B4E418EE903A002BB4BF2D219DF86710BC
:1014D000254C264BB8BF8DF8671028F08008FEF722
:1014E00079BC039B0293059373239DF867100390C7
:1014F0000F900D900B93FEF77ABC0223149384E5B2
:10150000039A134305D10123662202930B9205939C
:1015100066E6109B01331A4422EAE27302936623C3
:1015200005920B935CE6089A99F80130894652F8C7
:10153000041B089241EAE1710391FEF7D3BA00233C
:101540000F930D9396E70C23CBF800304FF0FF3349
:101550000493FEF781BB1BEE102A938943F04003EE
:101560009381FEF7C8BE00BF244B0020E842002054
:10157000F0B5ADF5057D04AF009313464FF400724E
:101580000E460392394603AA054602F0DBFC88B1F9
:1015900004460246039B3146284603F06FFABC42DC
:1015A000039004D02846214602F0ECFF03980DF585
:1015B000057DF0BD4FF0FF30F9E700BF10B4054CDA
:1015C0008446134620685DF8044B0A466146FFF7DF
:1015D000CFBF00BF84700020024B0146186800F0A6
:1015E0000BB800BF84700020024B0146186802F05F
:1015F000C9BF00BF847000202DE9F04F01F10B0638
:10160000162E83B0044624D8102900F2BA8000F0C8
:101610000BFF102618220220B54F3A44A2F1080110
:1016200053688B4200F0BA805A68D96822F00302EE
:101630001A449D68E9608D60516841F001012046BF
:10164000516003F1080500F0F5FE284603B0BDE83F
:10165000F08F36F0070600F19480B14200F29180DD
:1016600000F0E2FEB6F5FC7FC0F09A81730A00F04C
:101670008F80042B00F26F81B30903F1390003F16D
:10168000380CC3009A4F3B44A3F108055B689D42A8
:1016900006D10CE0002980F22781DB689D4206D04C
:1016A0005A6822F00302911B0F29F3DD60463D6961
:1016B000DFF850C265457CD06A6822F00302931BB4
:1016C0000F2B00F37B81002BC7E904CC80F26C81E7
:1016D000B2F5007F80F01A81D308796801334FEAB0
:1016E000521E012202FA0EF20A4357F833E0C5F8FF
:1016F00008E007EBC3010839E9607A6047F8335026
:10170000CEF80C50831001219940914257D81142D4
:1017100006D120F003004900114200F10400FAD084
:1017200007EBC0094D468646D5F80C80454508D1E3
:101730001DE1002B80F22481D8F80C80454500F093
:101740001681D8F8042022F00302931B0F2BF0DD42
:101750002046D8E9025408EB060146F00106C8F815
:101760000460EC60A56043F00104C7E90411C1E91D
:1017700002CC4C6048F8023000F05CFE08F108052D
:1017800002E00C2323600025284603B0BDE8F08F5B
:101790004FF4007340204FF03F0C73E7D3689A4238
:1017A00008BF02307FF440AF3D69DFF858C165459E
:1017B00082D17A688310012199409142A7D9BD68EE
:1017C0006B6823F003094E4503D8A9EB06030F2BE2
:1017D0007ADCDFF834B1474BDBF800201B680132BC
:1017E000334405EB090A00F0338103F580530F33CE
:1017F00023F47F6828F00F084146204603F008F9DB
:10180000411C024600F0F380824500F2EE803A4B24
:10181000196841441960084600F04E81DBF8001059
:10182000019301311BBFA2EB0A010918CBF800207C
:10183000196012F0070B00F01781CBF108010A4480
:10184000CBF5805190440831A1EB0801C1F30B0A9C
:1018500051462046009203F0DBF8421CDDE90023EC
:1018600000F04F81801A00EB0A081968BA6048F04E
:1018700001005144BD425060196000F02981B9F166
:101880000F0F40F227816868A9F10C0C2CF0070CAF
:1018900000F0010040EA0C0068604FF0050E05EB17
:1018A0000C00BCF10F0FC0E901EE00F2328150686C
:1018B0001546124B1A688A4238BF1960104B1A68D5
:1018C0008A4238BF196094E0AA1943F0010346F038
:1018D00001066E602046BA60536000F0ABFD08352B
:1018E000284603B0BDE8F08FD9681A44A1E600BFCE
:1018F000686C00207CC800204CC8002074C8002000
:1019000078C80020706C002070700020B2F5206F45
:101910004FEA522363D3142B00F2B78003F15C012A
:10192000C9005B3307EB010E7958AEF1080E8E4506
:1019300000F091804B6823F00303934202D9896839
:101940008E45F7D1D1F80CE07A68C5E9021ECEF8D1
:101950000850CD60D6E6142B59D9542B00F29D8047
:10196000330B03F16F0003F16E0CC3008AE60EF136
:10197000010E1EF0030F05F108057FF4D5AE51E00E
:10198000424445465368D8F80C1043F001035360B5
:1019900055F8083F2046D9608B6000F04BFDF3E618
:1019A000F00806F1080237E62A442046536843F05F
:1019B00001035360083500F03DFDE5E6A919204616
:1019C00046F0010643F001046E60C7E90411C1E965
:1019D00002CC4C60AB5000F02DFD0835D4E69309E5
:1019E00003F13901C90038339CE7BD425FD0BD68BF
:1019F000686820F003084645A8EB060302D80F2BC1
:101A00003FF762AF204600F015FD0025BCE603F16C
:101A10005C0003F15B0CC30034E659F808394B4510
:101A200040F0968010F0030F00F1FF30F5D17B6895
:101A300023EA01037B60490099423FF6C0AE19B921
:101A4000BDE649000EF1040E1942FAD0704667E671
:101A500003F11008D0E69A104FF001087B6808FAED
:101A600002F21A437A6070E702EB08014942C1F3BF
:101A70000B0A51462046009202F0CAFF431CDDE9E2
:101A800000237FF4EFAEDA46EFE6542B25D8130B94
:101A900003F16F01C9006E3344E7B3F5AA7F25D87F
:101AA000F30B03F1780003F1770CC300EAE5294B4F
:101AB000186840441860B1E6CAF30B0CBCF1000F83
:101AC0007FF4ACAEBD68C84448F001006860F0E641
:101AD0001546EEE60123536094E7B3F5AA7F23D8B9
:101AE000D30B03F17801C90077331BE740F254525E
:101AF000934223D8B30C03F17D0003F17C0CC300A7
:101B0000C0E5ABF1080BD844A8EB02084FF0000A7F
:101B1000ABE605F108012046009302F033FDBD68F5
:101B2000009B68681968C4E640F254518B420BD898
:101B3000930C03F17D01C9007C33F3E64FF47E730F
:101B40007F204FF07E0C9DE54FF47E717E23E9E609
:101B50007B6870E74CC80020032A70B514D940EAAE
:101B600001039B0722D104460B46194620460E6806
:101B70000568B54204F1040403F1040316D1043AE4
:101B8000032A20461946F0D8541E9AB1421E013944
:101B900001E0C3180CD012F801EF11F801CFE645AF
:101BA000A4EB0203F5D0AEEB0C0070BD541EEDE7C4
:101BB000184670BD104670BD88420DD98B188342FF
:101BC0000AD900EB020CBAB1624613F801CD02F853
:101BD00001CD9942F9D170470F2A0ED8034602F180
:101BE000FF3C4AB10CF1010C013B8C4411F8012B74
:101BF00003F8012F6145F9D1704740EA01039B07C3
:101C000050D1A2F1100370B501F1200C23F00F05A3
:101C100001F1100E00F11004AC441B095EF8105CD9
:101C200044F8105C5EF80C5C44F80C5C5EF8085CF0
:101C300044F8085C5EF8045C44F8045C0EF1100E95
:101C4000E64504F11004E9D1013312F00C0F01EB69
:101C5000031102F00F0400EB031327D0043C24F01F
:101C600003064FEA940C1E441C1F8E465EF8045B6C
:101C700044F8045FB442F9D10CF1010402F003020C
:101C800003EB840301EB840102F1FF3C4AB10CF148
:101C9000010C013B8C4411F8012B03F8012F614525
:101CA000F9D170BD02F1FF3C03469BE72246EBE70A
:101CB00000B50B4C25681446EE681A4685B00346FD
:101CC0000D464CB107490095CDE90114304606494F
:101CD00002F036FEEFF78EF904490C46F3E700BF39
:101CE000847000207848002088480020E4420020CA
:101CF000830730B548D0541E002A3FD0CAB20346ED
:101D000001E0013C3AD303F8012B9D07F9D1032CE4
:101D10002DD9CDB245EA05250F2C45EA054536D922
:101D2000A4F1100222F00F0C03F1200EE6444FEA5A
:101D3000121C03F1100242E9045542E90255103227
:101D40007245F8D10CF1010214F00C0F03EB0212F2
:101D500004F00F0C13D0ACF1040323F0030304339D
:101D6000134442F8045B9342FBD10CF003042CB102
:101D7000C9B21C4403F8011B9C42FBD130BD644630
:101D80001346002CF4D1F9E703461446BFE71A4680
:101D9000A446E0E713460A460146022003F09EBF30
:101DA00070B5054684B05BB11C4669B10E4B284640
:101DB000D3F8E0602346B047431C0FD004B070BD99
:101DC00000F582740029F1D1074A2346D2F8E06079
:101DD00028460A4601A9B047431CEFD100228A23B6
:101DE00022602B6004B070BDFC6A002070B50D4EFF
:101DF0000D4D761BB61006D0002455F8043B013477
:101E00009847A642F9D1094E094D761B04F082F994
:101E1000B61006D0002455F8043B01349847A6427A
:101E2000F9D170BD602A0060602A0060782A0060E5
:101E3000602A0060704700BF704700BF704700BF56
:101E4000704700BF014B93F828017047FC6A0020DF
:101E500000487047EC6B002000000000000000000C
:101E60000000000000000000000000000000000072
:101E700000000000A2EB0300704700BF02780B785F
:101E8000012A28BF9A42F5D16DE9044540EA0104D0
:101E9000CDE902676FF0000C4FEA447212B380EA9A
:101EA000010414F0070F6AD100F0070420F00700C6
:101EB00004F0030521F007014FEAC505F0E804230B
:101EC00014F0040FF1E804670CFA05F462EA040266
:101ED00066EA04060AD063EA0403624667EA040776
:101EE000664603E0F0E80423F1E8046782FA4CF563
:101EF00082EA0604A4FA8CF46CBB83FA4CF583EAFC
:101F00000705A5FA8CF595B950E9022351E9026756
:101F100082FA4CF582EA0604A4FA8CF483FA4CF5B2
:101F200083EA0705A5FA8CF52543DBD09CB92DBAC9
:101F3000B5FA85F424F0070427FA04F1DDE9026715
:101F400023FA04F303F0FF0001F0FF01FDE804456C
:101F5000A0EB0100704724BAB4FA84F424F007041B
:101F600026FA04F1DDE9026722FA04F202F0FF002A
:101F700001F0FF01FDE80445A0EB0100704714F0FB
:101F8000030F3CD110F0030428D150F8082B51F86E
:101F9000083B82FA4CF582EA0305A5FA8CF55DB997
:101FA00050F8042C51F8043C82FA4CF582EA0305FF
:101FB000A5FA8CF5002DE8D02DBAB5FA85F424F0F9
:101FC000070423FA04F122FA04F202F0FF0001F000
:101FD000FF01FDE80445A0EB010070474FEAC4048F
:101FE00020F0030050F8082B21F0030151F8083BC2
:101FF0000CFA04F462EA040263EA0403C9E710F08D
:1020000003041AD0A1EB040120F00300E40750F808
:10201000042B06D00FD28B785FFAA2F4E41A06D113
:102020002BB1CB785FFAB2F4E41A00D11BB9204689
:102030005DF8104B704701F1040150F8042BCC07F8
:1020400021F0030151F8043B48D824D222F07F4408
:1020500082FA4CF594EA1325A5FA8CF50AD165B9F4
:1020600051F8043B84EA0204B4EB036F0ED150F83C
:10207000042BEBE74FEA132355E035F07F454DD1B4
:102080000878FDE80445C0F1000070474FEA12628D
:1020900003F0FF0347E002EA1C4482FA4CF594EA9D
:1020A0001345A5FA8CF50AD165B951F8043B84EAC9
:1020B0000204B4EB034F0CD150F8042BEBE74FEACA
:1020C000134330E015EA1C4528D10B884FEA124231
:1020D00029E04FEA124203EA1C4324E002F0FF0425
:1020E00082FA4CF594EA1365A5FA8CF50AD165B924
:1020F00051F8043B84EA0204B4EB032F09D150F8F1
:10210000042BEBE74FEA13630DE015F0FF0F05D149
:102110000B684FEA122223F07F4304E04FF00000E7
:10212000FDE80445704712BA1BBA82FA4CF482EA01
:102130000304A4FA8CF5B5FA85F402FA04F203FA62
:1021400004F34FEA1260FDE80445A0EB136070470A
:1021500038B5314B1B6805460C4613B15A6B002A43
:102160004ED0B4F90C3018079AB21CD5216929B3A6
:1021700012F0010007D00020A06060694042A06119
:1021800039B1002038BD950758BF6069A0600029AB
:10219000F7D1120658BF0846F4D543F04003A38197
:1021A0004FF0FF3038BDD1062ED5520714D4216927
:1021B00043F00803A3819AB20029D9D102F4207018
:1021C000B0F5007FD4D02146284600F027F8B4F9B6
:1021D0000C3021699AB2CBE7216B51B104F1400276
:1021E000914204D0284602F0CDF9B4F90C30002217
:1021F000226321690022C4E9001223F02403D7E7F7
:10220000184601F021FEACE7092243F040032A60A2
:102210004FF0FF30A38138BD847000202DE9F041DC
:102220008B890C46990796B008D504F14303012227
:10223000C4E90432236016B0BDE8F081B4F90E1091
:102240000029064625DB6A4602F052FB00281FDB08
:10225000019D05F47045A5F50055B5FA85F54FF4D7
:1022600080686D094FF4006741463046FFF7C4F9B6
:10227000E0B1B4F90C30C4F8148043F0800320605E
:102280002061A38135BB3B43A38116B0BDE8F0813B
:10229000A38913F0800519D04FF04008002541466E
:1022A00030462F46FFF7A8F90028E2D1B4F90C30E8
:1022B0009A05C0D423F0030304F1430243F0020360
:1022C0000121C4E90421A3812260B4E74FF48068AE
:1022D0002F46C9E7B4F90E10304602F01FFB10B9C3
:1022E000B4F90C30CFE7A38923F0030343F00103D3
:1022F0001BB2C8E780EA0102844612F0030F4FD1F7
:1023000011F0030F32D14DF8044D11F0040F51F8C4
:10231000043B0BD0A3F101329A4312F0803F04BF7B
:102320004CF8043B51F8043B16D100BF51F8044B64
:10233000A3F101329A4312F0803FA4F101320BD194
:102340004CF8043BA24312F0803F04BF51F8043B19
:102350004CF8044BEAD023460CF8013B13F0FF0F76
:102360004FEA3323F8D15DF8044B704711F0010FA9
:1023700006D011F8012B0CF8012B002A08BF70477A
:1023800011F0020FBFD031F8022B12F0FF0F16BF71
:102390002CF8022B8CF8002012F47F4FB3D1704739
:1023A00011F8012B0CF8012B002AF9D1704700BF5E
:1023B00070B50E461446054610B1436B002B2FD066
:1023C000636ED80702D4A389990520D5A368013B81
:1023D000002BA36019DAA26993420FDBF0B20A283E
:1023E0000CD023685A1C226005461E70636EDA0703
:1023F00002D4A3899B050ED5284670BD28462246E7
:10240000314603F013FC0546F0E7F0B2E9E7A06DB2
:10241000FFF714FDDAE7A06DFFF712FD284670BD47
:1024200001F012FDCCE700BF0148FFF707BD00BF78
:1024300044C800200148FFF703BD00BF44C8002086
:10244000436C70B505460C464BB153F8240080B17F
:10245000026843F824200023C0E9033370BD212221
:10246000042100F01FFC034668640028EDD1002021
:1024700070BD012101FA04F6721D9200284600F099
:1024800011FC0028F3D0C0E90146E4E731B1436C08
:102490004A6853F82200086043F82210704700BFD2
:1024A0002DE9F0410E6980460F461D4601F1140EDC
:1024B0000020DEF800108CB202FB0453090C4FEA36
:1024C000134C02FB01CC01309CB204EB0C4486425D
:1024D0004EF8044B4FEA1C45EBDC3DB1BB68B34200
:1024E00007DD07EB860301365D613E613846BDE8D6
:1024F000F081796840460131FFF7A2FF0446B0B190
:102500003A69023207F10C0192000C30EEF71EFA24
:10251000D8F844307A6853F82210396043F82270B2
:10252000274607EB860301365D613E61DEE7034B1C
:1025300003482246BA21FFF7BBFB00BF1849002021
:102540002C490020030C1B04D3B90004102310F005
:102550007F4F04BF0002083310F0704F04BF00012A
:10256000043310F0404F04BF80000233002805DB25
:1025700010F0804F03F1010308BF20231846704775
:102580000023E4E7036813F0070208D0D9071FD43B
:102590009A0722D55B08036001221046704799B262
:1025A00009B91B0C1022D9B209B908321B0A190744
:1025B00004BF1B090432990704BF9B080232D907E4
:1025C00003D45B0802F1010205D003601046704796
:1025D0000022104670472022DFE79B08022203609A
:1025E0001046704738B5436C04460D464BB15868E9
:1025F000B0B102685A6000220123C0E90435C2600C
:1026000038BD2122042100F04DFB03466064002800
:10261000EDD1094B0948002240F24511FFF748FB74
:102620001C220121204600F03DFB0028F1D00122B0
:102630000223C0E90123DEE7184900202C490020CD
:102640002DE9F04F0E691569AE4285B088461446F3
:1026500005DB2A46234635460C4616469846A368AF
:102660006168AF19BB42B8BF0131FFF7E9FE0190C5
:10267000002800F08780019B03F1140909EB870A09
:10268000D14505D24B46002243F8042B9A45FBD88E
:1026900008F1140808EB860B04F11403D8451A4618
:1026A00003EB85055FD22B1B153B23F0030304339B
:1026B0001534A54238BF0423CDE902A7AC461F4616
:1026C000924605E0090C29D1C34509F1040948D90E
:1026D00058F8041B8DB2002DF4D056464C4600230A
:1026E00056F8041B22681FFA81FE90B2090C05FB04
:1026F0000E00120C034405FB012202EB13429BB2B5
:1027000043EA0243B44544F8043B4FEA1243E7D896
:1027100049F8073058F8041C090CD5D0D9F8003016
:1027200050461A464C4600260588120C01FB05222D
:1027300016449BB243EA064344F8043B50F8045B5A
:1027400022682D0C93B201FB053303EB164384453D
:102750004FEA1346E8D8C34549F8073009F10409A0
:10276000B6D8DDE902A7002F02DC05E0013F03D067
:102770005AF8043D002BF9D0019B18461F6105B0A3
:10278000BDE8F08F034B0448019A4FF4B171FFF795
:102790008FFA00BF184900202C49002012F00303D3
:1027A0002DE9F0411446064632D10D46A41020D042
:1027B000D6F84080B8F1000F33D0E3074FF00007A0
:1027C00007D4641015D0D8F80000A8B18046E307FC
:1027D000F7D5424629463046FFF732FFB5B1696862
:1027E000736C641053F821202A6043F82150054689
:1027F000E9D12846BDE8F081424641463046FFF720
:102800001FFFC8F8000007608046E0E70546D8E7EC
:10281000013B0F4A52F823200023FFF741FE0546F3
:10282000C4E701213046FFF70BFE804640B101238B
:1028300040F27122C0E90432002330640360BCE737
:10284000044B0548424640F24511FFF731FA00BFFC
:1028500070590020184900202C4900202DE9F0472C
:102860000D4614462F69AB68496807EB62177E1C5A
:102870009E4280464FEA621904DD5B009E4201F1F0
:102880000101FADC4046FFF7DBFD8446002852D008
:10289000B9F1000F00F114020EDD09F105014FEA54
:1028A000810E134600EB8101002043F8040B8B429C
:1028B000FBD1AEF114031A44296905F1140314F095
:1028C0001F0E03EB81012ED0CEF1200910464FF0F0
:1028D000000A1C6804FA0EF444EA0A0440F8044BA7
:1028E00053F8044B994224FA09FAF2D84B1B153BD2
:1028F00023F00303043305F11500814238BF04239C
:10290000BAF1000F18BF374642F803A0D8F8443098
:102910006A68CCF8107053F822102960604643F8BA
:102920002250BDE8F087043A53F8040B42F8040F34
:102930009942F9D8EAE7034B034862464FF4EF7136
:10294000FFF7B6F9184900202C4900200B6984468E
:102950000069C01A16D10CF1140C14310CEB83026F
:1029600010B401EB830301E0944508D252F8044D02
:1029700053F8041D8C42F7D005D24FF0FF305DF8BC
:10298000044B7047704701205DF8044B704700BF4F
:102990002DE9F84F0F691369FF1A002F0E46904674
:1029A0007FD101F11405143202EB830205EB83039E
:1029B00001E09D4278D253F8041D52F8044DA14223
:1029C000F7D069D37168FFF73BFD8146002877D0C7
:1029D0003569D8F81020C76008F1140E06F114000C
:1029E00009F1140A06F110010EEB820200EB8507D3
:1029F00056464FF0000C5EF8044B51F804BFA3B2EA
:102A00001CFA8BFCACEB03034FEA144CCCEB1B4CD5
:102A10000CEB234C9BB243EA0C43724546F8043B53
:102A20004FEA2C4CE7D8A2EB0801153908F115083C
:102A3000424521F0030404F1040438BF0424204477
:102A400021F0030238BF002287425244544418D96F
:102A50002646014651F8043B1CFA83FC4FEA2C42FF
:102A600002EB13421FFA8CFC4CEA02438F4246F8F9
:102A7000043B4FEA224CEDD8013F3F1A27F00307F1
:102A8000E21923B952F8043D013D002BFAD0C9F8F0
:102A900010504846BDE8F88F334601274646984611
:102AA00090E7F9DB00278DE70021FFF7C9FC81469D
:102AB00068B101220023C9E904234846BDE8F88F24
:102AC000064B07484A4640F24521FFF7F1F8034B11
:102AD00003484A4640F23721FFF7EAF81849002038
:102AE0002C4900202DE9F043884683B0012157ECA2
:102AF000106B1546FFF7A4FC0446002851D0C7F31D
:102B00000A59C7F31303B9F1000F01D043F480133E
:102B1000002E019318D101A8FFF734FD019A6261DC
:102B2000012200F120032261B9F1000F25D0A9F2A2
:102B3000334909EB03022046C3F13503C8F80020EE
:102B40002B6003B0BDE8F08368460096FFF71AFDDE
:102B5000034610B3DDE90002C3F1200102FA01F1DE
:102B60000143DA4061610192002AA26114BF02228E
:102B700001222261B9F1000FD9D1A3F23243C8F882
:102B8000003004EB82031869FFF7DCFCC0EB421352
:102B900020462B6003B0BDE8F083009A6261019A81
:102BA000E2E7034B0348224640F20F31FFF780F87B
:102BB000184900202C4900200A22002101F08ABE79
:102BC00011F0FF01034644D0820732D110B50468EA
:102BD00041EA012E4EEA0E4E8EEA0402A2F10133C2
:102BE00023EA0203A4F1013222EA0402134313F0A0
:102BF000803F0FD150F8044F84EA0E0CA4F101334A
:102C0000ACF1013223EA040322EA0C02134313F06D
:102C1000803FEFD0037823B936E010F8013F002B56
:102C200032D09942F9D110BD8A4211D09A07184684
:102C3000CCD0184613F8012B002AF5D11046704766
:102C40009907184607D0184601330278002AF7D1B1
:102C500070478207F7D10268A2F1013323EA020329
:102C600013F0803F08D150F8042FA2F1013323EA7A
:102C7000020313F0803FF6D00378002BE8D010F861
:102C8000013F002BFBD17047184610BD10B4044C17
:102C900003460A4620685DF8044B194600F002B866
:102CA0008470002038B5A1FB02148CBBFEF7A4FC95
:102CB0000546E0B150F8042C22F00302043A242A1D
:102CC00017D8132A1AD91B2AC0E900441DD9242A6F
:102CD00014BF00F1100200F118024FF00003C0E928
:102CE000024404BF04614461C2E900339360284692
:102CF00038BD2146FEF7FCFF284638BD02460023BA
:102D0000C2E900339360284638BD00F10802F6E7B7
:102D1000FCF784FE0C2300250360E8E730B4047858
:102D20009CB10D7884465DB10A462B4602E012F84C
:102D3000013F2BB1A342FAD1ACEB000030BC70478D
:102D40001CF8014F002CEED1F6E72046F6E700BF55
:102D500010B4044C03460A4620685DF8044B19463B
:102D600001F0D4B98470002010B582B0049CCDE984
:102D700000344FF0FF3303F0F3F802B010BD00BF92
:102D80002DE9F04F03690C69A34283B0C0F287803C
:102D9000013C01F11405A30000F11408009355F85B
:102DA000243058F82420013381469A4208EB8400ED
:102DB00005EB84070190B2FBF3F63BD34FF0000C18
:102DC000AE464046E24663465EF804BB02681FFA20
:102DD0008BFC06FB0C334FEA134C4FEA1B4B06FBF4
:102DE0000BCC9BB2AAEB03031FFA8CFA13FA82F303
:102DF000CAEB124202EB23429BB243EA02437745FD
:102E000040F8043B4FEA224A4FEA1C43DCD2009BC5
:102E100058F8033073B9019B043B984504D307E08D
:102E2000984504F1FF3403D253F80429002AF7D05F
:102E3000C9F810404846FFF789FD00282BDB013612
:102E40004146002355F8040BD1F800C082B29A1A0B
:102E5000030C12FA8CF2C3EB1C4303EB224392B235
:102E600042EA0342AF4241F8042B4FEA2343E9D23E
:102E700058F8242008EB84036AB9043B984504D32E
:102E800007E0984504F1FF3403D253F80429002ADF
:102E9000F7D0C9F81040304603B0BDE8F08F0020ED
:102EA00003B0BDE8F08F00BF000000002DE9F04F37
:102EB0002DED028B8FB08DED020B0191816B1A9D70
:102EC000059357EC106B0446934641B1C26B4A60C0
:102ED000012393408B60FFF7D9FA0023A363B7F176
:102EE0000008B4BF012300232B60BE4BBCBF28F0F9
:102EF0000048CDF80C8033EA080300F09F809DED78
:102F0000028BB5EE408BF1EE10FA11D1059A012338
:102F100013601B9B002B00F03F82B34B1B9A136086
:102F2000013B009300980FB0BDEC028BBDE8F08F21
:102F30000CAA0DA92046B0EE480BFFF7D3FD5FEABF
:102F40001853054640F09280DDE90C130B4403F260
:102F50003242202A40F3FA82C2F1400208FA02F813
:102F600003F21242D64048EA060207EE102AB8EEF3
:102F7000477B581E17EE906A53EC172B4FF0010A4F
:102F8000A6F1F8739FED913B9FED927B9FED935BD4
:102F900006EE900A43EC122BB8EEE64BB7EE086B48
:102FA00032EE466BA6EE037BA4EE057BFDEEC76B0F
:102FB000B5EEC07BF1EE10FA16EE907A08D5B8EEB9
:102FC000E66BB4EE476BF1EE10FA18BF07F1FF376E
:102FD000162F00F24581854B03EBC70393ED007B71
:102FE000B4EEC78BF1EE10FA57D5091A0023B1F1F0
:102FF000010807F1FF370A9300F139810023069396
:10300000002F52DA069B0497DB1B06937B42089342
:10301000019B092B4FF000074ED8052B40F39D82F2
:10302000043B01930026019B9A1E032A00F225818E
:10303000DFE812F0AA03A7039D037E03059AC8F3F5
:10304000130842F20F7358EA060813601ED11B9B47
:10305000002B00F09185664B009308331B9A009873
:1030600013600FB0BDEC028BBDE8F08F18EE906AD4
:10307000C6F31306A3F2FF3053EC182B46F07F5330
:103080000C994FF0000A43F440137BE71B9B002B85
:1030900040F03B83574B009344E7091A0023B1F1FA
:1030A00001080A9300F1E380069300230893019B33
:1030B0000497092BB844B0D9002301260193079641
:1030C0004FF0FF399B460021E163CDF82C9020465C
:1030D000FFF7B6F90090002800F04085009BA3633D
:1030E000B9F10E0F00F2DC80002E00F0D980049BB5
:1030F000002B40F3DE833D4A03F00F0102EBC102D7
:1031000092ED007B1A11DB0540F182833A4991ED83
:10311000086B02F00F02032088EE065B5AB13649B5
:10312000D60704D591ED006B013027EE067B5210D7
:1031300001F10801F4D185EE076B0A9B3BB1B7EEB4
:10314000007BB4EEC76BF1EE10FA00F1AE8407EE2F
:10315000900AB8EEE75BB1EE0C7BA5EE067B17EEAE
:10316000902A51EC170BA2F15071B9F1000F00F049
:103170008883049E4A46079B002B00F04784B6EEE6
:10318000003B1A4BFDEEC64B03EBC20CB8EEE47BE2
:1031900036EE477B1CED026B83EE065B41EC160BB3
:1031A00014EE900A35EE465B0099B4EEC75B303002
:1031B000F1EE10FA01F8010B00F3AC84B7EE002B2E
:1031C000B2EE044B4FF0000C31E000BF61436F637F
:1031D000A787D23FB3C8608B288AC63FFB799F5030
:1031E0001344D33F0000F07F594B0020701500209E
:1031F000B44A0020C04A0020481500200CF1010C00
:1032000094454DDA27EE047B25EE045BFDEEC76B9B
:1032100016EE903AB8EEE63B303337EE437BB4EE31
:10322000C57BF1EE10FA01F8013B00F1738432EE38
:10323000476BB4EEC56BF1EE10FADFD5009A049639
:1032400002E08A4200F05084894611F8013D392B92
:10325000F7D00133DBB20B70049B0133049355E1CB
:10326000091A0123B1F101080A937FF5C7AEC1F134
:10327000010306934FF00008C2E60026E6633146DC
:103280002046FFF7DDF80090002800F06784009BDF
:10329000A3634FF0FF330B9399460123B346079383
:1032A0000D9A002A55DB04990E2952DCB74BBBF16D
:1032B000000F03EBC10393ED006B15DAB9F1000FBA
:1032C00012DC40F0F282B1EE047B26EE077BB4EE16
:1032D000C78BF1EE10FACA464E4600F26D82DDF859
:1032E00000806FEA0B0B70E288EE067BBDEEC77BB9
:1032F000009917EE103AB9F1010F03F13003B8EE5F
:10330000C75B01F8013BA5EE468B00F03483B2EEBB
:10331000044B012311E088EE067BBDEEC77B013331
:1033200017EE102A4B4502F13002B8EEC75B01F8E8
:10333000012BA5EE468B00F01E8328EE048BB5EE24
:10334000408BF1EE10FAE6D1049B013304938946D9
:10335000DCE0079B43B3019B012B40F37682089B83
:1033600009F1FF3A534580F23F82089BCDF820A037
:10337000AAEB030217444FF0000AB9F1000FC0F2A4
:103380002583069B09934B44C8440693012120469C
:10339000FFF728F906460CE07D4B009300980FB02C
:1033A000BDEC028BBDE8F08F069BDDF820A0079EE8
:1033B0000993099B6BB1B8F1000F0ADD43450699EB
:1033C0001A46A8BF4246891A9B1A06910993A8EB90
:1033D0000208089B63B1079B002B00F0A782BAF19B
:1033E000000F00F30482089BB3EB0A0240F0FF8257
:1033F00001212046FFF7F6F8002F824600F3AF8048
:10340000019B012B40F38781002308930120002FAB
:1034100040F0B180404410F01F0000F07A81C0F10C
:103420002002042A00F3888040F0F681069B002BDE
:1034300005DD29461A462046FFF710FA0546B8F181
:10344000000F05DD514642462046FFF707FA824647
:103450000A9B002B40F03F81B9F1000F40F325811A
:10346000079B002B40F0A380049B01330493DDF8FD
:103470000080012707E0294600230A222046FFF7A3
:103480000FF80137054651462846FFF779FCB94544
:1034900000F1300008F8010BEDDCB9F1000F009AE3
:1034A000CCBFCB464FF0010B03469344002729467F
:1034B000012220460193FFF7D1F951460546FFF757
:1034C00045FA002840F3AF811BF8013C009A0BF14C
:1034D000FF3B04E05A4500F0B1811BF8013D392B58
:1034E0000BF10109F6D001338BF80030514620462C
:1034F000FEF7CCFF56B12FB1B74203D03946204674
:10350000FEF7C4FF31462046FEF7C0FF294620469D
:10351000FEF7BCFF002389F80030DDE904231A60C0
:103520001B9B002B3FF4FEAC0098C3F800900FB03B
:10353000BDEC028BBDE8F08FC0F11C00069B03447C
:103540000693099B0344099380446FE7C2F120026C
:1035500006FA02F207EE102A09E5012663E50146A4
:103560003A462046FFF71AF9019B012B824640F3A9
:10357000C58100230893DAF810200AEB8202106953
:10358000FEF7E0FFC0F1200044E700BF7015002007
:10359000584B0020314600230A222046FEF780FFC8
:1035A0000B9B002B064640F3CE8204979946099B5D
:1035B000002B05DD31461A462046FFF74FF9064637
:1035C000089B002B40F0EB81B046029B009F03F06C
:1035D00001027B1E4B440893019B0A9213430993FB
:1035E00051462846FFF7CCFB314683462846FFF775
:1035F000ADF94246514681462046FFF7C9F9C268F7
:1036000001460BF13003002A42D1CDE906032846DA
:10361000FFF79CF9069902902046FEF737FF029AC1
:10362000079B1AB90999002900F07E82B9F1000FB1
:10363000C0F28381019949EA01090A9951EA09090D
:1036400000F07B81002A00F3C681089A3B7007F1E5
:1036500001099742CB4600F0C481294600230A2283
:103660002046FEF71DFF4645054631464FF0000354
:103670004FF00A02204612D0FEF712FF41460646DE
:1036800000230A222046FEF70BFF4F468046A7E79D
:1036900020460293FEF7FAFE029B0122C6E7FEF7E0
:1036A000FFFE4F46064680469AE7019B022B71DCDF
:1036B000079B002B7FF47BAF049B514601332846C8
:1036C0000493FFF75DFBDDF800B000F130030BF869
:1036D000013B0027EBE651462846FFF737F9002863
:1036E000BFF6BAAE294600230A222046FEF7D8FECE
:1036F000049B5F1E079B0546002B7FF44BAF0B9B83
:10370000002B40F318829946B1E6BC4B009303337B
:10371000A4E41C2012E7DDE9020100287FF474AE66
:10372000C1F31302002A00F0F480029B08936DE6B7
:1037300001230793049B5B4403F10109B9F1010FD5
:10374000CC460B93B8BF4FF0010C0021BCF1170F12
:10375000E1637FF7BCAC01200422520002F11403A4
:103760006345014600F10100F7D9E163AFE40123AD
:103770000793BBF1000F52DDCDF82CB0D946DC46E3
:10378000E3E700230793D5E700230793F1E7DDF88C
:103790002C900497B9F1000F7FF4A1AD51464B4630
:1037A00005222046FEF77CFE014682462846FFF7AA
:1037B000CDF800287FF793AD049B03F1010B009B2C
:1037C0003122984603F8012B009351462046FEF71C
:1037D0005DFE0BF10103DDF800900493CDF800804D
:1037E000002E7FF48FAE91E6A3EB0A0AC5E53146C1
:1037F00052462046FEF7D2FF2A460146064620469C
:10380000FEF71EFF294605462046FEF73FFEEAE585
:103810000220B0EE485B81E4C0F13C008EE64FF040
:10382000010BD9464FE403D1019BDB073FF54CAEBA
:10383000D9461BF8013D302BFAD057E6049B009A7D
:10384000013304933123137050E6BAF1000F00F0F6
:10385000238102F23342069B09931344DDF820A032
:103860000693904492E507EE900AB1EE0C5BB8EE39
:10387000E77BA6EE075B15EE902A51EC150BA2F143
:10388000507141EC150BB1EE047B36EE477BB4EE84
:10389000C57BF1EE10FA00F33781B1EE455BB4EE73
:1038A000C57BF1EE10FA7FF5FBAC4FF0000A5646EF
:1038B00015E500F0F580049B51495A4202F00F00D3
:1038C00001EBC00191ED006B121128EE066B00F0C8
:1038D0004281B0EE467B4B4900260220D30705D536
:1038E00091ED005B0130012627EE057B521001F1BE
:1038F0000801F3D1002E06FE076B1EE4029B002B8D
:103900007FF437AEDDE90201C1F31302002A40F073
:1039100037813D4A0A40002A00F0FA80069B0133B5
:103920000693012308F1010808936FE52946089AD8
:103930002046FEF733FF05465AE5002A12DD2946E8
:10394000012220460193FEF789FF51460546FEF706
:10395000FDFF0028019B40F3E180392B00F0CA8075
:103960000BF13103B94609F8013B049B013337469B
:1039700004934646BAE538EE088BB4EEC68BF1EEFA
:1039800010FA0ADCB4EE468BF1EE10FA7FF4DCACF0
:1039900017EE103AD8077FF5D7AC009A54E4716857
:1039A0002046FEF74DFD0746002800F0DE80336913
:1039B00002339A0006F10C010C30ECF7C7FF3946D0
:1039C00001222046FEF74AFF8046FEE5069BA3EB58
:1039D00009030993DAE4392B00F08C80B9460133EE
:1039E000C1E7049A01323746049246465FE529460C
:1039F0002046FEF7D3FE0546FAE400BFC04A002089
:103A000070150020481500200000F07F5E4BFDEE91
:103A1000C65B03EBC20C1CED023BB8EEE57B36EE59
:103A2000477B41EC160B15EE901A23EE063B0098EF
:103A30003031012A00F8011B00F08380B2EE044B04
:103A4000009B991827EE047BFDEEC76B16EE903AAB
:103A5000303300F8013B8142B8EEE65B37EE457B40
:103A6000F0D1B6EE006B33EE065BB4EEC75BF1EE61
:103A700010FA3FF5E3AB36EE436BB4EEC76BF1EEF5
:103A800010FA7FF70DAC8946013919F8013C302B4B
:103A9000F9D0731C049339E50C9AC2F13602DAE6C8
:103AA0000220B0EE486BFFF748BBB9F1000F3FF4BE
:103AB000DAAE0B9A002A7FF7F3ABB2EE044B26EE98
:103AC000046B013007EE900A049BB8EEE75BB1EEA1
:103AD0000C7BA6EE057B17EE90CA51EC170B5E1E11
:103AE000ACF15071FFF747BB049B013304933123C2
:103AF000FFF7B1BB049BBB46013304933923374620
:103B00000BF8013B4646E1E44FF0000A564653E607
:103B100008927BE4731C04938946F7E47FF422AF98
:103B2000DA077FF51FAF18E7392BE3D0B9F1000FA3
:103B30003FF716AF16E7019B022B3FF728AE04971D
:103B4000BAE501468DE7019B022B3FF720AEDDF879
:103B50002C9004972BE50220FFF7EFBA0B4B0C4893
:103B6000002240F2AF11FEF7A3F8084B08483A468E
:103B700040F2EF21FEF79CF8064B0093FFF7D2B915
:103B8000029B0893F7E400BF70150020184900203D
:103B9000C44A0020B44A0020B1F90C202DE9F041BC
:103BA0000C461107804647D4636842F40062002B3C
:103BB000A2815EDDA56A002D58D00023D8F80060F0
:103BC000C8F8003093B212F4805256D10123E16953
:103BD0004046A847431C67D0A389A56A5F0705D55F
:103BE0006368C01A236B0BB1E36BC01AE16902462C
:103BF00000234046A847411C41D1D8F80030002B93
:103C00003DD01D2B01D0162B56D1A38922692260ED
:103C100023F4006300216160A381216BC8F8006078
:103C200021B304F14003994202D0404600F0AAFCBF
:103C300000202063BDE8F0812669BEB193B22568FB
:103C400026609A070CBF63690023AD1BA3600BE0DD
:103C50002B463246E169676A4046B847B0F1000C2E
:103C6000A5EB0C05664417DD002DF1DC0020BDE856
:103C7000F081E36B002B9DDCF8E7206DAEE7B4F933
:103C80000C302269226023F40063A3810022DB044C
:103C90006260C2D52065C0E7A38943F040034FF0BE
:103CA000FF30A381BDE8F081D8F80030002B93D01D
:103CB0001D2B06D0162B04D0A38943F04003A3810B
:103CC000D5E7C8F80060D1E738B50C46054608B11D
:103CD000436B03B3B4F90C0088B1636EDB0701D406
:103CE00081050FD528462146FFF756FF636EDA0798
:103CF000054602D4A3899B0508D5284638BD05464C
:103D0000284638BDA06DFEF799F8EBE7A06DFEF7E9
:103D100097F8284638BD00F097F8DBE7024A0349D8
:103D2000034800F087BE00BF787000209D2B030081
:103D3000B86500200C4B4168994210B5044601D08B
:103D400002F026F8A168094B994202D0204602F001
:103D50001FF8E168064B994204D02046BDE81040A8
:103D600002F016B810BD00BF80C80020E8C80020CF
:103D700050C900202DE9F8432A4C2B4B2B48DFF883
:103D8000C090DFF8C0802A4F186000250423082265
:103D9000294604F15C00274E6566C4E90253C4E974
:103DA0000055C4E90455A561FDF7A2FF224B6367E6
:103DB0000822294604F1C400C4E90749C4E9098777
:103DC000C4E91A55C4E91E55C4F8CC502567C4F897
:103DD0008050E662FDF78CFF184BC4F8DC302946B2
:103DE00004F16803082204F59670C4F88430C4E92D
:103DF0002298C4E92476C4E93455C4E93855C4F896
:103E00003451C4F8D850C4F8E850FDF771FF04F1FC
:103E1000D003C4E93C98C4E93E76C4F8EC30BDE870
:103E2000F88300BF80C80020B8C90020290B030018
:103E3000D9170300F917030009000100120002005E
:103E4000751703009917030010B504460A48FDF7DB
:103E5000F5FF636B23B9094B094A1B68626323B101
:103E6000BDE810400448FDF7EBBFFFF783FFBDE856
:103E700010400148FDF7E4BF48C80020B8C9002041
:103E8000410B03000148FDF7D9BF00BF48C800201F
:103E90000148FDF7D5BF00BF48C800200000000062
:103EA0000000000001F0FF01102A2BDB10F0070FCB
:103EB00008D010F8013B013A8B422DD010F0070FCB
:103EC00042B3F6D1F0B441EA012141EA014122F0C6
:103ED00007047FF000070023F0E80256083C85EA5B
:103EE000010586EA010685FA47F5A3FA87F586FA01
:103EF00047F6A5FA87F68EB9EED1F0BC01F0FF01C6
:103F000002F0070232B110F8013B013A83EA0103E3
:103F100013B1F8D10020704701387047002D06BF5B
:103F200035460338073815F0010F07D1013015F475
:103F3000807F02BF013015F4C03F0130F0BC013872
:103F4000704700BF30B5146815469BB01A4609B1DA
:103F5000002C19D100214FF42273ADF80C300091E0
:103F600004914FF6FF7302910591ADF80E3069464A
:103F70001E9BFBF75BFD002813DB009B28600022E3
:103F80001A7004981BB030BD4FF4C16300910491C6
:103F9000ADF80C302146E4DA8B23036000201BB01F
:103FA00030BD0020EEE700BF000000000000000070
:103FB0000000000090F800F06DE9024520F00701D4
:103FC0006FF0000C10F0070491F820F040F04980E9
:103FD0004FF000046FF00700D1E9002391F840F0A2
:103FE00000F1080082FA4CF2A4FA8CF283FA4CF346
:103FF000A2FA8CF34BBBD1E9022382FA4CF200F116
:104000000800A4FA8CF283FA4CF3A2FA8CF3E3B919
:10401000D1E9042382FA4CF200F10800A4FA8CF2F0
:1040200083FA4CF3A2FA8CF37BB9D1E9062301F1B0
:10403000200182FA4CF200F10800A4FA8CF283FA13
:104040004CF3A2FA8CF3002BC6D0002A04BF043034
:104050001A4612BAB2FA82F2FDE8024500EBD2002B
:104060007047D1E9002304F00305C4F100004FEAD2
:10407000C50514F0040F91F840F00CFA05F562EA5A
:1040800005021CBF63EA050362464FF00004A9E77E
:104090000000000030B482B08DED000B019A194C85
:1040A00022F000430021A342016021DC009C1C435C
:1040B0001ED0154C144054B99FED107B20EE077BA9
:1040C0008DED007B019A6FF0350122F0004322F064
:1040D000FF42DDE9004522F4E00242F07F551B1566
:1040E00045F40015A3F2FE33CDE900450B4403600F
:1040F0009DED000B02B030BC704700BF0000000017
:1041000000005043FFFFEF7F0000F07F2DE9F84FE4
:104110001746002900F098800C4607F10B058046F1
:10412000FEF782F9162D54F8041C5BD810252A4698
:10413000AF425CD821F003069642A4F1080962DA86
:10414000BC4BD3F808C009EB0600844500F097800B
:10415000D0F804C02CF0010303445B68DB0768D48B
:104160002CF0030C06EB0C03934247DACB0710D478
:1041700054F8083CA9EB030ADAF8043023F00301F1
:104180008C44B444944580F211817318934280F2B8
:10419000E88039464046FDF72FFA0746E0B154F86B
:1041A000043C23F001034B44A0F10802934200F0C9
:1041B000D280321F242A00F2F580132A00F2AC804C
:1041C00003462246116819605168596092689A60E6
:1041D0002146404600F0D6F94046FEF72BF9384616
:1041E000BDE8F88F25F00705002D2A46A0DA0C233C
:1041F000C8F8003000273846BDE8F88F1E46D0E9E1
:104200000223D3609A60731B0F2B22D8D9F8043095
:1042100003F0010333434E44C9F80430736843F09C
:104220000103736040462746FEF704F93846BDE8AF
:10423000F88FC907ADD454F8083CA9EB030ADAF8A3
:10424000041021F00301A0E7BDE8F84F1146FDF787
:10425000D3B9D9F8042009EB050102F001024E445C
:1042600043F001032A43C9F804204B60736843F00C
:10427000010308317360404600F084F9D2E7DCF8AE
:10428000040020F0030B06EB0B0C05F11000844535
:104290004DDAC9073FF57DAF54F8081CA9EB010AB8
:1042A000DAF8041021F003018B44B34458453FF77A
:1042B0006CAF5746DAF80C1057F8080F321F242A53
:1042C000C160886000F2DB80132A40F2D68021684A
:1042D000CAF808106168CAF80C101B2A00F2DF80C7
:1042E00008340AF110022168116061685160A16808
:1042F00091600AEB0501ABEB050242F00102996007
:104300004A60DAF8043003F001032B434046CAF850
:104310000430FEF78FF86EE723680360636843603C
:104320001B2A68D804F1080200F108034AE709EBE8
:1043300005029A60ACEB050343F00103536054F8A7
:10434000043C03F001032B43404644F8043CFEF7D1
:1043500071F827464FE750F8043C23F003031E444E
:1043600051E75746DAF80C1057F8080F321F242A85
:10437000C16088604CD8132A48D92168CAF808104F
:104380006168CAF80C101B2A56D808340AF11002CA
:104390001E462368136063685360A3689360D14628
:1043A0003C4630E72146FDF707FC11E7D0E9021350
:1043B0005746CB60996057F8081FDAF80C30CB608D
:1043C000321F242A99602DD8132A29D92368CAF8C4
:1043D00008306368CAF80C301B2A42D808340AF146
:1043E000100322681A6062685A60A2689A60664682
:1043F000D1463C4607E7A3688360E368C360242A8C
:1044000026D004F1100200F11003DBE63A46BFE7C4
:10441000214638461E46D146FDF7CEFB3C46F2E625
:104420003B46DEE7214638466646D146FDF7C4FBEB
:104430003C46E8E6686C0020A168CAF81010E16804
:10444000CAF81410242A20D010340AF118029FE769
:10445000236903616169416104F1180200F11803E5
:10446000B0E6A368CAF81030E368CAF81430242A0A
:1044700021D010340AF11803B3E73A4633E7214656
:104480003846FDF799FB164B33E72269CAF8182026
:104490006269CAF81C2018340AF1200278E7A16882
:1044A000CAF81010E168CAF81410242A0DD010348C
:1044B0000AF1180217E72369CAF818306369CAF8C5
:1044C0001C3018340AF120038BE72269CAF818203F
:1044D0006269CAF81C2018340AF1200203E700BF01
:1044E000686C0020F8B5244F0C460646FDF79CFF8B
:1044F000BB685D68C4F57E610F3125F003054B197B
:1045000023F47F6323F00F03A3F58054B4F5805F99
:1045100007DB0021304600F07BFABB682B44984251
:1045200004D03046FDF786FF0020F8BD61423046DA
:1045300000F06EFA01300DD0104ABB682D1B45F01B
:1045400001055D60136830461B1B1360FDF772FFA9
:104550000120F8BD0021304600F05AFABA68831AEB
:104560000F2BDEDD43F001035360054B03491B684D
:10457000C01A0860D5E700BF686C00204CC8002056
:1045800070700020002961D0F8B50C460646FDF792
:104590004BFF54F8042C7B4FA4F1080522F00101D5
:1045A00005EB010CB868DCF80430604523F0030328
:1045B00000F08B80D207CCF8043032D454F8082CA9
:1045C000AD1A1144AA6807F1080082426AD00CEBC8
:1045D0000304D4F804E0EC68D4601EF0010FA2607C
:1045E00000F0978041F001036B60CCF80010B1F54A
:1045F000007F35D27868CB080122490901338A400F
:10460000024357F833107A6007EBC302083AC5E952
:10461000021247F83350CD603046BDE8F840FDF750
:1046200009BF0CEB03025268D00710D4194407F1FC
:104630000800DCF80830834273D0DCF80C20DA6024
:10464000936041F001036B606950D0E7704741F01F
:104650000103B1F5007F44F8043CCCF80010C9D345
:10466000B1F5206F4FEA512348D28B0903F139008D
:1046700003F13802C300F818FB580838984259D0A3
:104680005A6822F003028A4202D99B689842F7D105
:10469000D868C5E902308560DD603046BDE8F84085
:1046A000FDF7C8BE0CEB03025268D20763D40B447B
:1046B000DCE90212CA60916043F001026A60304690
:1046C000EB50BDE8F840FDF7B5BE0B44D10707D469
:1046D00054F8082CAD1A1344D5E90212CA6091604F
:1046E00043F001026A60284ABD6012689A4293D87A
:1046F000264B30461968FFF7F5FE8DE7142B0AD9D3
:10470000542B1FD80B0B03F16F0003F16E02C30093
:10471000B1E719448DE703F15C0003F15B02C300CC
:10472000A9E741F00103C7E90455C5E902006B6040
:10473000695071E779689210012404FA02F20A4381
:104740007A60A6E7B3F5AA7F06D8CB0B03F1780011
:1047500003F17702C3008EE740F25452934206D829
:104760008B0C03F17D0003F17C02C30083E74FF45F
:104770007E737E227FE741F001036B60CCF800106E
:104780004AE700BF686C0020747000207CC80020DD
:10479000012B2DE9F84F40D0242B98463DD84C4DA5
:1047A0008E4676461EF801BB15F80B4014F008043F
:1047B000F7D1BBF12D0F72D0BBF12B0F08BF9EF8C4
:1047C00000B06FF0004908BF06F1020E002B42D086
:1047D000102B57D0B9FBF8F700252E4608FB179A87
:1047E00005E033D008FB06C601251EF801BBABF17E
:1047F000300CBCF1090F06D9ABF1410CBCF1190F1B
:1048000012D8ABF1370C634517DDB5F1FF3FECD0A3
:10481000B742E6D24FF0FF35E7E7FBF7FFF8162384
:1048200003600020BDE8F88FABF1610CBCF1190FFB
:1048300003D8ABF1570C6345E7DC6B1C27D08CB970
:104840000AB1A5BB11603046BDE8F88FE245C9DA70
:104850004FF0FF35C9E7BBF1300F05D04FF00A0824
:104860004346B7E77642EBE79EF8003003F0DF03FC
:10487000582B21D14FF010089EF801B043460EF19D
:10488000020EA7E7BBF1300F1AD09846A2E7222309
:10489000036072B10EF1FF314E461160D3E79EF80E
:1048A00000B04FF0004906F1020E01248EE7B14638
:1048B000F0E74E463046C7E74FF00808434689E721
:1048C0009EF8005005F0DF05582DD3D0984681E7BB
:1048D000B149002010B4054C8446134620685DF8A9
:1048E000044B0A466146FFF753BF00BF84700020A7
:1048F00070B50C46084D03460026204611461C465E
:104900002E60ECF769FB431C00D070BD2B68002BB8
:10491000FBD0236070BD00BF1C07012038B5074DD8
:104920000022044608462A60ECF75CFB431C00D0DA
:1049300038BD2B68002BFBD0236038BD1C0701203D
:104940000EB410B583B005AB064C53F8042B01939D
:104950000146206800F064F903B0BDE8104003B0E0
:10496000704700BF8470002010B50C46B1F90E10DE
:1049700001F030FB002803DB236D0344236510BDE9
:10498000A38923F48053A38110BD00BF2DE9F0411A
:104990000C46B1F90C101F46CB05054616460BD444
:1049A00021F48051A1813B46B4F90E1032462846CD
:1049B000BDE8F04100F062B8B4F90E100223002205
:1049C00001F0F2FAB4F90C10EAE700BF10B50C469A
:1049D000B1F90E1001F0E8FAA389421C0EBF23F4CE
:1049E000805343F480532065A38110BDB1F90E10AC
:1049F00001F0C8BA49B1FF2A02D80A7001207047F5
:104A00008A2303604FF0FF3070470846704700BFAD
:104A100038B5074D0022044608462A60ECF7BCFA78
:104A2000431C00D038BD2B68002BFBD0236038BD61
:104A30001C0701202DE9F84380460F4616464FF02B
:104A40000009D6E90154013D11D4A389012B05F1D8
:104A5000FF3508D9B4F90E300133214603D0404662
:104A6000B84749EA00096B1C04F16804EDD13668C7
:104A7000002EE6D14846BDE8F88300BF38B50C46A5
:104A8000084D8446114620461A4600232B60644692
:104A9000EAF7F6FE431C00D038BD2B68002BFBD094
:104AA000236038BD1C0701202DE9F04F936817687B
:104AB00083B09246002B70D081468A6808680C4605
:104AC000083743E0A38913F4906F2ED0D4E904167D
:104AD000A0EB010806EB460606EBD67608F10100CE
:104AE00076102844B042324684BF064632465B0503
:104AF00037D511464846FCF77FFD019000283AD093
:104B000042462169EBF722FFA289019B22F49062C1
:104B100042F08002A281A6EB080203EB0800666166
:104B2000A260236120602E46A84642465946FDF702
:104B300043F8DAF80830A2682068921B40445B1BF7
:104B4000A2602060CAF808303BB3083757E902B5C5
:104B5000002DFAD0AA4216469046B3D92E46A84652
:104B6000E3E74846FFF7D2FA03460028D3D121698C
:104B70004846FFF707FDA3890C2243F04003C9F81C
:104B800000204FF0FF30A38100220023CAF8082044
:104B9000CAF8043003B0BDE8F08F00200023CAF843
:104BA000043003B0BDE8F08F2DE9F84F4B6E9C0444
:104BB00090462DD59368126843B38B46064602F1A2
:104BC000080959E9025A5FEA9A0715D0043D002402
:104BD00001E0A7420ED055F8041F5A46304601F0B6
:104BE00065FA431C04F10104F3D10023C8E9013341
:104BF000BDE8F88FD8F808302AF0030AA3EB0A03BF
:104C0000C8F8083009F10809002BDAD10020ECE7D8
:104C1000FAF724FD0023C8E90133BDE8F88F00BF8F
:104C20002DE9F04F2DED028BC5B00DF1500A8346F2
:104C300008EE101A16460021082250461C4607931B
:104C4000FDF756F8BBF1000F04D0DBF83430002B31
:104C500000F0A08618EE102A536EDB0740F1138592
:104C6000B2F90C108AB295040BD418EE103A41F444
:104C7000005199815B6E8AB218EE101A23F400532A
:104C80004B66100740F1058118EE103A1B69002BA6
:104C900000F0FF8002F01A030A2B00F00A810023C3
:104CA000CDE91933CDE90D331BAA0C931892914627
:104CB0000B930593B0464446A84BD3F8E450FDF758
:104CC000C1F82246034612A9CDF800A05846A847CD
:104CD000002800F04581C0F23981129A252A034646
:104CE00001D01C44E8E7B4EB0806054640F03C81DF
:104CF000002361788DF8433004F1010806934FF0EA
:104D0000FF371E462B2408F10108A1F120035A2B7E
:104D100000F27881DFE813F0B50276017601B00287
:104D20007601760176016A00760176017D028D02B8
:104D3000760188029702760192025B005B005B00BD
:104D40005B005B005B005B005B005B007601760153
:104D500076017601760176017601760176015C02B4
:104D6000840076017601760176017601760176017E
:104D7000760176017601E80076017601760133024C
:104D80007601DA02760176018B05760176017601ED
:104D900076017601760176017601760176015C0274
:104DA0008600760176017601CD0286007F007601CD
:104DB000C0027601FD02EA00ED027F0076013302B7
:104DC0007C006905760176016B0576017C00A1F116
:104DD0003003002218F8011B02EB820203EB4202AF
:104DE000A1F13003092BF5D906928EE75846FDF75D
:104DF0002FF843680D931846FFF7DCF80E90054630
:104E00005846FDF725F883680B93002D40F0D684B3
:104E100098F8001077E798F8001046F0200672E73F
:104E200046F01006B40640F18E81079B073323F04D
:104E300007031A46596852F8083B07920A460029A8
:104E4000C0F27084791C00F0A28526F080010391E5
:104E500053EA020100F03F840A2B72F1000180F056
:104E6000418530338DF80F31039E012304930DF2F9
:104E70000F14049BBB42B8BF3B4603930023089327
:104E80009DF84330002B00F0CB80039B013303934C
:104E9000C6E018EE101A584618EE105AFDF758F9E9
:104EA000002840F05286AA8902F01A030A2B7FF4E8
:104EB000F6AE18EE101AB1F90E30002BFFF6EFAE79
:104EC0004B6EDB0702D4970540F1128618EE101ADC
:104ED00023463246584600F069FE0590059845B0D5
:104EE000BDEC028BBDE8F08F46F0100616F02002F4
:104EF00000F03681079B073323F0070319465A68F1
:104F000051F8083B079126F48061039100210020AD
:104F10008DF84300781C00F01082039820F0800682
:104F200053EA020040F00882002F40F03885002943
:104F300040F0D583039B13F00103049300F0118428
:104F400030238DF80F310DF20F1492E70822002163
:104F50005046FCF7CDFE01231C44ADE6FC6A002060
:104F6000B4EB080605461BD0199B1A9A013332444C
:104F7000072BC9E900861A9219931CDD002A00F05C
:104F8000A68318EE101A18AA5846FFF70DFE20BB8C
:104F90000DF16C09059B33440593002D7FF4A8AEF9
:104FA0001A9B002B40F0C18518EE103A0022B3F98D
:104FB0000C30199215E009F10809EBE718EE101A08
:104FC00018AA5846FFF7F0FD002800F0A680089BBD
:104FD0001BB108995846FFF7D5FA18EE103AB3F905
:104FE0000C3018EE102A526E12F0010F9AB200F037
:104FF000A080500600F1B285059845B0BDEC028B4B
:10500000BDE8F08F0029CBD000238DF84330012379
:10501000CDE903338DF8AC102BAC002308931F4669
:1050200016F00203099302D0039B0233039316F098
:1050300084030A9305D1069B039A9D1A002D00F361
:105040007B82DDE91903411C9DF8432082B10122D6
:105050000133C9F8042007290DF14302CDE91913E2
:10506000C9F8002000F34A82084609F10809013115
:10507000099AE2B111AA0233C9F8002007294FF0BA
:105080000202CDE91913C9F8042040F35082002B25
:1050900000F0438318EE101A18AA5846FFF784FD53
:1050A000002894D1DDE919030DF16C09411C0A9A1D
:1050B000802A00F08481049ABD1A002D00F3D78164
:1050C000049AC9F8004013440729CDE91913C9F817
:1050D000042040F36E81002B00F0758218EE101A48
:1050E00018AA5846FFF760FD00287FF470AF1A9B9E
:1050F0000DF16C09750705D5069A0399541A002C11
:1051000000F36B82DDE9052103988142ACBF5218A0
:1051100012180592002B7FF451AF089900231993C0
:10512000002900F049815846FFF72CFA0DF16C096F
:10513000C1E59C053FF55DAF18EE104AA06DFCF788
:105140007FFEA28955E7F006079A00F11F837106DA
:1051500040F1198332F9043B0792DA1711466EE6E3
:1051600016F01003079940F0098316F0400000F094
:1051700001831A4651F8043B07919BB2C3E6079B93
:105180001A4600238DF84330134653F8044B03931B
:10519000002C00F01284532900F0658316F01005EE
:1051A00040F061837B1C00F0B3843A4629462046D8
:1051B000FEF778FE0890002800F09F84031B039AF6
:1051C000049323EAE3732F4607920393089557E667
:1051D000432902D0F50640F12D83079D08220021C6
:1051E00016A82BACFCF784FD16AB55F8042B214612
:1051F0005846FCF7D5FD03460133049000F0B38414
:10520000049B079523EAE373039300238DF843304F
:1052100003E7079B53F8042B0692002A80F29C8236
:10522000069A5242CDE9062398F8001046F004068B
:1052300069E598F800108DF8434064E598F800108F
:1052400046F080065FE5424612F8011B2A2900F06D
:105250009684A1F13003092B90464FF000073FF6EA
:1052600054AD18F8011B07EB870703EB4707A1F1C3
:105270003003092BF5D948E598F8001046F00106EF
:1052800041E59DF84330002B7FF4C2AD202398F810
:1052900000108DF8433036E598F800106C2903BFF4
:1052A00098F8011046F0200608F1010846F01006B3
:1052B00029E598F80010682903BF98F8011046F412
:1052C000007608F1010846F040061CE546F01003A0
:1052D0000393039B13F0200200F00682079B073321
:1052E00023F0070319465A6851F8083B079101213A
:1052F0000DE6079A46F00203039352F8043B079227
:1053000047F63002ADF84420B84A0C920221002240
:10531000FDE5B70600F14882F50600F14683740604
:1053200000F1D583B00540F14083079B059953F800
:10533000042B07931170BEE4039601293FF48CAD52
:10534000022944AC11D10C9803F00F011B09415CF8
:1053500004F8011D43EA0273120953EA0201F3D172
:10536000039E44AB1B1B049383E503F00701DB089A
:1053700043EA4273D208303153EA0205204604F86A
:10538000011DF2D1039EF307EBD53029E8D030237D
:10539000023804F8013C44AB1B1A039E04930446F4
:1053A00067E5049B1B9401221C931A9319920DF13B
:1053B0006C0909F108099DE60DF16C097BE4069A78
:1053C000039D551B002D7FF776AE102D40F3BB8358
:1053D000099418EE104A07E000F1020C09F10809DF
:1053E0001046103D102D1EDD8149C9F80010421CE9
:1053F00010331021072ACDE91923C9F80410EBDD79
:1054000018AA002B74D0214658460DF16C09FFF7FD
:10541000CBFB00287FF4DBADDDE91903103D102D37
:1054200000F1010CE0DC099C714AC9F804502B44DE
:10543000BCF1070FCDE919C3C9F8002040F39481EE
:10544000002B00F01F8318EE101A18AA5846FFF719
:10545000ABFB00287FF4BBAD049ADDE91903BD1A4C
:10546000002D00F101010DF16C097FF729AE102D1F
:1054700029DD0994102718EE104A07E000F1020C0C
:1054800009F108091046103D102D1ADD421C58493B
:105490001033072AC9E90017CDE91923EEDD18AA50
:1054A00003B3214658460DF16C09FFF77DFB002838
:1054B0007FF48DADDDE91903103D102D00F1010CD5
:1054C000E4DC099C61464A4AC9F804502B44072988
:1054D000CDE91913C9F8002000F3E78009F10809A4
:1054E0000131EDE54FF0010C18460DF16C09CAE7EA
:1054F0004FF0010C18460DF16C0972E7002B00F01B
:10550000048118EE101A18AA5846FFF74DFB002820
:105510007FF45DADDDE919030DF16C09411CA7E5D0
:10552000022311AA1C931B9201210DF16C0908465C
:1055300009F10809411CBAE5102D40F3E582DDE9C7
:1055400019130F94084618EE104A07E000F1020CF8
:1055500009F108091046103D102D1DDD2549C9F837
:105560000010421C10331021072ACDE91923C9F875
:105570000410EBDD18AA03B3214658460DF16C095F
:10558000FFF712FB00287FF422ADDDE91903103D7F
:10559000102D00F1010CE1DC0F9C6046154AC9F8A2
:1055A00004502B440728CDE91903C9F8002000F363
:1055B000C18009F10809411C46E518464FF0010C6D
:1055C0000DF16C09C7E77607199353D5069A03992D
:1055D000541A002C4EDD0DF16C09102C40F3B082F2
:1055E000199918EE106A10250DE000BF284B002015
:1055F000A46500206C4B0020881C09F108091146A5
:10560000103C102C1ADD4A1CB3481033072AC9E994
:105610000005CDE91923EFDD18AA33B3314658460A
:10562000FFF7C2FA00287FF4D2ACDDE91913103C71
:10563000102C01F101000DF16C09E4DCA64AC9F857
:10564000044023440728CDE91903C9F800207FF757
:1056500059AD7BB118EE101A18AA5846FFF7A4FAF4
:1056600000287FF4B4AC1A9B4CE5012019460DF1DB
:105670006C09C5E7DDE9053203998A42ACBF9B1886
:105680005B18059349E5B2F90C108F0518EE103A36
:105690008AB23FF5E8AA18EE105A986DFCF7CEFBD7
:1056A000B5F90C108AB2FFF7DEBA002B3FF479AEE1
:1056B00018EE101A18AA5846FFF776FA00287FF459
:1056C00086AC19991A9B01310DF16C09F8E4199215
:1056D0000DF16C095EE4002F7FF4C3AB039E00273D
:1056E000049744ACFFF7C5BB039B13F0100354D1E0
:1056F000039A12F0400000F06B8107991A4651F8A6
:10570000043B07919BB2012101E4099A002A64D16C
:10571000184601210DF16C09C9E4012118460DF16B
:105720006C09C4E45B4262EB420203962D20012126
:10573000FFF7EEBB002B00F0888018EE101A18AAB5
:105740005846FFF731FA00287FF441ACDDE9190330
:105750000DF16C09411C77E498F800100793FFF7EE
:10576000D2BA44ACFFF785BB09F108090CF101017D
:105770006046A0E416F4007240F0978151F8043BB3
:105780000791FFF7C0BBB30500F1888152F8043BD5
:105790000792DA171146FFF752BB079951F8043BFD
:1057A00007910121FFF7B3BB079B059853F8041B32
:1057B0000793C217C1E90002FFF77DBA0B9B002BCC
:1057C0003FF426AB0B9B1B78002B3FF421AB98F8E2
:1057D000001046F48066FFF796BA022311AA1C93C4
:1057E0001B9201200DF16C09A2E6039671E53B4B7B
:1057F0000C9316F0200259D0079B073323F00703C0
:1058000018465A6850F8083B0790F40709D553EA40
:10581000020006D08DF84510302146F002068DF8C2
:10582000441026F4806103910221FFF770BB2C4BDA
:105830000C93DEE7079B012153F8042B03918DF8AD
:10584000AC20079304912BACDFE49DF84320002AA1
:1058500040F03281099A002A7FF462AE1846012195
:105860000DF16C0927E40021082216A81394FCF717
:105870003FFA791C00F0BC80002507942C460CE010
:105880002BA95846FCF78CFA421C204400F06B818F
:10589000B84208DC00F070810446139A525916ABE6
:1058A0000435002AECD10494079CAFE016F01003F5
:1058B00007980CD116F0400405D01A4650F8043B66
:1058C00007909BB2A1E716F4007240F0E18050F817
:1058D000043B079099E700BF6C4B0020284B002049
:1058E0003C4B00200399049744AC9E4608EE90BAC6
:1058F00001F480664FF0000C234606E0BEF10A0F6B
:1059000072F1000239D3A6462A46A6491EEB0200D0
:1059100040F100000F46A1FB001424F0030101EB4D
:105920009401401ABEEB00014FF0CC3562F1000447
:1059300005FB01F507FB0455A1FB07410D440527B5
:1059400004F00101A1FB071B09186408303103F8BA
:10595000011C44EAC5740CF1010C013B6D08002EDA
:10596000CCD00B9909786145C8D1BCF1FF0FC5D0E7
:10597000BEF10A0F72F100026CD21C4644AB1B1B35
:10598000049F039E049318EE90BAFFF772BA039631
:10599000FFF762BA5846FEF757FAFFF75BB90129DD
:1059A00003967FF4CDACFFF75CBA079B059953F8DB
:1059B000042B11600793FFF77EB9062F3B46039A2D
:1059C000794C079228BF062304930393FFF725BB66
:1059D000039B079913F4007214BF51F8043B51F86C
:1059E000043B07911CBF0246DBB20121FFF78FBACF
:1059F00016AB00930023194613AA5846FDF7B4F9D5
:105A000003460133049000F0AE801394049B002BF6
:105A100030D0632B63DC002308932BAC08220021D9
:105A200016A8FCF765F9049D16AB009313AA2B4644
:105A300021465846FDF798F9854240F0AB80039B1C
:105A4000049A07930023A3541F4622EAE2730393A8
:105A5000FFF716BA0E9A0D999B1A18460893F9F794
:105A6000ABFC0B99089B4A780AB101310B914FF0BE
:105A7000000C48E7039B0793049B03931F4608937E
:105A8000FFF7FEB9012118460DF16C09FFF713BBB2
:105A900050F8043B07902246DBB2B6E612F9043B0D
:105AA0000792DA171146FFF7CAB951F8043B07917C
:105AB0000246DBB2FFF727BA01231C9301210DF147
:105AC00043031B930DF16C090B46FFF7CDBA079BFF
:105AD000059953F8042B07931180FFF7ECB8591C74
:105AE0005846FBF789FD044600283CD0089095E70E
:105AF000886DFCF7A5F9FFF7E9B9039B0793CDE99A
:105B00000377089FFFF7BCB919981A9B013045E548
:105B1000039B07932046FEF74DFA20EAE0732F46D9
:105B2000049003930895FFF7ABB918EE101A18AA62
:105B30005846FFF739F800283FF436AAFFF74DBA68
:105B4000199801307AE58C466EE46B6ED90705D45E
:105B5000AB899A0502D4A86DFCF772F94FF0FF33B8
:105B60000593FFF749BA18EE102AB2F90C3043F04A
:105B700040039381FFF735BA079C049746E7079BDC
:105B800098F8011053F8047B0793904647EAE777AB
:105B9000FFF7B9B818EE102A938943F040039381B8
:105BA000FFF715BACDCCCCCC504B002070B50C46CD
:105BB0008989ADF58E6D21F00201ADF81410616E8A
:105BC0001B91E189ADF81610E1690991616A0B91A9
:105BD0001CA9029106914FF4806106460491079139
:105BE00018A80021CDE900320891FCF723F9DDE97E
:105BF000003202A93046FFF713F8051E07DB02A9A1
:105C00003046FEF761F8002818BF4FF0FF35BDF8A9
:105C100014305B0603D5A38943F04003A381189891
:105C2000FCF70AF928460DF58E6D70BDF8B50D46E6
:105C30001446064610B1436B002B4CD0B4F90C202F
:105C4000A369A360170790B21BD52369CBB1EDB24E
:105C500081042F4622D522686169D31A994229DD31
:105C60000133A1680139A160511C2160157062697E
:105C70009A4227D0A389DB0701D50A2D22D03846C6
:105C8000F8BD21463046FCF763FA08BBB4F90C2096
:105C9000236990B2EDB281042F46DCD442F4005265
:105CA000A281626E616922F4005262662268D31A90
:105CB0009942D5DC21463046FEF706F840B9226805
:105CC0000123CEE721463046FDF7FEFF0028D6D05F
:105CD0004FF0FF37D3E7FEF7B7F8AFE72DE9F0470E
:105CE000DFF87CA00646DAF8000098460F46914699
:105CF000FCF7A4F8184B1C6824B365681F2D24DC3E
:105D00005EB96B1C0235DAF80000636044F8257058
:105D1000FCF796F80020BDE8F08704EB850101232D
:105D2000C1F88890D4F88821AB401A43022EC4F8F9
:105D30008821C1F80881E4D1D4F88C211A43C4F831
:105D40008C21DEE7054C1C60D7E7DAF80000FCF791
:105D500077F84FF0FF30DEE7ACC60020B0C6002079
:105D6000F06A002082B049B15AB16BB113780B6070
:105D70001278101E18BF012002B0704701A9002A36
:105D8000F3D1104602B070476FF00100F4E700BF96
:105D900070B500294BD006460C4610B1436B002B62
:105DA00048D0636ED80734D5B4F90C30002B3ED000
:105DB00021463046FDF7F0FEE36A054633B1E1695E
:105DC000304698470028B8BF4FF0FF35A3891A0620
:105DD0003CD4216B41B104F14003994202D03046DA
:105DE000FEF7D0FB00232363616C21B13046FEF740
:105DF000C9FB00236364FEF745F8636E0022DB07EE
:105E0000A2811FD5A06DFCF717F8FEF741F82846D0
:105E100070BDA3899905CBD4A06DFCF70FF8B4F938
:105E20000C30002BC4D1656E15F0010505D000259E
:105E3000284670BDFEF708F8B3E7A06DFCF700F840
:105E4000284670BDA06DFBF7FBFFDBE721693046FC
:105E5000FEF798FBBDE700BF2DE9F04F8BB0DDE901
:105E6000158A149F0391814605921E46B8F1000FD2
:105E70005CD0039B002B5ED0059B1D68002F6AD071
:105E8000741E4EB3039B0493043D002601950BE062
:105E9000039B2BBB019B1A68002A3AD0BC455CD2FD
:105EA000013C631C664617D0D8F800300293019B72
:105EB000DAF8E05053F8042F019307A94346484607
:105EC000D8F804B0A847421C3AD000EB060CBC45F9
:105ED000DED9029BC8E9003B30460BB0BDE8F08F2D
:105EE00000280EDD049B019D18445A1E07A900F1ED
:105EF000FF3E11F8013B02F8013F7245F9D10195CF
:105F00000490059B1A6804321A60019B1A68002AE3
:105F1000C4D1039B0BB1059B1A600CF1FF36002224
:105F20003046C8F800200BB0BDE8F08F039B00F5A9
:105F30008678002BA0D1059B4FF0FF371D689FE7A7
:105F400006468A2100223046C9F80010C8F8002011
:105F50000BB0BDE8F08F3E46BEE76646BCE700BF2B
:105F600010B584B0054C069800900798019004483D
:105F700000680294FFF770FF04B010BDFC6A0020B7
:105F80008470002038B5074D0022044608462A6078
:105F9000EBF71EF8431C00D038BD2B68002BFBD05C
:105FA000236038BD1C07012038B50C46084D8446D7
:105FB000114620461A4600232B606446EBF714F87E
:105FC000431C00D038BD2B68002BFBD0236038BDAC
:105FD0001C07012038B50C46084D84461146204662
:105FE0001A4600232B606446EAF7F0FF431C00D0FA
:105FF00038BD2B68002BFBD0236038BD1C07012067
:106000002DE9F04782B0824688461446FBF71AFF16
:10601000012803D108F1FF33FE2B36D90DF1040915
:10602000424604F15C0349465046FBF7B9FE421C68
:10603000064632D020B39DF804C0002509E023684D
:106040005A1C226083F800C00135B54218D219F8F5
:1060500001CFA368013B002BA360F0DAA769BB4224
:1060600061462246504602DBBCF10A0FE7D1FFF73A
:10607000DDFD431CE8D10646304602B0BDE8F0879E
:106080004646304602B0BDE8F0875FFA88FC8DF8DE
:1060900004C006460DF10409CFE7A389304643F05A
:1060A0004003A38102B0BDE8F08700BF30B5536E56
:1060B00013F0010FB2F90C30144683B005469AB2C2
:1060C00001D198051CD5900406D4626E43F40053A8
:1060D00042F40052A381626622462846FFF790FFF1
:1060E000636EDA07054602D4A3899B0502D52846CC
:1060F00003B030BDA06DFBF7A3FE284603B030BD52
:10610000A06D0191FBF79AFEB4F90C3001999AB297
:10611000D9E700BF5FF800F07D2900605FF800F06C
:10612000CD2100605FF800F0CD2200605FF800F044
:10613000D11E00605FF800F0AD2700605FF800F04E
:10614000951D00605FF800F0152900605FF800F011
:046150007116006064
:04615400F8B500BFDB
:1061580008B10181B0B00084000000006940FF7FF1
:106168008408B101B0B0B000FF100D0104020608A8
:10617800010100000000000008B10181B0B00084F6
:106188000000000008B10181B0B0008400000000E8
:106198003540FF7FB0AA0100FF10290118323000F6
:1061A800006C04A40103762E0000C00118E8010069
:1061B800E2010E00000200017D0000000000000066
:1061C800BC14FD1F0140FF7FA908B100FFFF0100BB
:1061D80008B10181B0B0008400000000E93FFF7FF2
:1061E800B0AF1200FF101901101E84070000C40789
:1061F800048E0901B008040000010000000000003E
:10620800C53FFF7FB0AF0400FF1019010F320A3CF1
:1062180001840142CC0100D4010400000100000007
:106228000000000008B10181B0B000840000000047
:1062380008B10181B0B0008400000000DCD4FE7F0A
:106248000100000018D5FE7F08FFFF7F30D5FE7FD4
:1062580001000000A0D6FE7F04FFFF7FA8D6FE7FC6
:1062680001000000B4D6FE7F10FFFF7FB4D6FE7F8A
:1062780014FFFF7FC0D6FE7F01000000D8D6FE7F46
:10628800008402801CD7FE7F010000006CD7FE7FCF
:10629800B0A801809CD7FE7FB0B0A88004D8FE7F4C
:1062A80001000000E4D8FE7FB0B0AC8008D9FE7FC2
:1062B8000100000034D9FE7FD8FEFF7F38DAFE7F68
:1062C800B0AA038064DAFE7F01000000C43AFF7FB1
:1062D800B0AB02806C3BFF7F01000000383CFF7FC1
:1062E800E4FEFF7FAC3CFF7F01000000403DFF7FE4
:1062F800B0B0AA80F83DFF7FD8FEFF7F383EFF7F11
:10630800AB08B180C03EFF7FD4FEFF7F4C43FF7FC8
:1063180001000000BC43FF7FE8FEFF7F9844FF7F39
:1063280001000000C480FF7FB0A902805481FF7F74
:10633800B0B0A880A481FF7F01000000AC81FF7F7E
:10634800B0B0AA80E081FF7FAE71B280A482FF7FE7
:10635800AB3F38800483FF7F010000000C83FF7F80
:10636800B0B0AA804883FF7F01000000F883FF7F58
:10637800AA0DB2807484FF7FB0AF08801487FF7FB6
:10638800010000002487FF7FAD3F0280CC89FF7F9A
:1063980001000000A88BFF7F00840480BC8BFF7F76
:1063A80001000000B88BFF7FB0AD04803C8EFF7FFA
:1063B800B0A80380608EFF7F6CFEFF7F648EFF7F36
:0C63C80070FEFF7F708EFF7F0100000060
:1063D40000000000000000000000000000000000B9
:1063E40000000000000000000000000000000000A9
:1063F4000000000000000000000000000000000099
:106404000000000000000000000000000000000088
:106414000000000000000000000000000000000078
:106424000000000000000000000000000000000068
:106434000000000000000000000000000000000058
:106444000000000000000000000000000000000048
:106454000000000000000000000000000000000038
:106464000000000000000000000000000000000028
:106474000000000000000000000000000000000018
:106484000000000000000000000000000000000008
:1064940000000000000000000000000000000000F8
:1064A40000000000000000000000000000000000E8
:1064B40000000000000000000000000000000000D8
:1064C40000000000000000000000000000000000C8
:1064D40000000000000000000000000000000000B8
:1064E40000000000000000000000000000000000A8
:1064F4000000000000000000000000000000000098
:106504000000000000000000000000000000000087
:106514000000000000000000000000000000000077
:106524000000000000000000000000000000000067
:106534000000000000000000000000000000000057
:106544000000000000000000000000000000000047
:106554000000000000000000000000000000000037
:106564000000000000000000000000000000000027
:106574000000000000000000000000000000000017
:106584000000000000000000000000000000000007
:1065940000000000000000000000000000000000F7
:1065A40000000000000000000000000000000000E7
:1065B40000000000000000000000000000000000D7
:1065C40000000000000000000000000000000000C7
:1065D40000000000000000000000000000000000B7
:1065E40000000000000000000000000000000000A7
:1065F4000000000000000000000000000000000097
:106604000000000000000000000000000000000086
:106614000000000000000000000000000000000076
:106624000000000000000000000000000000000066
:106634000000000000000000000000000000000056
:106644000000000000000000000000000000000046
:106654000000000000000000000000000000000036
:106664000000000000000000000000000000000026
:106674000000000000000000000000000000000016
:106684000000000000000000000000000000000006
:1066940000000000000000000000000000000000F6
:1066A40000000000000000000000000000000000E6
:1066B40000000000000000000000000000000000D6
:1066C40000000000000000000000000000000000C6
:1066D40000000000000000000000000000000000B6
:1066E40000000000000000000000000000000000A6
:1066F4000000000000000000000000000000000096
:106704000000000000000000000000000000000085
:106714000000000000000000000000000000000075
:106724000000000000000000000000000000000065
:106734000000000000000000000000000000000055
:106744000000000000000000000000000000000045
:106754000000000000000000000000000000000035
:106764000000000000000000000000000000000025
:106774000000000000000000000000000000000015
:106784000000000000000000000000000000000005
:1067940000000000000000000000000000000000F5
:1067A40000000000000000000000000000000000E5
:1067B40000000000000000000000000000000000D5
:1067C40000000000000000000000000000000000C5
:1067D40000000000000000000000000000000000B5
:1067E40000000000000000000000000000000000A5
:1067F4000000000000000000000000000000000095
:106804000000000000000000000000000000000084
:106814000000000000000000000000000000000074
:106824000000000000000000000000000000000064
:106834000000000000000000000000000000000054
:106844000000000000000000000000000000000044
:1068540000000040FB21F93F000000002D44743E7D
:10686400000000809846F83C0000006051CC783B62
:1068740000000080831BF0390000004020257A3896
:10688400000000802282E336000000001DF3693519
:10689400000000000000F03F748515D3B0D9EF3F2D
:1068A4000F89F96C58B5EF3F515B12D00193EF3F5C
:1068B4007B517D3CB872EF3FAAB968318754EF3FF2
:1068C4003862756E7A38EF3FE1DE1FF59D1EEF3FAB
:1068D40015B7310AFE06EF3FCBA93A37A7F1EE3FD1
:1068E4002234124CA6DEEE3F2D89616008CEEE3FC5
:1068F400272A36D5DABFEE3F824F9D562BB4EE3FA2
:10690400295448DD07ABEE3F85553AB07EA4EE3FEF
:10691400CD3B7F669EA0EE3F745FECE8759FEE3F33
:106924008701EB7314A1EE3F13CE4C9989A5EE3F7A
:10693400DBA02A42E5ACEE3FE5C5CDB037B7EE3F6C
:1069440090F0A38291C4EE3F5D253EB203D5EE3FA5
:10695400ADD35A999FE8EE3F475EFBF276FFEE3FD8
:106964009C5285DD9B19EF3F6990EFDC2037EF3FA8
:1069740087A4FBDC1858EF3F5F9B7B33977CEF3F8A
:10698400DA90A4A2AFA4EF3F40456E5B76D0EF3F10
:10699400000000000000E8429423914BF86AAC3FE9
:1069A400F3C4FA50CEBFCE3FD6520CFF422EE63F80
:1069B4000000000000003843FE822B654715474065
:1069C4009423914BF86ABC3EF3C4FA50CEBF2E3FD9
:1069D400D6520CFF422E963FFE822B654715674028
:1069E40000000000000038430000FAFE422E76BF8B
:1069F4003A3B9EBC9AF70CBDBDFDFFFFFFFFDF3F96
:106A04003C5455555555C53F912B17CF5555A53F6A
:106A140017D0A4671111813F000000000000C84294
:106A2400EF39FAFE422EE63F24C482FFBDBFCE3FBB
:106A3400B5F40CD7086BAC3FCC5046D2ABB2833F15
:106A4400843A4E9BE0D7553F000000000000000050
:106A5400000000000000F03F6EBF881A4F3B9B3CD3
:106A64003533FBA93DF6EF3F5DDCD89C136071BC68
:106A74006180773E9AECEF3FD16687107A5E90BCD6
:106A8400857F6EE815E3EF3F13F6673552D28C3CF1
:106A9400748515D3B0D9EF3FFA8EF92380CE8BBC21
:106AA400DEF6DD296BD0EF3F61C8E6614EF7603C4E
:106AB400C89B751845C7EF3F99D3335BE4A3903C5B
:106AC40083F3C6CA3EBEEF3F6D7B835DA69A973CB7
:106AD4000F89F96C58B5EF3FFCEFFD921AB58E3C67
:106AE400F747722B92ACEF3FD19C2F703DBE3E3CDA
:106AF400A2D1D332ECA3EF3F0B6E908934036ABC6E
:106B04001BD3FEAF669BEF3F0EBD2F2A525695BC9A
:106B1400515B12D00193EF3F55EA4E8CEF8050BC8D
:106B2400CC316CC0BD8AEF3F16F4D5B923C991BCF2
:106B3400E02DA9AE9A82EF3FAF555CE9E3D3803CE8
:106B4400518EA5C8987AEF3F4893A5EA151B80BCDF
:106B54007B517D3CB872EF3F3D32DE55F01F8FBC58
:106B6400EA8D8C38F96AEF3FBF53133F8C898B3C15
:106B740075CB6FEB5B63EF3F26EB11769CD996BC2C
:106B8400D45C0484E05BEF3F602F3A3EF7EC9A3C20
:106B9400AAB968318754EF3F9D3886CB82E78FBC12
:106BA4001DD9FC22504DEF3F8DC3A644416F8A3C52
:106BB400D68C62883B46EF3F7D04E4B0057A803C86
:106BC40096DC7D91493FEF3F94A8A8E3FD8E963C67
:106BD4003862756E7A38EF3F7D4874F2185E873CF0
:106BE4003FA6B24FCE31EF3FF2E71F982B47803CD0
:106BF400DD7CE265452BEF3F5E08713F7BB896BCB8
:106C04008163F5E1DF24EF3F31AB096DE1F7823CAD
:106C1400E1DE1FF59D1EEF3FFABF6F1A9B213DBCBD
:106C240090D9DAD07F18EF3FB40A0C7282378B3CCC
:106C34000B03E4A68512EF3F8FCBCE8992146E3CF2
:106C4400562F3EA9AF0CEF3FB6ABB04D754D833C0C
:106C540015B7310AFE06EF3F4C74ACE20142863CA4
:106C640031D84CFC7001EF3F4AF8D35D39DD8F3CDD
:106C7400FF1664B208FCEE3F045B8E3B80A386BC27
:106C8400F19F925FC5F6EE3F68504BCCED4A92BC43
:106C9400CBA93A37A7F1EE3F8E2D511BF80799BCCB
:106CA40066D8056DAEECEE3FD236943EE8D171BCA9
:106CB400F79FE534DBE7EE3F151BCEB3191999BCFA
:106CC400E5A813C32DE3EE3F6D4C2AA7489F853CEE
:106CD4002234124CA6DEEE3F8A69287A601293BCF5
:106CE4001C80AC0445DAEE3F5B8917488FA758BC7B
:106CF4002A2EF7210AD6EE3F1B9A49679B2C7CBCAF
:106D040097A850D9F5D1EE3F11ACC260ED63433C76
:106D14002D89616008CEEE3FEF64063B0966963C20
:106D240057001DED41CAEE3F7903A1DAE1CC6E3C78
:106D3400D03CC1B5A2C6EE3F30120F3F8EFF933C4C
:106D4400DED3D7F02AC3EE3FB0AF7ABBCE90763C09
:106D5400272A36D5DABFEE3F77E054EBBD1D933CCE
:106D64000DDDFD99B2BCEE3F8EA3710034948FBC4F
:106D7400A72C9D76B2B9EE3F49A393DCCCDE87BC49
:106D84004266CFA2DAB6EE3F5F380FBDC6DE78BCEE
:106D9400824F9D562BB4EE3FF65C7BEC461286BCCC
:106DA4000F925DCAA4B1EE3F8ED7FD180535933C12
:106DB400DA27B53647AFEE3F059B8A2FB7987B3C61
:106DC400FDC797D412ADEE3F09541CE2E163903C39
:106DD400295448DD07ABEE3FEAC6195085C7343C59
:106DE400B746598A26A9EE3F35C0642BE632943C57
:106DF4004821AD156FA7EE3F9F7699614AE48CBC9C
:106E040009DC76B9E1A5EE3FA84DEF3BC5338CBC58
:106E140085553AB07EA4EE3FAEE92B89785384BC05
:106E240020C3CC3446A3EE3F58585678DDCE93BCED
:106E34002522558238A2EE3F64197E80AA10573C61
:106E440073A94CD455A1EE3F28225EBFEFB393BC87
:106E5400CD3B7F669EA0EE3F82B93487AD126ABCFB
:106E6400BFDA0B7512A0EE3FEEA96DB8EF6763BCF5
:106E74002F1A653CB29FEE3F5188E0543DDC80BC44
:106E8400849451F97D9FEE3FCF3E5A7E641F78BCB7
:106E9400745FECE8759FEE3FB07D8BC04AEE86BC14
:106EA4007481A5489A9FEE3F8AE6551E321986BC26
:106EB400C9674256EB9FEE3FD3D4095ECB9C903C0E
:106EC4003F5DDE4F69A0EE3F1DA54DB9DC327BBCB2
:106ED4008701EB7314A1EE3F6BC06754FDEC943C47
:106EE40032C13001EDA1EE3F556CD6ABE1EB653C10
:106EF400624ECF36F3A2EE3F42CFB32FC5A188BC7A
:106F0400121A3E5427A4EE3F34373BF1B66993BCC2
:106F140013CE4C9989A5EE3F1EFF193A845E80BCBE
:106F2400ADC723461AA7EE3F6E5772D850D494BC0F
:106F3400ED92449BD9A8EE3F008A0E5B67AD903C6E
:106F440099668AD9C7AAEE3FB4EAF0C12FB78D3C3F
:106F5400DBA02A42E5ACEE3FFFE7C59C60B665BC0A
:106F64008C44B51632AFEE3F445FF35983F67B3C55
:106F740036771599AEB1EE3F833D1EA71F0993BC2A
:106F8400C6FF910B5BB4EE3F291E6C8BB8A95DBCA8
:106F9400E5C5CDB037B7EE3F59B9907CF9236CBC49
:106FA4000F52C8CB44BAEE3FAAF9F422434392BC31
:106FB400504EDE9F82BDEE3F4B8E66D76CCA85BCB9
:106FC400BA07CA70F1C0EE3F27CE912BFCAF713CDB
:106FD40090F0A38291C4EE3FBB730AE135D26D3CBD
:106FE4002323E31963C8EE3F6322622204C587BCEE
:106FF40065E55D7B66CCEE3FD531E2E3861C8B3CD8
:10700400332D4AEC9BD0EE3F15BBBCD3D1BB91BC16
:107014005D253EB203D5EE3FD231EE9C31CC903C9F
:1070240058B330139ED9EE3FB35A736E8469843CCF
:10703400BFFD79556BDEEE3FB49D8E97CDDF82BCEC
:107044007AF3D3BF6BE3EE3F8733CB92771A8C3C52
:10705400ADD35A999FE8EE3FFAD9D14A8F7B90BCC1
:1070640066B68D2907EEEE3FBAAEDC56D9C355BCE1
:10707400FB154FB8A2F3EE3F40F6A63D0EA490BC1C
:107084003A59E58D72F9EE3F3493AD38F4D668BCC5
:10709400475EFBF276FFEE3F358A586BE2EE91BC19
:1070A4004A06A130B005EF3FCDDD5F0AD7FF743C3F
:1070B400D2C14B901E0CEF3FAC9892FAFBBD91BC31
:1070C400091ED75BC212EF3FB30CAF30AE6E733CF8
:1070D4009C5285DD9B19EF3F94FD9F5C32E38E3C0F
:1070E4007AD0FF5FAB20EF3FAC5909D18FE0843CED
:1070F4004BD1572EF127EF3F671A4E38AFCD633C83
:10710400B5E706946D2FEF3F6819926C2C6B673CC2
:107114006990EFDC2037EF3FD2B5CC83188A80BC6E
:10712400FAC35D550B3FEF3F6FFAFF3F5DAD8FBC78
:107134007C89074A2D47EF3F49A97538AE0D90BCAD
:10714400F2890D08874FEF3FA7073DA685A3743C3E
:1071540087A4FBDC1858EF3F0F2240209E9182BC8D
:107164009883C916E360EF3FAC92C1D5505A8E3C68
:107174008532DB03E669EF3F4B6B01AC593A843C43
:1071840060B401F32173EF3F1F3EB40721D582BCE5
:107194005F9B7B33977CEF3FC90D473BB92A89BC82
:1071A40029A1F5144686EF3FD3883A6004B6743CAF
:1071B400F63F8BE72E90EF3F71729D51ECC5833CF7
:1071C400834CC7FB519AEF3FF091D38F12F78FBCDA
:1071D400DA90A4A2AFA4EF3F7D7423E298AE8DBCF5
:1071E400F1678E2D48AFEF3F0820AA41BCC38E3C07
:1071F400275A61EE1BBAEF3F32EBA9C3942B843CB0
:1072040097BA6B372BC5EF3FEE85D131A9648A3C21
:1072140040456E5B76D0EF3FEDE33BE4BA378EBC7E
:1072240014BE9CADFDDBEF3F9DCD914D3B89773C7A
:10723400D8909E81C1E7EF3F89CC6041C105533CA2
:10724400F1718F2BC2F3EF3F000020654715F73F24
:1072540000A2EF2EFC05E73D39832B654715E7BFF8
:10726400BE043ADC09C7DE3FFB2F70644715D7BF65
:10727400484C03506C77D23FBC92EA28B3C7CEBFC8
:107284002EF917E12562CA3FFE822B654715E7BF39
:10729400F7033ADC09C7DE3F3F7C2B654715D7BFB0
:1072A400E45BF0506C77D23FE58F76DD09C7CEBF43
:1072B40036E7C41E7661CA3F9BA764BC3F15C7BFAF
:1072C4004A1BF054D184C43F3C382CA7E489C2BF84
:1072D40066EE5A282FB3C03FF8ACB16B2824F73FB1
:1072E40000B0CDEE5F09E1BFA1CCD266F7E1F63F75
:1072F40000D076BD9484E0BF8AD4300E3DA1F63F21
:1073040000F8E8AE4301E0BF856CD032EC61F63F93
:1073140000400B36C5FEDEBFF8981195FA23F63F00
:1073240000E0B71AD9FDDDBF6C02CFA45BE7F53FDF
:107334000090C70CAEFFDCBFB84F215A05ACF53F37
:1073440000A0FD113804DCBF1E6E160FED71F53F71
:1073540000E03A32670BDBBF35F80B590939F53FCA
:1073640000B02D5A2F15DABFDDAD61ED4F01F53FA9
:107374000060F85A7F21D9BFD07B488EB8CAF43F49
:10738400009071B04D30D8BFEE4F33B43995F43F0F
:1073940000E0A9F98941D7BF69D5AFDFCB60F43FDD
:1073A400009019B52B55D6BF53B9E44E662DF43F62
:1073B40000109BA2236BD5BFA6D81D1101FBF33F80
:1073C40000A05F0F6583D4BF36580CB795C9F33F4F
:1073D40000A0F637E99DD3BF4AFDB64A1C99F33F96
:1073E40000608D53A1BAD2BFB599E00C8E69F33F0A
:1073F4000040CA4083D9D1BFB2E71382E43AF33FD5
:1074040000E0403A85FAD0BFB1BD8519190DF33FAC
:107414000030E7329C1DD0BFD771B2CA25E0F23FDD
:107424000060FAA27D85CEBF82CD13CF04B4F23FB3
:1074340000803D63C8D3CCBF50CB7C2CB088F23FD6
:1074440000A0144C0326CBBFE54D9463225EF23FAB
:1074540000E04F2F1C7CC9BFB115863D5634F23F66
:107464000000803F02D6C7BF38AF3EE3460BF23F71
:1074740000E0051AA733C6BFDDA3CDFDEEE2F13F60
:10748400000057E9F594C4BF30390B584ABBF13FAB
:1074940000A0E024E4F9C2BF00227F845394F13FAA
:1074A40000C0FD5A5962C1BF3CD7D5C0066EF13F3A
:1074B4000080BD759A9CBFBFC2E4B7475F48F13FE7
:1074C40000C0F95B577BBCBFD18500AD5823F13FA9
:1074D4000080F40FC660B9BF2722530FF0FEF03FBF
:1074E4000000B647E24CB6BF8F3AD07720DBF03FBE
:1074F400004001B2783FB3BFD98059D6E6B7F03F18
:1075040000C0421A7D38B0BF8D407BFE3E95F03FEF
:107514000000B508926FAABF833BC5CA2573F03F2C
:107524000000774F957AA4BF5C1B0DE49751F03FA0
:1075340000000CC5A8239DBFA28E20C19130F03F4E
:1075440000007829266A91BF217EB3251010F03FF0
:107554000000E8D8F82077BF6BA7CAF97EC0EF3FD8
:10756400000050B153FE863F84F1F6D36544EF3FEB
:1075740000800FE1CC1CA13F7F10849F07CCEE3F1D
:1075840000808B8CFC4DAC3FE85A97993A57EE3FFC
:107594000040571E32AAB33FE63DBDF0D6E5ED3FAD
:1075A40000808BD0A018B93FB338FF81B677ED3F88
:1075B400004004DAE972BE3F43E94D72B50CED3F79
:1075C40000607F50D2DCC13F63750EDCB2A4EC3F97
:1075D40000A0DE03AB76C43F51CBD6E88E3FEC3F30
:1075E4000020E2774307C73F4C0C024F2BDDEB3FF3
:1075F4000040A98BDE8EC93FCA1560006C7DEB3F4D
:1076040000E0D26AB80DCC3F8F332E6E3620EB3FAC
:1076140000E0CEAF0A84CE3F3950292670C5EA3F38
:10762400008067B40A79D03FDD3127BC016DEA3FA1
:1076340000C0016805ACD13F8BF13FBCD316EA3FD3
:1076440000E0FED411DBD23FADFE6749D1C2E93F71
:107654000080C54E4606D43F02997CF4E470E93FAD
:1076640000F03A09BE2DD53FF2BC8239FB20E93F38
:1076740000D050209051D63FF159F78701D3E83F0D
:1076840000F0EACDD271D73F6DF6B9EBE586E83F5D
:1076940000907D859C8ED83F94B958B6973CE83FBE
:1076A4000060E15501A8D93F2210C6FF05F4E73F69
:1076B40000D0D36E18BEDA3FCA15141822ADE73FC6
:1076C40000E0A0AEF2D0DB3F8CFF9EF9DC67E73F21
:1076D4000040BF3DA4E0DC3FBEF3F879EC61F63F27
:1076E4001930965BC6FEDEBF3D88AF4AED71F53FAB
:1076F400A4FCD432680BDBBFB010F0F03995F43F32
:107704007BB71F0A8B41D7BF8503B8B095C9F33F38
:107714007BCF6D1AE99DD3BFA564880C190DF33F87
:1077240031B6F2F39B1DD0BFA08E0B7B225EF23FDD
:10773400F07A3B1B1D7CC9BF3F341A4A4ABBF13F58
:107744009F3CAF93E3F9C2BFBAE58AF05823F13FF7
:107754005C8D78BFCB60B9BFA70099413F95F03FDE
:10776400CE5F47B69D6FAABF000000000000F03F47
:107774000000000000000000AC479AFD8C60EE3F62
:107784003DF5249FCA38B33FA06A021FB3A4EC3F5F
:10779400BA913854A976C43FE6FC6A573620EB3FC9
:1077A400D2E4C44A0B84CE3F2DAAA163D1C2E93FDF
:1077B4001C65C6F04506D43FED417803E686E83FF4
:1077C400F89F1B2C9C8ED83F624853F5DC67E73F3B
:1077D400CC7BB14EA4E0DC3F4D7E0AF7B612D7BF96
:1077E400E0326849BFCADE3FDEE3FA9F4715E7BFD0
:1077F400B8C8355F4715F73FBEF3F879EC61F63F3B
:10780400DEAA8C80F77BD5BF3D88AF4AED71F53F8A
:10781400DB6DC0A7F0BED2BFB010F0F03995F43FD5
:10782400673A517FAE1ED0BF8503B8B095C9F33F08
:10783400E92482A6D831CBBFA564880C190DF33F87
:107844005877C00A4F57C6BFA08E0B7B225EF23F0B
:1078540000819CC72BAAC1BF3F341A4A4ABBF13FDF
:107864005E0E8CCE764EBABFBAE58AF05823F13F4D
:10787400CC1C615A3C97B1BFA70099413F95F03F9A
:107884001E0CE138F452A2BF000000000000F03FDB
:107894000000000000000000AC479AFD8C60EE3F41
:1078A4008459F25DAAA5AA3FA06A021FB3A4EC3FC3
:1078B400B42E36AA535EBC3FE6FC6A573620EB3F33
:1078C40008DB2077E526C53F2DAAA163D1C2E93F95
:1078D4007047220D86C2CB3FED417803E686E83F30
:1078E400E17EA0C88B05D13F624853F5DC67E73FD2
:1078F40009EEB6573004D43FEF39FAFE422EE63F84
:107904003483B848A30ED0BF6A0BE00B5B57D53F56
:1079140023410AF2FEFFDFBF0080E03779C3414311
:10792400176E05B5B5B89346F5F93FE9034F384DE1
:10793400321D30F94877825A3CBF737FDD4F15758D
:10794400000000000000F03F0000000000002440A0
:1079540000000000000059400000000000408F407B
:10796400000000000088C34000000000006AF840E6
:107974000000000080842E4100000000D01263410A
:107984000000000084D797410000000065CDCD4180
:10799400000000205FA00242000000E87648374261
:1079A400000000A2941A6D42000040E59C30A242FF
:1079B4000000901EC4BCD64200003426F56B0C4374
:1079C4000080E03779C3414300A0D885573476431B
:1079D40000C84E676DC1AB43003D9160E458E1437C
:1079E400408CB5781DAF154450EFE2D6E41A4B44F1
:1079F40092D54D06CFF08044F64AE1C7022DB54436
:107A0400B49DD9794378EA440038FAFE422EE63F21
:107A14003067C79357F32E3D000000000000E0BF1D
:107A2400605555555555E5BF060000000000E03F80
:107A34004E5559999999E93F7AA429555555E5BF69
:107A4400E945489B5B49F2BFC33F268B2B00F03FBF
:107A54000000000000A0F63F00000000000000004D
:107A640000C8B9F2822CD6BF8056372824B4FA3C19
:107A7400000000000080F63F00000000000000004D
:107A8400000858BFBDD1D5BF20F7E0D808A51CBD5C
:107A9400000000000060F63F00000000000000004D
:107AA400005845177776D5BF6D50B6D5A46223BD6F
:107AB400000000000040F63F00000000000000004D
:107AC40000F82D87AD1AD5BFD567B09EE484E6BC17
:107AD400000000000020F63F00000000000000004D
:107AE400007877955FBED4BFE03E2993691B04BD3F
:107AF400000000000000F63F00000000000000004D
:107B040000601CC28B61D4BFCC844C482FD8133D79
:107B14000000000000E0F53F00000000000000004D
:107B240000A886863004D4BF3A0B82EDF342DC3CD5
:107B34000000000000C0F53F00000000000000004D
:107B4400004869554CA6D3BF60945186C6B1203D08
:107B54000000000000A0F53F00000000000000004D
:107B64000080989ADD47D3BF9280C5D44D59253DF6
:107B7400000000000080F53F00000000000000004D
:107B84000020E1BAE2E8D2BFD82BB7991E7B263D8C
:107B9400000000000060F53F00000000000000004D
:107BA4000088DE135A89D2BF3FB0CFB614CA153D40
:107BB400000000000060F53F00000000000000002D
:107BC4000088DE135A89D2BF3FB0CFB614CA153D20
:107BD400000000000040F53F00000000000000002D
:107BE4000078CFFB4129D2BF76DA5328245A16BD38
:107BF400000000000020F53F00000000000000002D
:107C0400009869C198C8D1BF0454E768BCAF1FBDD0
:107C1400000000000000F53F00000000000000002C
:107C240000A8ABAB5C67D1BFF0A88233C61F1F3D71
:107C34000000000000E0F43F00000000000000002D
:107C44000048AEF98B05D1BF665A05FDC4A826BD10
:107C54000000000000C0F43F00000000000000002D
:107C6400009073E224A3D0BF0E03F47EEE6B0CBD30
:107C74000000000000A0F43F00000000000000002D
:107C840000D0B4942540D0BF7F2DF49EB836F0BC0C
:107C94000000000000A0F43F00000000000000000D
:107CA40000D0B4942540D0BF7F2DF49EB836F0BCEC
:107CB400000000000080F43F00000000000000000D
:107CC40000405E6D18B9CFBF873C99AB2A570D3D74
:107CD400000000000060F43F00000000000000000D
:107CE4000060DCCBADF0CEBF24AF869CB7262B3D25
:107CF400000000000040F43F00000000000000000D
:107D040000F02A6E0727CEBF10FF3F544F2F17BD38
:107D1400000000000020F43F00000000000000000C
:107D240000C04F6B215CCDBF1B68CABB91BA213D1B
:107D3400000000000000F43F00000000000000000C
:107D440000A09AC7F78FCCBF34849F684F79273D32
:107D5400000000000000F43F0000000000000000EC
:107D640000A09AC7F78FCCBF34849F684F79273D12
:107D74000000000000E0F33F0000000000000000ED
:107D840000902D7486C2CBBF8FB78B31B04E193D96
:107D94000000000000C0F33F0000000000000000ED
:107DA40000C0804EC9F3CABF6690CD3F634EBA3C53
:107DB4000000000000A0F33F0000000000000000ED
:107DC40000B0E21FBC23CABFEAC146DC648C25BDF7
:107DD4000000000000A0F33F0000000000000000CD
:107DE40000B0E21FBC23CABFEAC146DC648C25BDD7
:107DF400000000000080F33F0000000000000000CD
:107E04000050F49C5A52C9BFE3D4C104D9D12ABD4D
:107E1400000000000060F33F0000000000000000CC
:107E240000D02065A07FC8BF09FADB7FBFBD2B3D12
:107E3400000000000040F33F0000000000000000CC
:107E440000E0100289ABC7BF584A537290DB2B3D48
:107E5400000000000040F33F0000000000000000AC
:107E640000E0100289ABC7BF584A537290DB2B3D28
:107E7400000000000020F33F0000000000000000AC
:107E840000D019E70FD6C6BF66E2B2A36AE410BDFC
:107E9400000000000000F33F0000000000000000AC
:107EA4000090A77030FFC5BF3950109F439E1EBD80
:107EB400000000000000F33F00000000000000008C
:107EC4000090A77030FFC5BF3950109F439E1EBD60
:107ED4000000000000E0F23F00000000000000008D
:107EE40000B0A1E3E526C5BF8F5B07908BDE20BD04
:107EF4000000000000C0F23F00000000000000008D
:107F04000080CB6C2B4DC4BF3C783561C10C173D50
:107F14000000000000C0F23F00000000000000006C
:107F24000080CB6C2B4DC4BF3C783561C10C173D30
:107F34000000000000A0F23F00000000000000006C
:107F440000901E20FC71C3BF3A54274D8678F13C43
:107F5400000000000080F23F00000000000000006C
:107F640000F01FF85295C2BF08C47117308D24BDAC
:107F7400000000000060F23F00000000000000006C
:107F840000602FD52AB7C1BF96A31118A4802EBDB7
:107F9400000000000060F23F00000000000000004C
:107FA40000602FD52AB7C1BF96A31118A4802EBD97
:107FB400000000000040F23F00000000000000004C
:107FC4000090D07C7ED7C0BFF45BE88896690A3DF8
:107FD400000000000040F23F00000000000000002C
:107FE4000090D07C7ED7C0BFF45BE88896690A3DD8
:107FF400000000000020F23F00000000000000002C
:1080040000E0DB3191ECBFBFF233A35C547525BDB6
:10801400000000000000F23F00000000000000002B
:1080240000002B6E0727BEBF3C00F02A2C342A3DEB
:10803400000000000000F23F00000000000000000B
:1080440000002B6E0727BEBF3C00F02A2C342A3DCB
:108054000000000000E0F13F00000000000000000C
:1080640000C05B8F545EBCBF06BE5F58570C1DBD7D
:108074000000000000C0F13F00000000000000000C
:1080840000E04A3A6D92BABFC8AA5BE83539253D8B
:108094000000000000C0F13F0000000000000000EC
:1080A40000E04A3A6D92BABFC8AA5BE83539253D6B
:1080B4000000000000A0F13F0000000000000000EC
:1080C40000A031D645C3B8BF68562F4D297C133D57
:1080D4000000000000A0F13F0000000000000000CC
:1080E40000A031D645C3B8BF68562F4D297C133D37
:1080F400000000000080F13F0000000000000000CC
:108104000060E58AD2F0B6BFDA7333C9379726BD6B
:10811400000000000060F13F0000000000000000CB
:108124000020063F071BB5BF575EC6615B021F3DBB
:10813400000000000060F13F0000000000000000AB
:108144000020063F071BB5BF575EC6615B021F3D9B
:10815400000000000040F13F0000000000000000AB
:1081640000E01B96D741B3BFDF13F9CCDA5E2C3D98
:10817400000000000040F13F00000000000000008B
:1081840000E01B96D741B3BFDF13F9CCDA5E2C3D78
:10819400000000000020F13F00000000000000008B
:1081A4000080A3EE3665B1BF09A38F765E7C143DD3
:1081B400000000000000F13F00000000000000008B
:1081C400008011C0300AAFBF918E36839E592D3D79
:1081D400000000000000F13F00000000000000006B
:1081E400008011C0300AAFBF918E36839E592D3D59
:1081F4000000000000E0F03F00000000000000006C
:1082040000801971DD42ABBF4C70D6E57A821C3D0B
:108214000000000000E0F03F00000000000000004B
:1082240000801971DD42ABBF4C70D6E57A821C3DEB
:108234000000000000C0F03F00000000000000004B
:1082440000C032F65874A7BFEEA1F23446FC2CBD30
:108254000000000000C0F03F00000000000000002B
:1082640000C032F65874A7BFEEA1F23446FC2CBD10
:108274000000000000A0F03F00000000000000002B
:1082840000C0FEB9879EA3BFAAFE26F5B702F53C3F
:108294000000000000A0F03F00000000000000000B
:1082A40000C0FEB9879EA3BFAAFE26F5B702F53C1F
:1082B400000000000080F03F00000000000000000B
:1082C4000000780E9B829FBFE4097E7C268029BD36
:1082D400000000000080F03F0000000000000000EB
:1082E4000000780E9B829FBFE4097E7C268029BD16
:1082F400000000000060F03F0000000000000000EB
:108304000080D5071BB997BF39A6FA93548D28BDB1
:10831400000000000040F03F0000000000000000EA
:108324000000FCB0A8C08FBF9CA6D3F67C1EDFBCA7
:10833400000000000040F03F0000000000000000CA
:108344000000FCB0A8C08FBF9CA6D3F67C1EDFBC87
:10835400000000000020F03F0000000000000000CA
:108364000000106B2AE07FBFE440DA0D3FE219BD44
:10837400000000000020F03F0000000000000000AA
:108384000000106B2AE07FBFE440DA0D3FE219BD24
:10839400000000000000F03F0000000000000000AA
:1083A40000000000000000000000000000000000C9
:1083B400000000000000F03F00000000000000008A
:1083C40000000000000000000000000000000000A9
:1083D4000000000000C0EF3F0000000000000000AB
:1083E400000089751510803FE82B9D996BC710BD5F
:1083F400000000000080EF3F0000000000000000CB
:10840400008093585620903FD2F7E2065BDC23BDF0
:10841400000000000040EF3F0000000000000000EA
:108424000000C9282549983F340C5A32BAA02ABD05
:10843400000000000000EF3F00000000000000000A
:108444000040E7895D41A03F53D7F15CC011013D75
:108454000000000000C0EE3F00000000000000002B
:1084640000002ED4AE66A43F28FDBD7573162CBD46
:10847400000000000080EE3F00000000000000004B
:1084840000C09F14AA94A83F7D265AD0957919BD9F
:10849400000000000040EE3F00000000000000006B
:1084A40000C0DDCD73CBAC3F0728D847F2681ABDB6
:1084B400000000000020EE3F00000000000000006B
:1084C40000C006C031EAAE3F7B3BC94F3E110EBD32
:1084D4000000000000E0ED3F00000000000000008C
:1084E400006046D13B97B13F9B9E0D565D3225BD42
:1084F4000000000000A0ED3F0000000000000000AC
:1085040000E0D1A7F5BDB33FD74EDBA55EC82C3D37
:10851400000000000060ED3F0000000000000000CB
:1085240000A0974D5AE9B53F1E1D5D3C06692CBD60
:10853400000000000040ED3F0000000000000000CB
:1085440000C0EA0AD300B73F32ED9DA98D1EEC3C72
:10855400000000000000ED3F0000000000000000EB
:108564000040595D5E33B93FDA47BD3A5C11233DA3
:108574000000000000C0EC3F00000000000000000C
:108584000060AD8DC86ABB3FE568F72B809013BDD2
:108594000000000000A0EC3F00000000000000000C
:1085A4000040BC015888BC3FD3AC5AC6D146263DD6
:1085B400000000000060EC3F00000000000000002C
:1085C40000200A8339C7BE3FE045E6AF68C02DBD31
:1085D400000000000040EC3F00000000000000002C
:1085E40000E0DB3991E8BF3FFD0AA14FD63425BD39
:1085F400000000000000EC3F00000000000000004C
:1086040000E027828E17C13FF2072DCE78EF213D7F
:108614000000000000E0EB3F00000000000000004C
:1086240000F0237E2BAAC13F349938448EA72C3DF9
:108634000000000000A0EB3F00000000000000006C
:108644000080860C61D1C23FA1B481CB6C9D033DF7
:10865400000000000080EB3F00000000000000006C
:10866400009015B0FC65C33F89724B23A82FC63C0C
:10867400000000000040EB3F00000000000000008C
:1086840000B033833D91C43F78B6FD547983253DD2
:10869400000000000020EB3F00000000000000008C
:1086A40000B0A1E4E527C53FC77D69E5E833263D71
:1086B4000000000000E0EA3F0000000000000000AD
:1086C40000108CBE4E57C63F782E3C2C8BCF193DE4
:1086D4000000000000C0EA3F0000000000000000AD
:1086E4000070758B12F0C63FE1219CE58D1125BD0C
:1086F4000000000000A0EA3F0000000000000000AD
:10870400005044858D89C73F0543917010661CBD98
:10871400000000000060EA3F0000000000000000CC
:10872400000039EBAFBEC83FD12CE9AA543D07BDC8
:10873400000000000040EA3F0000000000000000CC
:108744000000F7DC5A5AC93F6FFFA05828F2073DD2
:10875400000000000000EA3F0000000000000000EC
:1087640000E08A3CED93CA3F69215650437228BD0C
:108774000000000000E0E93F0000000000000000ED
:1087840000D05B57D831CB3FAAE1AC4E8D350CBD40
:108794000000000000C0E93F0000000000000000ED
:1087A40000E03B3887D0CB3FB6125459C44B2DBDA3
:1087B4000000000000A0E93F0000000000000000ED
:1087C4000010F0C6FB6FCC3FD22B96C572ECF1BC07
:1087D400000000000060E93F00000000000000000D
:1087E4000090D4B03DB1CD3F35B015F72AFF2ABD76
:1087F400000000000040E93F00000000000000000D
:108804000010E7FF0E53CE3F30F441602712C23C04
:10881400000000000020E93F00000000000000000C
:108824000000DDE4ADF5CE3F118EBB651521CABC59
:10883400000000000000E93F00000000000000000C
:1088440000B0B36C1C99CF3F30DF0CCAECCB1B3D9E
:108854000000000000C0E83F00000000000000002D
:1088640000584D603871D03F914EED16DB9CF83CBA
:108874000000000000A0E83F00000000000000002D
:10888400006061672DC4D03FE9EA3C168B18273D90
:10889400000000000080E83F00000000000000002D
:1088A40000E827828E17D13F1CF0A5630E212CBD52
:1088B400000000000060E83F00000000000000002D
:1088C40000F8ACCB5C6BD13F8116A5F7CD9A2B3D5C
:1088D400000000000040E83F00000000000000002D
:1088E40000685A6399BFD13FB7BD4751EDA62C3DEF
:1088F400000000000020E83F00000000000000002D
:1089040000B80E6D4514D23FEABA46BADE870A3D76
:108914000000000000E0E73F00000000000000004D
:108924000090DC7CF0BED23FF404504AFA9C2A3D0D
:108934000000000000C0E73F00000000000000004D
:108944000060D3E1F114D33FB83C21D37AE228BDCF
:108954000000000000A0E73F00000000000000004D
:108964000010BE76676BD33FC877F1B0CD6E113D72
:10897400000000000080E73F00000000000000004D
:108984000030337752C2D33F5CBD06B6543B183D2A
:10899400000000000060E73F00000000000000004D
:1089A40000E8D523B419D43F9DE090EC36E4083DAB
:1089B400000000000040E73F00000000000000004D
:1089C40000C871C28D71D43F75D66709CE272FBDFB
:1089D400000000000020E73F00000000000000004D
:1089E4000030179EE0C9D43FA4D80A1B89202EBDAD
:1089F400000000000000E73F00000000000000004D
:108A040000A03807AE22D53F59C7648170BE2E3D01
:108A14000000000000E0E63F00000000000000004D
:108A240000D0C853F77BD53FEF405DEEEDAD1F3D61
:108A34000000000000C0E63F00000000000000004D
:108A4400006059DFBDD5D53FDC65A4082A0B0ABDFB
:108A5400BEF3F879EC61F63F1930965BC6FEDEBFD3
:108A64003D88AF4AED71F53FA4FCD432680BDBBFFF
:108A7400B010F0F03995F43F7BB71F0A8B41D7BF94
:108A84008503B8B095C9F33F7BCF6D1AE99DD3BF79
:108A9400A564880C190DF33F31B6F2F39B1DD0BFCA
:108AA400A08E0B7B225EF23FF07A3B1B1D7CC9BF7C
:108AB4003F341A4A4ABBF13F9F3CAF93E3F9C2BF2C
:108AC400BAE58AF05823F13F5C8D78BFCB60B9BF1B
:108AD400A70099413F95F03FCE5F47B69D6FAABF6F
:108AE400000000000000F03F000000000000000053
:108AF400AC479AFD8C60EE3F3DF5249FCA38B33FE6
:108B0400A06A021FB3A4EC3FBA913854A976C43FBB
:108B1400E6FC6A573620EB3FD2E4C44A0B84CE3FCE
:108B24002DAAA163D1C2E93F1C65C6F04506D43F16
:108B3400ED417803E686E83FF89F1B2C9C8ED83FD6
:108B4400624853F5DC67E73FCC7BB14EA4E0DC3FE1
:108B54000B6E49C91676D23F7AC675A06919D7BF7C
:108B6400DDBAA76C0AC7DE3FC8F6BE484715E7BFA3
:108B74002BB82A654715F73F000000000000F03FBE
:108B8400000000000000F0BF000000000000F0BF83
:108B9400000000000000F03F83C8C96D305F6441ED
:108BA400182D4454FB21F93F000000000000F03F61
:108BB4001C620CFDFFFFDFBF198F06E15355A53F73
:108BC4009D359AE887C056BFC3F87B024393F93EAC
:108BD40003A695595455C5BFC40B23057610813F90
:108BE40024CF7437EB9429BF000000000000F03F4D
:108BF400000000000000F0BF000000000000F0BF13
:108C0400000000000000F03F83C8C96D305F64417C
:108C1400182D4454FB21F93F000000000000F0BF70
:108C24001C620CFDFFFFDF3F198F06E15355A5BF02
:108C34009D359AE887C0563FC3F87B024393F9BE3B
:108C440003A695595455C5BFC40B23057610813F1F
:108C540024CF7437EB9429BF940A0120300B0120F0
:108C6400CC0B0120FFFFFFFFFFFFFFFF0B00000005
:108C740009000000070000000600000008000000D2
:108C84000A000000000000000200000004000000D0
:108C940005000000030000000100000009021801A3
:108CA400050100C032080B000202020100090400A1
:108CB4000001020201000524001001052401010144
:108CC400042402060524060001070582031000059A
:108CD40009040100020A0000000705030200020063
:108CE40007058302000200090402000201030000D8
:108CF40007240100014300062402010100062402A6
:108D040002020009240301030102010009240302F1
:108D140004010101000624020105000624020206E2
:108D240000092403010701060100092403020801C4
:108D340005010009050402000200000006250102E5
:108D44000105090584020002000000062501020352
:108D540007080B03020101000009040300000101DC
:108D6400000009240100011E0001040C2402010278
:108D740006000203000000092403020101000100AF
:108D840009040400000102000009040401010102B5
:108D94000000072401020301000B24020102021057
:108DA4000144AC0009058509B4000400000725014D
:108DB4000000000009021801050100C032080B0080
:108DC400020202010009040000010202010005245C
:108DD40000100105240101010424020605240600F3
:108DE400010705820310001009040100020A0000B3
:108DF4000007050302400000070583024000000944
:108E040004020002010300000724010001430006DC
:108E140024020101000624020202000924030103C2
:108E240001020100092403020401010100062402D5
:108E340001050006240202060009240301070106B5
:108E44000100092403020801050100090504024088
:108E54000000000006250102010509058402400006
:108E6400000000062501020307080B0302010100AC
:108E74000009040300000101000009240100011E8F
:108E84000001040C24020102060002030000000990
:108E9400240302010100010009040400000102008E
:108EA4000009040401010102000007240102030176
:108EB400000B2402010202100144AC0009058509DB
:108EC400B400010000072501000000000000240395
:108ED40048066A098C0CAB0FC812E215F9180B1C72
:108EE4001A1F2322282526281F2B112EFB30DF339F
:108EF400BA368C39563C173FCE417A441C47B449A4
:108F04003F4CBF4E33519B53F5554258825AB35C84
:108F1400D75EEB60F162E864CF66A6686D6A236C85
:108F2400C96D5E6FE2705472B573047541766B77E8
:108F3400847889797C7A5C7B297CE37C897D1D7EBD
:108F44009C7E097F617FA67FD87FF57FFF7FF57FB9
:108F5400D87FA67F617F097F9C7E1D7E897DE37C0F
:108F6400297C5C7B7C7A897984786B77417604757B
:108F7400B5735472E2705E6FC96D236C6D6AA66836
:108F8400CF66E864F162EB60D75EB35C825A425804
:108F9400F5559B533351BF4E3F4CB4491C477A445B
:108FA400CE41173F563C8C39BA36DF33FB30112E95
:108FB4001F2B2628282523221A1F0B1CF918E2151B
:108FC400C812AB0F8C0C6A09480624030000DCFCB1
:108FD400B8F996F674F355F038ED1EEA07E7F5E3B1
:108FE400E6E0DDDDD8DADAD7E1D4EFD105CF21CC64
:108FF40046C974C6AAC3E9C032BE86BBE4B84CB63F
:10900400C1B341B1CDAE65AC0BAABEA77EA54DA33D
:1090140029A1159F0F9D189B31995A979395DD931C
:109024003792A2901E8FAC8D4B8CFC8ABF89958899
:109034007C8777868485A484D7831D837782E381A4
:109044006481F7809F805A8028800B8001800B8088
:1090540028805A809F80F7806481E38177821D8312
:10906400D783A484848577867C879588BF89FC8A86
:109074004B8CAC8D1E8FA2903792DD9393955A97AB
:109084003199189B0F9D159F29A14DA37EA5BEA7BD
:109094000BAA65ACCDAE41B1C1B34CB6E4B886BB46
:1090A40032BEE9C0AAC374C646C921CC05CFEFD1EC
:1090B400E1D4DAD7D8DADDDDE6E0F5E307E71EEA46
:1090C40038ED55F074F396F6B8F9DCFC00000000B6
:1090D400010000000100000000000000000000008A
:1090E400000000000000000000000000000000007C
:1090F400000000000000000000000000000000006C
:10910400000000000000000000000000010000005A
:1091140006020501040003000000000000000080B6
:109124004C6F61646564207072657365743A2000E5
:109134004E6F207072657365742C20777269746940
:109144006E6720666163746F727920646566617509
:109154006C7400004572726F723A20496E76616CCD
:1091640069642062616E6B5F6E756D626572202545
:109174006420696E20736176655F636F6E666967EC
:109184000A000000706F7420736574757020646F3A
:109194006E650000526563656976656420696E7367
:1091A4007472756374696F6E206F6E20616472658A
:1091B40073733A0020776974682076616C75653A38
:1091C40000000000537461727420726563656976EF
:1091D4006564000057726974696E6720746865205D
:1091E40064656661756C742066696C6500000000D6
:1091F400536176696E672063757272656E7420734D
:10920400657474696E677300536176656420707267
:10921400657365743A2000005265706F7274696EEC
:109224006720616C6C206461746100005769706927
:109234006E67206D656D6F72790000005361766909
:109244006E6720746F2062616E6B3A20000000002C
:10925400506172616D6574657273207075736865B1
:1092640064000000506172616D6574657273206101
:109274006C7265616479207075736865643A206BFB
:10928400656570696E6720746865206669727374B9
:1092940000000000506172616D6574657273207026
:1092A4006F707065640000004E6F7468696E6720AB
:1092B40070757368656400004C6F6164696E672043
:1092C40062616E6B3A2000005553422061756469F7
:1092D4006F206368616E6765643A207265737461B8
:1092E4007274696E6720736F2074686520686F7389
:1092F4007420736565732069740000005377697482
:109304006368696E67206D6F646500005570646101
:1093140074696E67207468652042504D20746F3AFA
:10932400200000004C6F6E6720707573682C2073EA
:109334007769746368696E672072687974686D20F0
:109344006D6F6465000000005374617274696E6728
:109354002072687974686D2074696D657273000099
:1093640053746F7070696E672072687974686D20C9
:1093740074696D65727300005570646174696E6719
:10938400206672657175656E63696573000000001F
:1093940054726967676572696E672063686F726487
:1093A400206E6F7465730000507265736574207766
:1093B40072697474656E2062792076657273696F60
:1093C4006E2000002C2064656661756C74656420F1
:1093D4000000000020706172616D6574657228730D
:1093E4002920696E74726F64756365642073696E95
:1093F40063650000427574746F6E207075736865E0
:10940400643A2000537769746368696E6720746FE7
:10941400206C6173742070726573657400000000C1
:10942400537769746368696E6720746F206E65781A
:10943400742070726573657400000000456E746575
:10944400726564206B6579206368616E6765206D61
:109454006F646500457869746564206B6579206381
:1094640068616E6765206D6F64650000302C0000D4
:109474002C00000000FFFFFFFFFFFF0001FFFFFFC4
:10948400FFFF000102FFFFFFFF00010203FFFFFFD8
:109494000001020304FFFF000102030405FF0001B1
:1094A4000203040506000102030405060A00000085
:1094B400000000000000F041090000000000F0413D
:1094C4000000F04104000000000087420000344224
:1094D400030000000000E1420000344202000000EA
:1094E400000016430000F041010000000000344376
:1094F4000000F04100000000000052430000F04171
:109504000700000000807743000034420800000098
:1095140000409243000034420B0000000000A543C9
:109524000000F0410003070C02050900060B1303B9
:10953400080E0009121F050D1700070E18040A1261
:1095440000040A070205090006100B03080E000AAE
:109554001A12050D170008140E040A1206FFFFFF65
:10956400FFFFFF0605FFFFFFFFFF060504FFFFFFE8
:10957400FF06050403FFFFFF0605040302FFFF06C1
:109584000504030201FF06050403020100000000B4
:109594000003060902050C00050A0F03081300085E
:1095A4001018050D1F00060C12040A180003060A01
:1095B40002050800050A1003080D0008101A050D1D
:1095C4001500060C14040A1001010201000409022A
:1095D40007050B00060E030B0811000A1705120DF0
:1095E4001C000812040E0A160003070C02050900E9
:1095F400040B1303080E0007121F050D1700050EB8
:1096040018040A120004070902050C00060B0E03D5
:109614000813000A1217050D1F00080E12040A1879
:109624000003070901050C00050B0E0208130008CE
:109634001217030D1F00060E12020A180000803FC5
:109644003333333F6666E63E008036440040884448
:1096540000801845008004440000E64400001B45D7
:109664000000874300200F4500203C4500800E4445
:109674000000524400A0164500009643008059445F
:1096840000000C4507050508070705000B0409023F
:1096940007000511060E030B00081C0A170512002B
:1096A4000D160812040E000A0004070C0205090036
:1096B400070B1303080E000B121F050D1700090EEC
:1096C40018040A120005070C02090A00080B130308
:1096D4000E10000D121F05171A000A0E180412149A
:1096E4000002070C05090400030B13080E0600050D
:1096F400121F0D170A00040E180A120800010203B3
:1097040004050102030405060607070707070708FF
:10971400070000000004070205090B00060B0308FC
:109724000E11000A12050D171C00080E040A121669
:1097340000040B070205090006110B03080E000ABA
:109744001C12050D170008160E040A1200040B0261
:10975400070509000611030B080E000A1C05120D6B
:1097640017000816040E0A1200030A070105080070
:1097740005100B02080D00081A12030D150006143B
:109784000E020A1000030A02070508000510030B65
:10979400080D00081A05120D15000614040E0A100F
:1097A40000050A070209040008100B030E06000D49
:1097B4001A1205170A000A140E0412080000000009
:1097C400B81E8941F628094252B84D42D72389422E
:1097D400856BAB4252B8CD420000F042D723094317
:1097E4003D4A1A43146E2B43EC913C43C3B54D439D
:1097F40029DC5E4300007043EC9180431F258943BC
:109804000AB79143F6489A43E1DAA243146EAB4394
:1098140000040A0702050900060F0B03080E000ADC
:109824001912050D170008130E040A120004070A82
:1098340002060C00060B0F030913000A1219050E89
:109844001F00080E13040B18140000006801200008
:1098540000000100F40100000200F3010000030015
:10986400F10000007800F2000000770023010000FE
:1098740014001F01000001001E0100000C00ED0196
:1098840000000C006D00E0106C116A010100100072
:109894006B01010010006C01000001006E0100006A
:1098A4000100D70100000100EE01000001001800D2
:1098B400000001001900000001001A00000001006E
:1098C4001B00000001001C00000001001D0000003E
:1098D4000100C8000000FF00C9000000FF0FD10014
:1098E4000000FF00D2000000FF0FD3000000FF00C3
:1098F400D4000000FF0F0A001500FF000B00000059
:1099040064000C001500FF000D00000064000E0050
:109914001500FF000F000000640010001500FF0098
:10992400110000006400750100000100F90000004E
:10993400FF00FA000000FF0FFB0103000A0004000F
:1099440000000004050000000004060000000004FC
:10995400070000000A0002000000010024010000CA
:109964000B00EC000000FF0F620100000100740115
:1099740001000300F50100000100F60100001800D9
:10998400F70000006400F8000000FA00280100005D
:109994000600630100000400160100000100290014
:1099A400000001002A0100000B002B0000008813B6
:1099B4002C00000088132D00000088132E000000E6
:1099C40001002F0000008813300100000A00D501B7
:1099D40000000C00D6000100FA00D80100000100CC
:1099E40031000000D0073200000003003300010002
:1099F4000500340000008813350000008813360089
:109A040000008813370000000100380000008813AC
:109A14003900000064003A00000005006401000001
:109A24000B00650000000100660000008813670059
:109A34000000881368000000881369010000180002
:109A44003B0100000B003C00000014003D0000003E
:109A540001003E0100000B003F0000001400400024
:109A64000000010041000000881342000000881338
:109A7400430000008813440000000100450000007A
:109A840088134600000064004700000002004800FC
:109A9400000088134900000088134A00000088135E
:109AA4004B00000088134C00000001004D00000032
:109AB40058024E00000088134F00010005005000BA
:109AC40000000100510000000100520000000100EC
:109AD4005300000001005400000001005500000084
:109AE4000100560000000100570100000200580068
:109AF400000088135900010005005A00000001000D
:109B04005B00000001005C00000001005D0100003A
:109B14000B005E00000014005F0000000100600004
:109B240000000500610000000200030000000100C5
:109B340021010000010027010000010022010000B2
:109B44000600150100000100CA0100001D00CB0140
:109B540000001D00CC0100001D00CD0100001D000F
:109B6400CE0100001D00CF0100001D00D001000047
:109B74001D00780100000500C60100000400C700B4
:109B84000000DC052501000003002601000004009C
:109B94006F010000020070010000180017010000AE
:109BA4000200710100000400720100000100730151
:109BB400000005007900000001007A0100000B009C
:109BC4007B00000002007C00000001007D01000019
:109BD4000B007E00000002007F00000001008001F5
:109BE40000000B0081000000020082000000010060
:109BF40083000000010084000000010085000000D3
:109C04000100860000000100870000006400880055
:109C1400000064008900000088138A000000881393
:109C24008B00000088138C00000001008D000000F0
:109C340088138E00000064008F00000088139000D9
:109C4400000001009100010005009200000088134B
:109C5400930000008813940000008813950000000E
:109C6400010096000000881397000000640098012A
:109C740000000B009900000014009A00000001008D
:109C84009B000000050076000000640077000000DF
:109C94006400EF0000006400F000000064009C0118
:109CA40000000B009D00000014009E000000050051
:109CB4009F0000000100A00100000B00A1000000B3
:109CC4001400A20000000100A30000000100A40091
:109CD40000008813A50000008813A6000000881364
:109CE400A70000000100A80000008813A9000000DC
:109CF4006400AA0000000200AB0000008813AC005E
:109D040000008813AD0000008813AE00000064005A
:109D1400AF0000000100B00000005802B1000000D4
:109D24008813B20001000500B30000000100B40074
:109D340000000100B50000000100B60000000100B1
:109D4400B70000000100B80000000100B9000000E5
:109D54000100BA0100000200BB001E002C01BC017E
:109D640001001000BD0101000800BE000000020057
:109D7400BF001400E803DC0000008000DD000000E8
:109D84008000DE0000008000DF0000008000E000B2
:109D940000008000E10000008000E200000080007C
:109DA400E30000008000E40000008000E500000003
:109DB4008000E60000008000E70000008000E8006A
:109DC40000008000E90000008000EA00000080003C
:109DD400EB0000008000C00000008813C1000100F7
:109DE4000500C20000000100C30000000100C4001F
:109DF40000000100C5000000020000000003060A84
:109E04000205080004090F03080D00070F19050DCA
:109E14001500050C13040A1006FFFFFFFFFFFF06E1
:109E240005FFFFFFFFFF060504FFFFFFFF06050414
:109E340003FFFFFF0605040302FFFF000002040AFC
:109E44000706080003060F0B090D00050A19120E78
:109E540016000408130E0B110004080C02060C0073
:109E6400060C13030912000A141F050F1E00080F25
:109E740018040C170001020405000000000102038D
:109E840005000000000203040600000000010204B3
:109E9400060000000002030405000000FFFFFFFFAE
:109EA400FFFFFFFFFFFFFFFFFFFFFFFFFFFFFFFFBE
:109EB400FFFFFFFFFFFFFFFFFFFFFFFFFFFFFFFFAE
:109EC400FFFFFFFF00010203040506000001020377
:109ED4000405060000010203040506000001020354
:109EE4000405060000010203040506000001030442
:109EF4000500000000010304060000000002030442
:109F0400060000000001020304050600050505051E
:109F140005080608080807070707070505050700D9
:109F24000003070A02060900060B1102090D0009C5
:109F3400121B040E1600070E15030B110002040574
:109F440007090B00000204070900000000020307D0
:109F54000A000000000204050708090B00020305BB
:109F640007080A000002030507080B0000020307A4
:109F74000A000000000306080B0E11000003060B84
:109F84000E0000000003050B10000000000306088B
:109F94000B0D0E11000305080B0D1000000305083E
:109FA4000B0D11000003050B1000000000050A0D45
:109FB40012171C0000050A12170000000005081201
:109FC4001A00000000050A0D1215171C0005080DE3
:109FD40012151A000005080D12151C0000050812C0
:109FE4001A0000000004080A0E1216000004080EED
:109FF400120000000004060E140000000004080A09
:10A004000E1012160004060A0E1014000004060AAC
:10A014000E1016000004060E140000000003070AC8
:10A0240002050900040B0F03070E00071219050CA3
:10A034001700050E130409120000000000000000C0
:10A044000000000000000AF20315FD0EF607EF0001
:10A0540011F900101B141F020E06121D000C04003F
:10A06400FA08FEF402F806FC0A00F604000C0204E6
:10A0740006020A000804000804000A000304FD089C
:10A084000007020006FF0006000204FE08FE0402A8
:10A094000006FC0006FC0200FE04FA04FE0002FCBA
:10A0A4000008FE0302FD06FC05000004FF0005F99C
:10A0B400020AFE07FB03F80008FD0100000000008F
:10A0C4000000000000000003000000000000000089
:10A0D400000000000200000000000000000000007A
:10A0E4000000000000070209040B050A030801062A
:10A0F400060108030A0500040B000B030E061108F1
:10A1040010050D020A09010C040F071207120012B0
:10A1140005170A1C0D1A081503100F021407190C51
:10A124001E0B1D000E041208160A140610020C0C55
:10A13400021006140A0008160004070B02050900A1
:10A14400070B1204080F000B121D060D1800090E50
:10A1540017050A13000002020202020200000202B2
:10A1640002020202020200000202020202020202CF
:10A174000202020303040606090909090202020293
:10A1840002020202020202020202020202020202AB
:10A19400020202020202020202020202020202029B
:10A1A400020202020202020202020202020202028B
:10A1B400020202020202030306050505050508085A
:10A1C400080A0B0C0C0D0D0E0F13141402020202DC
:10A1D400020202020202020202020202020202025B
:10A1E400020202020202020202020202020202024B
:10A1F400020202020202020202020202020202023B
:10A20400020202020202020202020202020202022A
:10A2140002020202020202020202030709090909F8
:10A224000909090909131313131616161700000058
:10A2340002020202020202020202020202020202FA
:10A24400090A11141419191918191919191B1B1BA6
:10A2540000000000C9D2D400C8D1D3000002040712
:10A2640009000000000204060900000000030507BD
:10A274000A000000000204070A00000000030507AA
:10A2840009000000000103040607090A000204068D
:10A29400080A0000000204050708090B0002030570
:10A2A4000708090B000203040607090B0002040552
:10A2B40007090B000002030507090A00000204064F
:10A2C40007090B000002040507090A000002030540
:10A2D40007080A000002050709000000000205073C
:10A2E4000A000000000305060A000000000103053F
:10A2F40006080A000003060B0E000000000306090E
:10A304000E0000000005080B100000000003060BFF
:10A31400100000000005080B0E00000000020506F6
:10A324000A0B0E10000306090C0F000000030608B8
:10A334000B0D0E11000305080B0D0E11000305068D
:10A344000A0B0F11000306080B0E11000003050889
:10A354000B0E1000000306090B0E11000003060883
:10A364000B0E1000000305080B0D10000003080B72
:10A374000E0000000003080B100000000005080A8E
:10A3840010000000000205080A0D100000050A1262
:10A394001700000000050A0F1700000000080D1246
:10A3A4001A00000000050A121A00000000080D122D
:10A3B400170000000003080A1012171A00050A0FFC
:10A3C4001419000000050A0D1215171C0005080DCC
:10A3D4001215171C0005080A1012181C00050A0D96
:10A3E40012171C000005080D12171A0000050A0FA9
:10A3F40012171C0000050A0D12171A000005080D9B
:10A4040012151A0000050D121700000000050D12A8
:10A414001A00000000080D101A0000000003080DC7
:10A4240010151A000004080E120000000004080CA5
:10A434001200000000060A0E140000000004080EBA
:10A444001400000000060A0E1200000000020608B4
:10A454000C0E12140004080C101400000004080A66
:10A464000E1012160004060A0E1012160004060836
:10A474000C0E12160004080A0E1216000004060A36
:10A484000E1214000004080C0E1216000004080A30
:10A494000E1214000004060A0E10140000040A0E22
:10A4A4001200000000040A0E1400000000060A0C4A
:10A4B400140000000002060A0C1014000004080C2A
:10A4C40002050900060C1303080E000A141F050DEB
:10A4D4001700081018040A120003060C02050900EC
:10A4E400050A1303080E0008101F050D1700060CBB
:10A4F40018040A120004070C02050900060B1303D2
:10A50400080E000A121F050D1700080E18040A127F
:10A514000003070C01050800050B1302080D0008D1
:10A52400121F030D1500060E18020A100101020283
:10A534000C131F181F1C1F1E1F1E1F1F1E1F1E1F54
:10A544000000000000000000000000000000000007
:10A5540000000000000000000000000000000000F7
:10A5640000000000000000000000000000000000E7
:10A5740000000000000000000000000000000000D7
:10A5840000000000000000000000000000000000C7
:10A5940000000000000000000000000000000000B7
:10A5A40000000000000000000000000000000000A7
:10A5B4000000000000000000000000000000000097
:10A5C4000000000000000000000000000000000087
:10A5D4000000000000000000000000000000000077
:10A5E4000000000000000000000000000000000067
:10A5F4000000000000000000000000000000000057
:10A604000000000000000000000000000000000046
:10A614000000000000000000000000000000000036
:10A624000000000000000000000000000000000026
:10A634000000000000000000000000000000000016
:10A6440000000000526563616C6962726174696E36
:10A654006720486172700000486F766572206368F5
:10A66400617267653A20252E316620757320617406
:10A674002025642075412C20726561647320256453
:10A684000A00000048617270206E6F7420636F6D61
:10A694006D756E69636174696E6700004F766572EB
:10A6A4002063757272656E74206465746563746585
:10A6B40064210A0A000000006E616E00696E660083
:10A6C4006F76660031C3010035C3010039C3010050
:10A6D4003DC30100464F3A3A207365742061747497
:10A6E400726962757465206372656174696F6E2046
:10A6F4006661696C65640000464F3A3A207365747C
:10A7040020617474726962757465206D6F64696622
:10A71400696564206661696C6564000046443A3A80
:10A724002073657420617474726962757465206342
:10A7340072656174696F6E206661696C656400009E
:10A7440046443A3A20736574206174747269627580
:10A754007465206D6F646966696564206661696CFF
:10A76400656400007465726D696E6174652063616F
:10A774006C6C6564207265637572736976656C7957
:10A784000A0000007465726D696E6174652063610E
:10A794006C6C6564206166746572207468726F778E
:10A7A400696E6720616E20696E7374616E636520E3
:10A7B4006F66202700000000270A00007465726D90
:10A7C400696E6174652063616C6C6564207769747B
:10A7D400686F757420616E206163746976652065A5
:10A7E4007863657074696F6E0A00000020207768D2
:10A7F400617428293A2020007374643A3A626164CF
:10A804005F657863657074696F6E00006261645F90
:10A8140066756E6374696F6E5F63616C6C000000D3
:10A8240064470020A044002090470020C04400203A
:10A834009844002064470020E4440020904700200E
:10A84400084500205844002090470020304500204F
:10A85400904400209047002044450020904400206C
:10A86400644700205C450020644700206C450020BC
:10A874004E31305F5F637878616269763131355F7C
:10A884005F666F726365645F756E77696E644500B9
:10A894004E31305F5F637878616269763131375F5A
:10A8A4005F636C6173735F747970655F696E666F03
:10A8B400450000004E31305F5F63787861626976ED
:10A8C4003131395F5F666F726569676E5F657863A2
:10A8D400657074696F6E45004E31305F5F637878E0
:10A8E400616269763132305F5F73695F636C617393
:10A8F400735F747970655F696E666F450000000070
:10A90400537431336261645F657863657074696F31
:10A914006E000000537431376261645F66756E6364
:10A9240074696F6E5F63616C6C0000005374396509
:10A934007863657074696F6E000000005374397435
:10A944007970655F696E666F0000000000000000AA
:10A95400000000002D3C0100000000000000000089
:10A96400FDDD010000000000000000002D0B0000D0
:10A97400610B0000C90800007D0500007908000093
:10A98400ED000000BD080000A5080000D50500008A
:10A99400610800004908000019080000F5000000E3
:10A9A40001080000090100006D06000061060000B6
:10A9B400F105000029060000690A0000C10A000030
:10A9C4000000000000000000213A01000000000027
:10A9D4000000000041EB0100000000000000000046
:10A9E400AD3B01000000000000000000613E0100DA
:10A9F4000000000000000000D5EB01000000000092
:10AA040000000000E12F0100000000000000000031
:10AA1400B90F0000E15301001D550100C1540100AC
:10AA2400B553010095540100ED530100CD510100CF
:10AA3400A9560100C9510100ED52010000000000B7
:10AA44000000000085C50100A1F201009DF2010093
:10AA540099F2010095F2010091F201008DF20100DA
:10AA640089F201000000000000000000F13501003F
:10AA740000000000000000007D450100000000000F
:10AA840000000000A93101000000000000000000E7
:10AA940071340100000000000000000001500100BA
:10AAA4000000000000000000C94001000000000098
:10AAB400000000000135010000000000000000005B
:10AAC400CDAD010000000000000000006538010069
:10AAD40000000000000000008549010000000000A3
:10AAE40000000000CD0000006D00000069000000BF
:10AAF4009500000079000000A1000000850000001E
:10AB04009D0B0000C90B00000000000000000000C5
:10AB1400117602003D760200690000000D76020005
:10AB2400C9750200D5750200F57502000000000029
:10AB340058440020490B02005D0B0200CD090200BD
:10AB4400CD090200D90B0200090B0200BD0B020063
:10AB5400790B02003D0B0200000000006C44002051
:10AB6400B5080200C9080200CD090200CD0902009F
:10AB7400D90B0200090B02009D0902002109020001
:10AB8400E50802000000000078440020ED06020001
:10AB9400F9060200F10602000000000084440020CF
:10ABA4004105020055050200390502001011160086
:10ABB400000102060002040000020406000206046A
:10ABC4000C0D0E0F101112060001020304051314DC
:10ABD4000B0A0908070000003105000035050000D4
:10ABE4003D05000045050000510A0000490500002C
:10ABF4004D05000051050000E93E00004D0A00002B
:10AC04005D05000061050000F53E000095090000A7
:10AC14006505000069050000013F0000450A0000C9
:10AC24006D05000071050000DD3E0000490A0000CA
:10AC34005505000059050000D8399D270054EA2A1B
:10AC440000A4781F007B9A172C2066756E637469C4
:10AC54006F6E3A2000000000617373657274696F4F
:10AC64006E2022257322206661696C65643A206631
:10AC7400696C6520222573222C206C696E65202561
:10AC840064257325730A0000A2000000F9A20000E5
:10AC940083F9A2006E83F9A24E6E83F9444E6E834B
:10ACA40015444E6E2915444EFC29154427FC2915DC
:10ACB4005727FC29D15727FCF5D1572734F5D1570D
:10ACC400DD34F5D1C0DD34F5DBC0DD3462DBC0DD5D
:10ACD4009562DBC0999562DB3C999562433C9995FA
:10ACE40090433C994190433C42616C6C6F63207388
:10ACF4007563636565646564000000002F646174B6
:10AD0400612F6A656E6B696E732F776F726B7370E8
:10AD14006163652F474E552D746F6F6C636861696D
:10AD24006E2F61726D2D31312F7372632F6E6577C3
:10AD34006C69622D63796777696E2F6E65776C69CC
:10AD4400622F6C6962632F7374646C69622F6D7017
:10AD54007265632E63000000303132333435363788
:10AD640038396162636465666768696A6B6C6D6EC5
:10AD74006F707172737475767778797A0000000059
:10AD840000202020202020202020282828282820B7
:10AD940020202020202020202020202020202020AF
:10ADA4002088101010101010101010101010101017
:10ADB4001004040404040404040404101010101007
:10ADC40010104141414141410101010101010101D1
:10ADD4000101010101010101010101011010101023
:10ADE40010104242424242420202020202020202A3
:10ADF40002020202020202020202020210101010F7
:10AE0400200000000000000000000000000000001E
:10AE1400000000000000000000000000000000002E
:10AE2400000000000000000000000000000000001E
:10AE3400000000000000000000000000000000000E
:10AE440000000000000000000000000000000000FE
:10AE540000000000000000000000000000000000EE
:10AE640000000000000000000000000000000000DE
:10AE740000000000000000000000000000000000CE
:10AE840000000000496E66696E6974790000000074
:10AE94004E614E002F646174612F6A656E6B696E3A
:10AEA400732F776F726B73706163652F474E552DE7
:10AEB400746F6F6C636861696E2F61726D2D3131CF
:10AEC4002F7372632F6E65776C69622D6379677770
:10AED400696E2F6E65776C69622F6C6962632F737C
:10AEE40074646C69622F64746F612E6300000000E7
:10AEF400494E46004E414E003031323334353637F8
:10AF040038396162636465660000000030313233B1
:10AF14003435363738394142434445460000000051
:10AF2400286E756C6C290000300000002020202061
:10AF3400202020202020202020202020202020200D
:10AF44002020202020202020202020208C6200206F
:10AF54000B0000008C6200200B00000000000000C9
:10AF64009862002004000000A06200200700000096
:10AF740007000000A862002004000000B062002066
:10AF84000400000000000000B86200200600000079
:10AF9400B86200200600000008000000C062002023
:10AFA4000B000000C06200200B000000080000003D
:10AFB400CC62002005000000CC62002005000000E7
:10AFC40008000000D46200200A000000D4620020BF
:10AFD4000A00000008000000E06200200D000000EC
:10AFE400E06200200D00000000000000F06200207C
:10AFF40003000000F06200200300000001000000D4
:10B00400F46200200C00000004630020080000002B
:10B01400020000000000000000000000000000002A
:10B024000000000000000000106300200400000085
:10B0340010630020040000000300000018630020D7
:10B044000D000000186300200D0000000400000043
:10B054002863002008000000286300200800000086
:10B06400000000003463002011000000346300205D
:10B0740011000000000000000000000000000000BB
:10B0840000000000000000000000000000000000BC
:10B0940000000000000000000000000000000000AC
:10B0A400000000000000000000000000000000009C
:10B0B40000000000486300200500000048630020F1
:10B0C4000500000000000000506300200E00000096
:10B0D400506300200E00000000000000000000008B
:10B0E400000000000000000000000000000000005C
:10B0F400606300200400000060630020040000007E
:10B10400090000006863002007000000A862002016
:10B11400040000000000000070630020090000002B
:10B124001063002004000000050000007C63002080
:10B13400120000007C6300201200000006000000E2
:10B1440010550020030000001055002003000000EB
:10B1540000000000906300200900000090630020BC
:10B1640009000000000000009C63002009000000AA
:10B174009C6300200900000000000000A863002078
:10B184000A000000A86300200A000000000000007C
:10B19400B463002004000000B46300200400000035
:10B1A40008000000BC63002007000000BC6300200E
:10B1B4000700000000000000C46300200800000035
:10B1C400C46300200800000000000000D0630020D9
:10B1D40008000000D0630020080000000000000008
:10B1E400B852002011000000B852002011000000E5
:10B1F40000000000586000205C6000200200000095
:10B204000200000060600020646000200100000073
:10B214000200000068600020D855002002000000F1
:10B22400020000006C60002070600020010000003B
:10B234000100000074600020706000200100000024
:10B2440002000000786000207C60002008000000FC
:10B2540001000000886000208C60002009000000CC
:10B2640001000000986000207C60002008000000BD
:10B27400010000009C600020A06000200A00000083
:10B2840002000000C0540020AC6000200200000056
:10B2940002000000B0600020A03000200100000087
:10B2A40002000000B4600020B8600020010000002B
:10B2B40001000000BC600020C0600020020000000B
:10B2C40002000000C4600020C860002006000000E6
:10B2D40003000000D0600020D460002009000000BA
:10B2E40001000000E0600020E46000200C00000089
:10B2F4000200000098300020F460002001000000EB
:10B3040001000000F86000206460002001000000DB
:10B3140002000000FC600020006100200700000023
:10B3240001000000086100200C6100200200000000
:10B3340002000000106100204862002001000000AB
:10B344000200000014610020DC580020010000000D
:10B354000200000018610020CC6000200200000000
:10B36400020000001C610020206100200200000097
:10B374000200000024610020286100200100000078
:10B38400020000002C610020306100200200000057
:10B39400020000003461002010550020030000006A
:10B3A4000300000038610020105500200300000055
:10B3B400030000003C610020105500200300000041
:10B3C400020000004061002010550020030000002E
:10B3D40002000000446100204861002002000000D7
:10B3E400020000004C610020005300200200000015
:10B3F40001000000506100209C5F0020010000005B
:10B4040002000000C4540020546100200200000027
:10B4140002000000586100205C610020030000006D
:10B4240002000000BC6200206061002002000000F5
:10B434000200000064610020686100200B0000002D
:10B444000100000074610020786100200200000007
:10B4540002000000802D00207C610020010000001B
:10B4640002000000806100208461002002000000CE
:10B4740002000000886100208C61002002000000AE
:10B48400020000009061002094610020010000008F
:10B494000200000098610020F46000200100000018
:10B4A400020000009C610020A06100200200000056
:10B4B40001000000A4610020A86100200500000034
:10B4C40003000000C02D0020B06100200200000035
:10B4D40002000000C8420020946100200100000026
:10B4E40001000000B4610020B861002001000000E8
:10B4F40001000000BC610020C061002003000000C6
:10B5040003000000C4610020C861002002000000A4
:10B5140002000000CC610020D06100200200000085
:10B5240002000000D45E0020D4610020010000006D
:10B5340002000000D8610020DC610020020000004D
:10B5440002000000E0610020E4610020010000002E
:10B5540002000000E8610020EC610020030000000C
:10B5640002000000F0610020F461002002000000ED
:10B5740001000000F8610020E461002001000000E7
:10B5840001000000FC6100200062002002000000B5
:10B5940002000000C85400200462002001000000E2
:10B5A40003000000086200200C620020020000007A
:10B5B400020000001062002014620020030000005A
:10B5C40002000000186200201C620020100000002D
:10B5D40002000000306200203462002001000000FC
:10B5E40002000000A42F00203862002002000000A6
:10B5F400020000003C6200204062002009000000BC
:10B60400010000004C62002040620020090000009C
:10B614000100000050620020546200200B00000072
:10B624000200000060620020646200200300000049
:10B6340002000000A86000206862002007000000EB
:10B644000100000070620020686200200700000012
:10B6540001000000746200207862002005000000F0
:10B6640000000000806200208462002006000000C8
:10B6740001000000000000000000000000000000C5
:10B6840000000000256400006465636C74797065D3
:10B69400286E756C6C70747229000000202E2E2E9A
:10B6A40020000000282E2E2E000000002E2E2E2911
:10B6B40000000000737472696E67206C69746572AF
:10B6C400616C0000737464005B6162693A0000009D
:10B6D4003A3A00007B64656661756C742061726738
:10B6E400230000007D3A3A006175746F3A0000004F
:10B6F40074656D706C61746520706172616D6574E0
:10B704006572206F626A65637420666F7220000040
:10B71400767461626C6520666F7220005654542002
:10B72400666F722000000000636F6E73747275633D
:10B7340074696F6E20767461626C6520666F722026
:10B74400000000002D696E2D000000007479706502
:10B75400696E666F20666F722000000074797065F0
:10B76400696E666F206E616D6520666F72200000E1
:10B7740074797065696E666F20666E20666F7220DC
:10B78400000000006E6F6E2D7669727475616C2016
:10B794007468756E6B20746F20000000636F7661AF
:10B7A4007269616E742072657475726E2074687546
:10B7B4006E6B20746F2000006A61766120436C61B7
:10B7C400737320666F7220006775617264207661FE
:10B7D400726961626C6520666F722000544C53205C
:10B7E400696E69742066756E6374696F6E20666F26
:10B7F40072200000544C532077726170706572207F
:10B8040066756E6374696F6E20666F722000000047
:10B814007265666572656E63652074656D706F72BE
:10B82400617279202300000068696464656E206198
:10B834006C69617320666F72200000006E6F6E2D5C
:10B844007472616E73616374696F6E20636C6F6E82
:10B854006520666F722000005F5361742000000051
:10B864005F416363756D00005F467261637400003D
:10B874002C2000006F70657261746F72000000000C
:10B884006F70657261746F72200000003E280000C2
:10B89400636C00006978000071750000203A200094
:10B8A4006E65772000000000756C00006C6C000071
:10B8B400756C6C0066616C7365000000747275656C
:10B8C400000000006A617661207265736F757263AF
:10B8D400652000006465636C74797065202800003D
:10B8E4002E2E2E0074686973000000007B70617254
:10B8F4006D230000676C6F62616C20636F6E7374FC
:10B90400727563746F7273206B6579656420746FEC
:10B9140020000000676C6F62616C20646573747250
:10B924007563746F7273206B6579656420746F201E
:10B93400000000007B6C616D6264612800000000FF
:10B94400292300007B756E6E616D656420747970C7
:10B9540065230000205B636C6F6E652000000000AF
:10B9640020726573747269637400000020766F6CD2
:10B974006174696C6500000020636F6E737400006D
:10B98400207472616E73616374696F6E5F73616654
:10B9940065000000206E6F657863657074000000B8
:10B9A400207468726F77000026260000205F436FC2
:10B9B4006D706C6578000000205F496D6167696E89
:10B9C400617279003A3A2A00205F5F766563746F8A
:10B9D400722800005F474C4F42414C5F000000005A
:10B9E40028616E6F6E796D6F7573206E616D65730E
:10B9F40070616365290000006175746F00000000C8
:10BA04006465636C74797065286175746F290000CE
:10BA140000000000000000000000000000000042E0
:10BA2400C8801F40B8821F40080000000000004288
:10BA3400C4801F40B4821F400400000000C00042C4
:10BA440024801F4014821F401000000000C00042E8
:10BA540028801F4018821F402000000000C00042C0
:10BA64002C801F401C821F404000000000C0004288
:10BA740034801F4024821F40000100000040004227
:10BA840064811F4054831F400004000000400042B2
:10BA940080811F4070831F4000000200004000426C
:10BAA4007C811F406C831F40000001000040004265
:10BAB40068811F4058831F40000800000040004276
:10BAC4003C811F402C831F400100000000400042C5
:10BAD40044811F4034831F400400000000400042A2
:10BAE40040811F4030831F4002000000004000429C
:10BAF40048811F4038831F400800000000000042B6
:10BB040004811F40F4821F40000004000000004232
:10BB140008811F40F8821F40000008000000004216
:10BB240018811F4008831F4000008000000000426D
:10BB340014811F4004831F400000400000000042A5
:10BB440000811F40F0821F400000020000000042FC
:10BB5400FC801F40EC821F400000010000000042F6
:10BB640024811F4014831F40000000040000004291
:10BB740028811F4018831F40000000080000004275
:10BB84001C811F400C831F40000000010000004284
:10BB940020811F4010831F4000000002000000426B
:10BBA400EC801F40DC821F400010000000000042B7
:10BBB400F0801F40E0821F4000200000000000428F
:10BBC40034811F4024831F400000004000000042D5
:10BBD40038811F4028831F400000008000800042FD
:10BBE40094801F4084821F400000040000C0004273
:10BBF40090801F4080821F4000000080008000422F
:10BC0400A8801F4098821F400000800000800042EE
:10BC1400A4801F4094821F40000040000040004266
:10BC24006C811F405C831F400010000000C0004274
:10BC340030801F4020821F408000000000800042AE
:10BC4400C8811F40B8831F4000800000008000426C
:10BC5400C4811F40B4831F400040000000800042A4
:10BC6400C0811F40B0831F400020000000800042BC
:10BC7400BC811F40AC831F400010000000800042C4
:10BC8400D0811F40C0831F4000000200008000429A
:10BC9400CC811F40BC831F40000001000200000053
:10BCA4000300000004000000060000002F00000054
:10BCB4002E2E00006C6974746C65667300000000BD
:10BCC400FB21F93FFB2109407CD91240FB2119409B
:10BCD4007A6A1F407CD92240BBFD2540FB212940C4
:10BCE4003A462C407A6A2F405C4731407CD9324036
:10BCF4009C6B3440BBFD3540DB8F3740FB21394022
:10BD04001BB43A403A463C405AD83D407A6A3F40D8
:10BD14004C7E40405C4741406C1042407CD94240DC
:10BD24008CA243409C6B4440AC344540BBFD454031
:10BD3400CBC64640DB8F4740EB584840FB21494087
:10BD440005000000190000007D00000007080C0B2E
:10BD540006050F000D0E0102838407080C0B06056F
:10BD64000F000D0E01028384010100040100000490
:10BD7400013201010132020101100101011101012D
:10BD8400011201020103020601030106011202026B
:10BD94000200000102020001020100010210000180
:10BDA4000222000102230001000000000000000044
:10BDB4000221000102200001000000000000000038
:10BDC40001300101013101010102000401030004F9
:10BDD4000000000000000000012102010121010116
:10BDE400000000000000000000000000011002013B
:10BDF400010102010101010101000201010001012F
:10BE04000102020101020101000000006410B71DDB
:10BE1400C8206E3BAC30D9269041DC76F4516B6B74
:10BE24005861B24D3C7105502083B8ED44930FF036
:10BE3400E8A3D6D68CB361CBB0C2649BD4D2D386EC
:10BE440078E20AA01CF2BDBD496E697469616C692F
:10BE540073696E6720617564696F20706172616DCA
:10BE64006574657273000000496E697469616C6978
:10BE740073696E672066696C6573797374656D00A8
:10BE840050726F6772616D20666C617368204449FB
:10BE9400534B00004572726F72207374617274693F
:10BEA4006E672025730A00004C6F6164696E672019
:10BEB400746865207072657365740000496E6974F6
:10BEC40069616C69736174696F6E20636F6D706C06
:10BED4006574650074000000F45200200300000043
:10BEE400F4520020030000000000000000000000E5
:10BEF40061000000C85E00200E000000C85E002043
:10BF04000E000000D85E002009000000620000005E
:10BF1400E45E002011000000E45E00201100000037
:10BF2400F85E00200C00000073000000085F002091
:10BF34000B000000145F002046000000F85E0020A3
:10BF44000C000000690000005C5F00200C00000091
:10BF54006C5F002031000000A05F00200D00000095
:10BF64006F000000B05F00200C000000C05F0020E4
:10BF740031000000F45F00200D00000064000000A8
:10BF8400046000200D000000146000203200000056
:10BF9400486000200E00000000A019A01AA01BA0F9
:10BFA4001CA01EA020A022A024A026A027A027A079
:10BFB40027A025A021A01DA017A010A007A0FD9FC9
:10BFC400F29FE69FDA9FCD9FC19FB59FA99F9F9F38
:10BFD400969F8F9F8B9F899F8A9F8D9F949F9E9FE3
:10BFE400AB9FBA9FCD9FE19FF79F0FA028A041A0D0
:10BFF4005AA071A087A09BA0ADA0BAA0C4A0CAA05B
:10C00400CBA0C7A0BEA0B0A09EA087A06BA04DA04F
:10C014002BA007A0E19FBB9F959F709F4D9F2E9FD4
:10C02400129FFC9EEA9EDF9EDA9EDD9EE69EF69EB1
:10C034000D9F2B9F4F9F789FA69FD79F0AA03FA03D
:10C0440074A0A8A0D9A006A12EA151A16CA17FA182
:10C054008AA18BA183A172A157A134A108A1D4A064
:10C064009AA05BA018A0D39F8D9F489F069FC79E50
:10C074008F9E5E9E369E189E049EFD9D019E129E7E
:10C084002F9E589E8C9ECA9E119F609FB49F0CA0A9
:10C0940067A0C1A018A16BA1B8A1FCA135A263A29D
:10C0A40082A294A296A288A26AA23DA200A2B7A1EB
:10C0B40060A100A196A027A0B39F3F9FCC9E5E9E47
:10C0C400F79D9A9D499D079DD59CB69CAA9CB29CC0
:10C0D400CE9CFF9C449D9C9D049E7C9E009F8D9FB6
:10C0E40022A0B9A050A1E4A16FA2F0A262A3C3A3AD
:10C0F4000FA444A460A462A44AA415A4C6A35EA386
:10C10400DDA247A29EA1E5A022A0579F8A9EBF9DC3
:10C11400FC9C459C9F9B0F9B989A409A089AF39984
:10C12400049A3A9A979A199BBF9B869C6A9D689E2B
:10C134007A9F9AA0C3A1ECA211A428A52AA612A7AB
:10C14400D6A772A8E0A81AA91CA9E4A86FA8BEA73C
:10C15400D1A6AAA54DA4C0A209A12F9F3D9D3D9B98
:10C16400399940975C959D931192C490C58F228F05
:10C17400E78E208FD98F1A91ED9257955E98049C83
:10C184004BA032A5B4AACEB077B7A7BE52C66DCE27
:10C19400E7D6B3DFBFE8F9F150FBB004612E747841
:10C1A40074000000622E747874000000632E7478AA
:10C1B40074000000642E747874000000652E747896
:10C1C40074000000662E747874000000672E747882
:10C1D40074000000682E747874000000692E74786E
:10C1E400740000006A2E7478740000006B2E74785A
:10C1F400740000006C2E747874000000617474651F
:10C204006D7074696E6720746F206D6F756E742025
:10C214006578697374696E67206D6564696100008F
:10C22400636F756C646E2774206D6F756E74206D0A
:10C23400656469612C20617474656D70696E672032
:10C24400746F20666F726D617400000061747465B0
:10C254006D7074696E6720746F206D6F756E7420D5
:10C2640066726573686C7920666F726D617474654B
:10C2740064206D65646961006D6F756E742061661C
:10C2840074657220666F726D6174206661696C6595
:10C2940064203A28000000007374643A3A616C6CBC
:10C2A4006F6361746F720000616C6C6F6361746FB3
:10C2B400720000007374643A3A62617369635F7375
:10C2C4007472696E6700000062617369635F7374FE
:10C2D40072696E67000000007374643A3A73747292
:10C2E400696E67007374643A3A62617369635F7379
:10C2F4007472696E673C636861722C207374643A6B
:10C304003A636861725F7472616974733C636861F3
:10C31400723E2C207374643A3A616C6C6F6361747E
:10C324006F723C636861723E203E00007374643A2D
:10C334003A6973747265616D000000007374643A45
:10C344003A62617369635F6973747265616D3C63BA
:10C354006861722C207374643A3A636861725F7422
:10C3640072616974733C636861723E203E00000030
:10C3740062617369635F6973747265616D00000063
:10C384007374643A3A6F73747265616D00000000EF
:10C394007374643A3A62617369635F6F737472654C
:10C3A400616D3C636861722C207374643A3A63680B
:10C3B40061725F7472616974733C636861723E2078
:10C3C4003E00000062617369635F6F73747265613C
:10C3D4006D0000007374643A3A696F737472656136
:10C3E4006D0000007374643A3A62617369635F6953
:10C3F4006F73747265616D3C636861722C20737431
:10C40400643A3A636861725F7472616974733C631D
:10C414006861723E203E000062617369635F696F08
:10C4240073747265616D0000614E0000263D00006A
:10C43400615300003D000000616100006164000080
:10C4440026000000616E000061740000616C696781
:10C454006E6F66200000000061770000636F5F610B
:10C464007761697420000000617A00006363000052
:10C47400636F6E73745F6361737400002829000036
:10C48400636D0000636F00007E00000064560000CE
:10C494002F3D0000645800005B2E2E2E5D3D0000F1
:10C4A4006461000064656C6574655B5D2000000078
:10C4B4006463000064796E616D69635F63617374C2
:10C4C400000000002A00000064690000646C0000A1
:10C4D40064656C6574652000647300002E2A000096
:10C4E400647400006476000064780000654F000006
:10C4F4005E3D0000656F00005E0000006571000095
:10C504003D3D0000664C000066520000666C000071
:10C5140066720000676500003E3D0000677300001E
:10C52400677400005B5D00006C5300003C3C3D0000
:10C534003C3D00006C6900006F70657261746F723D
:10C54400222220006C7300003C3C00003C000000F0
:10C554006D4900002D3D00006D4C00002A3D000097
:10C564006D6900002D0000006D6C00006D6D000011
:10C574002D2D00006E6100006E65775B5D0000008C
:10C58400213D00006E740000210000006E77000061
:10C594006E6577006F5200007C3D00006F6F0000F5
:10C5A4007C7C00007C000000704C00002B3D0000EF
:10C5B400706C00002B000000706D00002D3E2A00FE
:10C5C400707000002B2B000070730000707400006A
:10C5D4002D3E00003F000000724D0000253D00008C
:10C5E400725300003E3E3D00726300007265696E46
:10C5F400746572707265745F636173740000000027
:10C60400726D0000250000003E3E000073500000E3
:10C6140073697A656F662E2E2E000000735A00002F
:10C62400736300007374617469635F63617374009E
:10C63400737300003C3D3E0073697A656F662000A9
:10C64400737A0000747200007468726F77000000DF
:10C65400747700007468726F772000007369676EE6
:10C664006564206368617200626F6F6C0000000093
:10C67400626F6F6C65616E00636861720000000038
:10C684006279746500000000646F75626C65000077
:10C694006C6F6E6720646F75626C6500666C6F61A9
:10C6A400740000005F5F666C6F61743132380000A3
:10C6B400756E7369676E656420636861720000005B
:10C6C400696E7400756E7369676E656420696E7453
:10C6D40000000000756E7369676E656400000000F9
:10C6E4006C6F6E6700000000756E7369676E656439
:10C6F400206C6F6E670000005F5F696E74313238C2
:10C7040000000000756E7369676E6564205F5F6981
:10C714006E7431323800000073686F727400000068
:10C72400756E7369676E65642073686F7274000058
:10C73400766F69640000000077636861725F74005B
:10C744006C6F6E67206C6F6E67000000756E7369A6
:10C75400676E6564206C6F6E67206C6F6E67000097
:10C76400646563696D616C333200000064656369FC
:10C774006D616C3634000000646563696D616C3111
:10C784003238000068616C66000000006368617202
:10C79400385F74006368617231365F7400000000B2
:10C7A4006368617233325F74000000004C435F437E
:10C7B4004F4C4C41544500004C435F435459504541
:10C7C400000000004C435F4D4F4E45544152590008
:10C7D4004C435F4E554D4552494300004C435F5412
:10C7E400494D45004C435F4D455353414745530024
:10C7F40083F9A200444E6E00FC291500D15727008E
:10C80400DD34F50062DBC0003C99950041904300A3
:10C814006351FE00BBDEAB00B761C5003A6E240075
:10C82400D24D42004906E00009EA2E001C92D100D4
:10C83400EB1DFE0029B11C00E83EA700F53582007F
:10C8440044BB2E009CE98400B4267000417E5F0046
:10C85400D6913900538339009CF439008B5F8400EE
:10C8640028F9BD00F81F3B00DEFF97000F98050074
:10C87400112FEF000A5A8B006D1F6D00CF7E36001A
:10C8840009CB2700464FB7009E663F002DEA5F00A4
:10C89400BA277500E5EBC7003D7BF100F7390700C7
:10C8A40092528A00FB6BEA001FB15F00085D8D00A5
:10C8B400300356007BFC4600F0AB6B0020BCCF007D
:10C8C40036F49A00E3A91D005E619100081BE6009E
:10C8D40085996500A0145F008D40680080D8FF0032
:10C8E40027734D0006063100CA561500C9A8730007
:10C8F4007BE260006B8CC00000010000E48C00202F
:10C904001200000000060000F83000600A00000079
:10C9140000020000B0910020750100000007000033
:10C92400389000207501000000030000F43000601E
:10C934000000000001030904289300200000000007
:10C94400020309043C9300200000000003030904CF
:10C9540050930020000000000000000000000000D0
:10C964000000000030303030303030303030303083
:10C9740030303030303030303030303030303030B3
:10C9840030303030000000000000000080C800207B
:10C99400E8C8002050C9002000000000000000008A
:10C9A4000000000000000000000000000000000083
:10C9B4000000000000000000000000000000000073
:10C9C4000000000000000000000000000000000063
:10C9D4000000000000000000000000000000000053
:10C9E4000000000000000000000000000000000043
:10C9F4000000000000000000000000000000000033
:10CA04000000000000000000000000000000000022
:10CA14000000000000000000000000000000000012
:10CA240001000000000000000E33CDAB34126DE6AF
:10CA3400ECDE05000B000000000000000000000018
:10CA440000000000000000000000000000000000E2
:10CA540000000000000000000000000000000000D2
:10CA640000000000000000000000000000000000C2
:10CA740000000000000000000000000000000000B2
:10CA840000000000000000000000000000000000A2
:10CA94000000000000000000000000000000000092
:10CAA40000000000000000000029DE07007B9A1748
:10CAB4007446002000000000E803000000000000AD
:10CAC4004047002000000000E803000000000000D0
:10CAD40000003F40A431006000000000000000009E
:10CAE4000000000000000000000000000000000042
:10CAF4000000000000000000000000000000000032
:10CB04000000000000000000000000000000000021
:10CB14000000000000000000000000000000000011
:10CB24000000000000000000000000000000000001
:10CB340000000000000000000000000000000000F1
:10CB440000000000000000000000000000000000E1
:10CB540000000000000000000000000000000000D1
:10CB640000000000000000000000000000000000C1
:10CB740000000000000000000000000000000000B1
:10CB840000000000000000000000000000000000A1
:10CB94000000000000000000000000000000000091
:10CBA4000000000000000000000000000000000081
:10CBB4000000000000000000000000000000000071
:10CBC4000000000000000000000000000000000061
:10CBD4000000000000000000000000000000000051
:10CBE4000000000000000000000000000000000041
:10CBF4000000000000000000000000000000000031
:10CC04004047002000000000E8030000000000008E
:10CC140000803F405431006000000000000000002C
:10CC24000000000000000000000000000000000000
:10CC340000000000000000000000000000000000F0
:10CC440000000000000000000000000000000000E0
:10CC540000000000000000000000000000000000D0
:10CC640000000000000000000000000000000000C0
:10CC740000000000000000000000000000000000B0
:10CC840000000000000000000000000000000000A0
:10CC94000000000000000000000000000000000090
:10CCA4000000000000000000000000000000000080
:10CCB4000000000000000000000000000000000070
:10CCC4000000000000000000000000000000000060
:10CCD4000000000000000000000000000000000050
:10CCE4000000000000000000000000000000000040
:10CCF4000000000000000000000000000000000030
:10CD0400000000000000000000000000000000001F
:10CD1400000000000000000000000000000000000F
:10CD240000000000000000000000000000000000FF
:10CD340000000000000000000000000000000000EF
:10CD44004047002000000000E8030000000000004D
:10CD540000C03F40043100600000000000000000FB
:10CD640000000000000000000000000000000000BF
:10CD740000000000000000000000000000000000AF
:10CD8400000000000000000000000000000000009F
:10CD9400000000000000000000000000000000008F
:10CDA400000000000000000000000000000000007F
:10CDB400000000000000000000000000000000006F
:10CDC400000000000000000000000000000000005F
:10CDD400000000000000000000000000000000004F
:10CDE400000000000000000000000000000000003F
:10CDF400000000000000000000000000000000002F
:10CE0400000000000000000000000000000000001E
:10CE1400000000000000000000000000000000000E
:10CE240000000000000000000000000000000000FE
:10CE340000000000000000000000000000000000EE
:10CE440000000000000000000000000000000000DE
:10CE540000000000000000000000000000000000CE
:10CE640000000000000000000000000000000000BE
:10CE740000000000000000000000000000000000AE
:10CE8400FD09020019070200000000000000000074
:10CE94007F000000FFFFFFFF000080BF000080BF95
:10CEA400FFFFFFFFFFFF0000000080BF000080BF06
:10CEB400000080BF000080BFFFFFFFFF05000000EF
:10CEC40040C80020A00B2720000000004300000001
:10CED400000000000000000000000000000000004E
:10CEE40000000000000000000000000043000000FB
:10CEF400000000000000000000000000000000002E
:10CF040000000000000000000000000043000000DA
:10CF1400000000000000000000000000000000000D
:10CF240000000000000000000000000043000000BA
:10CF340000000000000000000000000000000000ED
:10CF4400000000000000000000000000430000009A
:10CF540000000000000000000000000000000000CD
:10CF6400000000000000000000000000430000007A
:10CF740000000000000000000000000000000000AD
:10CF8400000000000000000000000000430000005A
:10CF9400000000000000000000000000000000008D
:10CFA4000000000000000000000000000118030061
:10CFB400712B030000000000B049002048620020EB
:10CFC400E4420020E4420020E4420020E442002045
:10CFD400E4420020E4420020E4420020E442002035
:10CFE400E4420020FFFFFFFFFFFFFFFFFFFFFFFF03
:10CFF400FFFF0000010041534349490000000000C5
:10D00400000000000000000000000000000000001C
:10D0140000000000000041534349490000000000A3
:10D0240000000000000000000000000000000000FC
:10D0340000000000000000000000000000000000EC
:10D04400686C0020686C0020706C0020706C0020FC
:10D05400786C0020786C0020806C0020806C0020AC
:10D06400886C0020886C0020906C0020906C00205C
:10D07400986C0020986C0020A06C0020A06C00200C
:10D08400A86C0020A86C0020B06C0020B06C0020BC
:10D09400B86C0020B86C0020C06C0020C06C00206C
:10D0A400C86C0020C86C0020D06C0020D06C00201C
:10D0B400D86C0020D86C0020E06C0020E06C0020CC
:10D0C400E86C0020E86C0020F06C0020F06C00207C
:10D0D400F86C0020F86C0020006D0020006D00202A
:10D0E400086D0020086D0020106D0020106D0020D8
:10D0F400186D0020186D0020206D0020206D002088
:10D10400286D0020286D0020306D0020306D002037
:10D11400386D0020386D0020406D0020406D0020E7
:10D12400486D0020486D0020506D0020506D002097
:10D13400586D0020586D0020606D0020606D002047
:10D14400686D0020686D0020706D0020706D0020F7
:10D15400786D0020786D0020806D0020806D0020A7
:10D16400886D0020886D0020906D0020906D002057
:10D17400986D0020986D0020A06D0020A06D002007
:10D18400A86D0020A86D0020B06D0020B06D0020B7
:10D19400B86D0020B86D0020C06D0020C06D002067
:10D1A400C86D0020C86D0020D06D0020D06D002017
:10D1B400D86D0020D86D0020E06D0020E06D0020C7
:10D1C400E86D0020E86D0020F06D0020F06D002077
:10D1D400F86D0020F86D0020006E0020006E002025
:10D1E400086E0020086E0020106E0020106E0020D3
:10D1F400186E0020186E0020206E0020206E002083
:10D20400286E0020286E0020306E0020306E002032
:10D21400386E0020386E0020406E0020406E0020E2
:10D22400486E0020486E0020506E0020506E002092
:10D23400586E0020586E0020606E0020606E002042
:10D24400686E0020686E0020706E0020706E0020F2
:10D25400786E0020786E0020806E0020806E0020A2
:10D26400886E0020886E0020906E0020906E002052
:10D27400986E0020986E0020A06E0020A06E002002
:10D28400A86E0020A86E0020B06E0020B06E0020B2
:10D29400B86E0020B86E0020C06E0020C06E002062
:10D2A400C86E0020C86E0020D06E0020D06E002012
:10D2B400D86E0020D86E0020E06E0020E06E0020C2
:10D2C400E86E0020E86E0020F06E0020F06E002072
:10D2D400F86E0020F86E0020006F0020006F002020
:10D2E400086F0020086F0020106F0020106F0020CE
:10D2F400186F0020186F0020206F0020206F00207E
:10D30400286F0020286F0020306F0020306F00202D
:10D31400386F0020386F0020406F0020406F0020DD
:10D32400486F0020486F0020506F0020506F00208D
:10D33400586F0020586F0020606F0020606F00203D
:10D34400686F0020686F0020706F0020706F0020ED
:10D35400786F0020786F0020806F0020806F00209D
:10D36400886F0020886F0020906F0020906F00204D
:10D37400986F0020986F0020A06F0020A06F0020FD
:10D38400A86F0020A86F0020B06F0020B06F0020AD
:10D39400B86F0020B86F0020C06F0020C06F00205D
:10D3A400C86F0020C86F0020D06F0020D06F00200D
:10D3B400D86F0020D86F0020E06F0020E06F0020BD
:10D3C400E86F0020E86F0020F06F0020F06F00206D
:10D3D400F86F0020F86F002000700020007000201B
:10D3E40008700020087000201070002010700020C9
:10D3F4001870002018700020207000202070002079
:10D404002870002028700020307000203070002028
:10D4140038700020387000204070002040700020D8
:10D424004870002048700020507000205070002088
:10D434005870002058700020607000206070002038
:10D44400FFFFFFFF000002000000000003000000D7
:10D4540080C80020B86500200004070205090B00FD
:10D464000004080C02050900CC5D0020D45D0020F6
:10D47400DC5D0020E45D0020EC5D0020F45D002014
:10D48400FC5D0020045E00200C5E0020145E002081
:10D494001C5E0020245E00200B0409020700050026
:10D4A4005CCF0243B48D0020D88D0020B48E0020C0
:10D4B400A48D0020C88D0020F88C002090700020DE
:10D4C400AC8D0020D08D0020108D0020188D002000
:10D4D4001C90002024900020BC8E0020BC8D0020D5
:10D4E400E08D002088700020C88E00200C90002061
:10D4F400FC8F0020E88D0020208D0020F08D00207E
:10D504000490002068930020288D0020448E002081
:10D51400948D002014900020185A0120C866012020
:10D524007873012028800120505A012000670120CF
:10D53400B073012060800120C45A01207467012067
:10D5440024740120D4800120245B0120D4670120AD
:10D554008474012034810120445B0120F46701209C
:10D56400A474012054810120D85E0120886B01201D
:10D5740038780120E88401206C6201201C6F0120AE
:10D58400CC7B01207C8801200002040709000000F4
:10D594000002040609000000000305070A00000059
:10D5A400000204070A000000000305070900000048
:10D5B400000103040607090A00020406080A000021
:10D5C400000204050708090B000203050708090BFC
:10D5D400000203040607090B0002040507090B00F7
:10D5E4000002030507090A000002040607090B00EC
:10D5F4000002040507090A000002030507080A00DF
:10D604000002050709000000000205070A000000E7
:10D61400000305060A0000000001030506080A00CD
:10D62400000102030405060A0B0C0D0E0F100A0B71
:10D634000C0D0002030A0B0C0D0205060A0B0C0D5F
:10D64400020F101415161718191A0000206601206D
:10D65400D0720120807F0120308C01205866012087
:10D6640008730120B87F0120688C01209066012096
:10D6740040730120F07F0120A08C0120885A0120F2
:10D6840038670120E873012098800120EC5A0120BA
:10D694009C6701204C740120FC80012001010101E0
:10D6A4000000803FB48D00200000000032003200F2
:10D6B400000200020002010000000000C00064003B
:10D6C40031006400B80064009D00640000000000A4
:10D6D4000000000000000000000000000000000046
:10D6E40000004300000000000000000000000000F3
:10D6F400000000000000000000001000000008000E
:10D7040008000C002A0093040100A701140046003D
:10D714000300230053003B00620A010000000000E4
:10D7240000000000000000000000010001000100F2
:10D73400640001000100000001000100010001007B
:10D744000E0000000000460000000000000064001D
:10D754000000060000000000F302C30017003D00B3
:10D764001D000000000000000000A20000000000F6
:10D7740000000000000000000000000000000000A5
:10D784000000301100000000000000000000000054
:10D79400000000000000000002000D00080064000A
:10D7A40010000000C8000000000032000000320039
:10D7B400120020003200000000000A004200610153
:10D7C4004100E3030100390210008D0020005300E2
:10D7D4001C0030003600010000000000000038008A
:10D7E400000085010000140000000000000000009B
:10D7F400010001000100000001000100000001001F
:10D8040001000100010000000000000046000000CB
:10D81400000000006400000026000000000050002A
:10D82400100004005E00F102DA0146000500640005
:10D83400640064000000000000000000000000001C
:10D8440000000000000000000000000000000000D4
:10D85400000000000F0000000000000000000000B5
:10D864001000000006000600200000000600000072
:10D874001000000006000600200000000600000062
:10D884000000000000000000000000000000000094
:10D894000000000000000000000000000000000084
:10D8A40000000000000000000002040507090B004E
:10D8B40000000000000000003200320000020002FC
:10D8C4000002000000000000C00064003100640099
:10D8D400B80064009D006400000000000000000027
:10D8E400000000002B000000320025002600430049
:10D8F4000000000000000000000000000000000024
:10D9040000000000000010000000080008000C00E7
:10D914002A0093040100A701140046000300230019
:10D9240053003B00620A01000000000000000000F8
:10D93400000000000000010001000100640001007B
:10D944000100000001000100010001000E000000C0
:10D954000000460000000000000064000000060013
:10D9640000000000F302C30017003D001D0000008A
:10D97400000000000000A2000000020000000000FF
:10D984000000000000000000000000000000301152
:10D994000000000000000000000000000000000083
:10D9A4000000000002000D000800640010000000E8
:10D9B400C800000000003200000032001200200005
:10D9C4003200000000000A00420061014100E3034C
:10D9D4000100390210008D00200053001C003000AB
:10D9E400360001000000000000003800000085013E
:10D9F400000014000000000000000000010001000D
:10DA0400010000000100010000000100010001000C
:10DA140001000000000000004600000000000000BB
:10DA240064000000400000000000500010000400EA
:10DA34005E00F102DA01460005006400640064003F
:10DA440002000000000000000000000000000000D0
:10DA540000000000000000000000000000000000C2
:10DA64000F00000000000000000000001000000093
:10DA74000600060020000000060000001000000060
:10DA84000600060020000000060000000000000060
:10DA94000000000000000000000000000000000082
:10DAA4000000000000000000000000000000000072
:10DAB40000000000000000003200320000020002FA
:10DAC4000002000000000000C20064005500640071
:10DAD4003C0064003D006400000000000A000100F6
:10DAE40000000000000000000000000000006400CE
:10DAF4000000000000000000000000000000000022
:10DB04000000000004001900080003001D001200BA
:10DB14004100E80103009F001900460005001200BF
:10DB240004001A00060001004D0000004B02200012
:10DB34000000860100004C000100010064000100A7
:10DB44000100440011000E001600140000005401EE
:10DB54009206460030000000000064001200360007
:10DB64000000000020034600390064006400000047
:10DB7400000000000000C7000000020000000000D8
:10DB84000000000000000000000000000000301150
:10DB94000000000000000000000000000000000081
:10DBA4000000000004000700000064000000000002
:10DBB400640006000800C8000200320024004B0084
:10DBC40032001C0000000300010001005000C204E8
:10DBD40002007B062600720013000800200050009B
:10DBE4000100010000001E00000000000000000011
:10DBF4000000000000001800000003000100010004
:10DC04000100640001000100640001000100010042
:10DC140001001F000000000046000000000000009A
:10DC240064000000210002000100A20010000400B2
:10DC3400640064009C0576006400320020006B00E0
:10DC440002000000000000000000000000000000CE
:10DC540000000000000000000000000000000000C0
:10DC64000F0000000000000000000000070000009A
:10DC7400000000000D000000040000000700000088
:10DC8400000002000D00000000000200000000007F
:10DC94000000000000000000000000000000000080
:10DCA4000000000000000000000000000000000070
:10DCB40000000000000000003200320000020002F8
:10DCC4000002000000000000C00064003100640095
:10DCD400B80064009D006400000000001E00000005
:10DCE40001000100570021003E000C0050004300D9
:10DCF4000000000000000000000000000000000020
:10DD040000000000000006000300080008000C00EA
:10DD14002A003F0701002A001400D9000300230051
:10DD240053003B00620A0100B90000001A010E0012
:10DD34000000F7000B000100010001006400010075
:10DD44000100000001000100010001000E000000BC
:10DD540000004600000000000000640000001700FE
:10DD640000000000F302C30052003D001D0000004B
:10DD7400000000000000A2000000020000000000FB
:10DD8400000000000000000000000000000030114E
:10DD9400000000000000000000000000000000007F
:10DDA4000000000001000D000000640017000800DE
:10DDB400C800000000003200000032001200200001
:10DDC4003200000000000A00420061012C00AC0592
:10DDD4000100390210008D00200053001C003000A7
:10DDE400360001000000BA0252003800000043026D
:10DDF40000001C0000000000000000000100010001
:10DE040001000000010001006400010001000100A4
:10DE140001000000000000004600000000000000B7
:10DE240064000000640000000000500010000400C2
:10DE34005E00F102DA01460005006400640064003B
:10DE440002000000000000000000000000000000CC
:10DE540000000000000000000000000000000000BE
:10DE64000F0000000000000000000000100000008F
:10DE7400060006002000000006000000100000005C
:10DE8400060006002000000006000000000000005C
:10DE9400000000000000000000000000000000007E
:10DEA400000000000000000000000000000000006E
:10DEB40000000000000000003200320000020002F6
:10DEC4000002000000000000C4004C005C0064007C
:10DED400B800640055006400000000003C0000002D
:10DEE400010000000E000000000000002A002E00C7
:10DEF400000000000000000000000000000000001E
:10DF04000000000003000A0008000B002A001E00A5
:10DF14003D00590801006A0016008C00040023002B
:10DF240053001800A40701008B0000001A01000030
:10DF34000000F7000A000100010001006400010074
:10DF440001000000010001000100010000000000C8
:10DF540000004600000000000000640000003900DA
:10DF6400000001005A0346004200640064000000FF
:10DF74000000000000007F0000000200000000001C
:10DF8400000000000000000000000000000030114C
:10DF9400000000000000000000000000000000007D
:10DFA40000000000000011000800C8000B00000081
:10DFB40086000A0000006400070032003B000F00E6
:10DFC400320000000F000A000A002D003D00D105B8
:10DFD40001008C0210005400200015000F002100E5
:10DFE400130001000000EA0100006D000000FC00C5
:10DFF400000008000000F4000100310001000100ED
:10E0040001000F0001000100640001000100010093
:10E0140001001A00DF018B074600000032000000F7
:10E02400640028004E0015000000A2001000040047
:10E034006400E8037F028C0064002F006400550034
:10E0440002000000000000000000000000000000CA
:10E0540000000000000000000000000000000000BC
:10E064000F0000000000000000000000410000005C
:10E074000C00000000000C00000000004100000043
:10E084000600000000000600000000000000000080
:10E09400000000000000000000000000000000007C
:10E0A400000000000000000000000000000000006C
:10E0B40000000000000000003200320000020002F4
:10E0C4000002000000000000920064004C006400A4
:10E0D40055004F00B8006400000000006E0000000E
:10E0E40000000000390000000000000043003A0076
:10E0F400000000000000000000000000000000001C
:10E1040000000000000006000800080041000C00A8
:10E1140026003F070500390018009800030023007B
:10E1240053003B00620A06008900000080020800D8
:10E134000000F7000B000100010001006400010071
:10E144000100830004007400030001000B00A80117
:10E15400500546002E000000000064003C005500FD
:10E1640000000000E4037D0052003D004700000071
:10E174000000000000005A0000000200000000003F
:10E18400000000000000000000000000000030114A
:10E19400000000000000000000000000000000007B
:10E1A40000000000000014000000640017000000DC
:10E1B400C8000F00080064000000320000001200D4
:10E1C4003200000000000200250111002C00F403BD
:10E1D40001000A0021008D00200053001C004300B0
:10E1E400EF0001000000000000001F0100004302D6
:10E1F4000000000000006E01000023000500340050
:10E204000C00000001000100640001000100010095
:10E2140001001000000000004600000000000000A3
:10E2240064000000320000000000B8001000040088
:10E2340064006400910246005600640064005F00BC
:10E2440002000000000000000000000000000000C8
:10E2540000000000000000000000000000000000BA
:10E264000F00000000000000000000000700000094
:10E2740000000200040002000F000000020002007F
:10E284000600020006000F0000000000000000006D
:10E29400000000000000000000000000000000007A
:10E2A400000000000000000000000000000000006A
:10E2B40000000000000000003200320000020002F2
:10E2C4000002000000000000C0003C002F003800E5
:10E2D4009F0064009D006400000000008A000100AB
:10E2E4000000000000000000000000001B004A00C5
:10E2F400000000000000000000000000000000001A
:10E304000000000004000E000B0003001D001200BA
:10E3140041004E0403002E010B00460005001200CC
:10E3240004001A0006000100260000000402100088
:10E334000000000000004C00010001006400010026
:10E344000100440011000E001600140000005401E6
:10E3540092064600300000000000640012003A00FB
:10E3640000000000200346002B006400640000004D
:10E37400000000000000C8000000020000000000CF
:10E384000000000000000000000000000000301148
:10E394000000000000000000000000000000000079
:10E3A4000000000004000A000B00640009000000E3
:10E3B400C80004000800C8000000320024004B001C
:10E3C40032000000000003000100010050003F077C
:10E3D400020001030F007200130008002000500027
:10E3E4000100010000001E0000000B000000D3012A
:10E3F40000002300000018000000030001000100D9
:10E40400010064000100010064000100010001003A
:10E4140001000000550174084600360000000000A9
:10E42400640024002A0000000100500010000400D1
:10E434006400140035084600640006001600370026
:10E4440002000000000000000000000000000000C6
:10E4540000000000000000000000000000000000B8
:10E464000F00000000000000000000000100020096
:10E4740004000800110000000C000000010002006C
:10E484000400080010000600000001000000000065
:10E494000000000000000000000000000000000078
:10E4A4000000000000000000000000000000000068
:10E4B40000000000000000003200320000020002F0
:10E4C4000002000000000000C00064003D00640081
:10E4D400820064005300640000000000AF000000EC
:10E4E4000000000000000000000000000000230005
:10E4F4000000000000000000000000000000000018
:10E504000000000000000C0009000B0001000100E5
:10E5140046005D0801007F0111002E0165006700BF
:10E5240022001E0001000C00000000006F01110019
:10E5340000006B010500010001000100560001000C
:10E5440001000000010001000100010008000000BA
:10E5540000004600000000000000640000002100EC
:10E564003200000088134600640000000000000030
:10E574000000000000005A0000000200000000003B
:10E584000000000000000000000000000000301146
:10E594000000000000000000000000000000000077
:10E5A40000000000050009000900C8000D00060075
:10E5B40063000600000032001B003200320032000B
:10E5C4003200000000005901010001005000200346
:10E5D40020009808000046000100010001006400CA
:10E5E4000100010000001E00000000000000A60061
:10E5F400000006000000000000000000010001000F
:10E60400010000000100010064000100010001009C
:10E6140001000000000000004600000000000000AF
:10E62400640000003B00640000005000100004007F
:10E63400640064003E0946006400280017003900A5
:10E6440002000000000000000000000000000000C4
:10E6540000000000000000000000000000000000B6
:10E664000F00000000000000000000000100000096
:10E6740004000400100010000C000000010006005B
:10E684000800060000000600000001000000000071
:10E694000000000000000000000000000000000076
:10E6A4000000000000000000000000000000000066
:10E6B40000000000000000003200320000020002EE
:10E6C4000002000000000000920064004C0064009E
:10E6D40055004F00B800640000000000DC0000009A
:10E6E40000000000000000000000560037003F005A
:10E6F4000000000000000000000000000000000016
:10E7040000000000000006000800080041000C00A2
:10E7140026003F0705003900180098000300230075
:10E7240053003B00620A06008900000080020800D2
:10E734000000F7000B00010001000100640001006B
:10E744000100830004007400030001000B00A80111
:10E75400500546002E000000000064003C005400F8
:10E7640000000000E4037D0052003D00470000006B
:10E774000000000000005A00000002000000000039
:10E784000000000000000000000000000000301144
:10E794000000000000000000000000000000000075
:10E7A40000000000000014000000640017000000D6
:10E7B400C8000F00080064000000320000001200CE
:10E7C4003200000000000200250111002C00F403B7
:10E7D40001000A0021008D00200053001C004300AA
:10E7E400EF0001000000000000001F0100004302D0
:10E7F4000000000000006E0100002300050034004A
:10E804000C0000000100010064000100010001008F
:10E81400010010000000000046000000000000009D
:10E8240064000000320000000000B8001000040082
:10E8340064006400910246005600640064005F00B6
:10E8440002000000000000000000000000000000C2
:10E8540000000000000000000000000000000000B4
:10E864000F0000000000000000000000070000008E
:10E8740000000200040002000F0000000200020079
:10E884000600020006000F00000000000000000067
:10E894000000000000000000000000000000000074
:10E8A4000000000000000000000000000000000064
:10E8B40000000000000000003200320000020002EC
:10E8C4000002000000000000C40064002F003800B3
:10E8D4009F0064009D00640000000000FD00010032
:10E8E40000000000000000000000000000003B00E9
:10E8F4000000000000000000000000000000000014
:10E904000000000004000F000B0003001D001200B3
:10E9140041004E0403002E010B00460005001200C6
:10E9240004001A0006000100260000000402100082
:10E93400000000000C004C000100160064000100FF
:10E944000100440011000E001600140000005401E0
:10E9540092064600300000000000640012003A00F5
:10E9640000000000200346002B0064006400000047
:10E974000000000000009E000000020000000000F3
:10E984000000000000000000000000000000301142
:10E994000000000000000000000000000000000073
:10E9A4000000000004000A000000640009000000E8
:10E9B400C80004000800C8000000320024004B0016
:10E9C40032000000000003000100010050003F0776
:10E9D400020001030F007200130008002000500021
:10E9E4000100010000001E0000000B000000D30124
:10E9F40000001600000018000000030001000100E0
:10EA04000100640001000100640001000100010034
:10EA140001000000550174084600360000000000A3
:10EA2400640024002A0000000100500010000400CB
:10EA340064001400140246006400060052006000E2
:10EA440002000000000000000000000000000000C0
:10EA540000000000000000000000000000000000B2
:10EA64000F00000000000000000000000100020090
:10EA740004000800110000000C0000000100020066
:10EA8400040008001000060000000100000000005F
:10EA94000000000000000000000000000000000072
:10EAA4000000000000000000000000000000000062
:10EAB40000000000000000003200320000020002EA
:10EAC4000002000000000000950045004C006400B6
:10EAD40055004F00B8006400000000000A01000067
:10EAE400000000000000000000000000410046009B
:10EAF4000000000000000000000000000000000012
:10EB040000000000000005000000080041000C00A7
:10EB140026003F0705003900180098000300230071
:10EB240053003B00620A06008900000080020800CE
:10EB34000000F7000B000100010001006400010067
:10EB44000100830004007400030001000000A80118
:10EB5400500546002E000000000064003C005100F7
:10EB640000000000E4037D0052003D004700000067
:10EB74000000000000006C00000002000000000023
:10EB84000000000000000000000000000000301140
:10EB94000000000000000000000000000000000071
:10EBA40000000000010014000C00640017000000C5
:10EBB400C8000F0008006400000032002D0011009E
:10EBC4000000000000000200250111002C00F403E5
:10EBD40001000A0021008D00200053001C004300A6
:10EBE400EF0001000000000000001F0100004302CC
:10EBF4000000000000006E01000023000500340046
:10EC04000C0000000100010064000100010001008B
:10EC14000100100000000000460000000000000099
:10EC240064000000320000000000B800100004007E
:10EC340064006400590346002A00640064009E00D6
:10EC440002000000000000000000000000000000BE
:10EC540000000000000000000000000000000000B0
:10EC64000F0000000000000000000000070000008A
:10EC740000000200040002000F0000000200020075
:10EC84000600020006000F00000000000000000063
:10EC94000000000000000000000000000000000070
:10ECA4000000000000000000000000000000000060
:10ECB40000000000000000003200320000020002E8
:10ECC4000002000000000000C00037003D006400A6
:10ECD400B800640055006400000000003601000024
:10ECE40000000000560000003800570025003C00DA
:10ECF4000000000000000000000000000000000010
:10ED04000000000004000F000C0024002A001E0074
:10ED14003B00820501001E0021008C00040023003A
:10ED240053001800670201005E0000001A010F0082
:10ED34000000F70000000100010001006400010070
:10ED440001000000010001000100010000000000BA
:10ED540000004600000000000000640000002800DD
:10ED6400000001005A0346002E0064005200000017
:10ED74000000000000007C00000002000000000011
:10ED8400000000000000000000000000000030113E
:10ED9400000000000000000000000000000000006F
:10EDA40000000000010010000800C800120000006C
:10EDB400860015000000C800020032003B000F006E
:10EDC400320012000F000A0042002B002300C70289
:10EDD40001000F011000540020005300DD021F0049
:10EDE400360001000000BA020000DC000000FC0054
:10EDF400000008000000F4000100310001000100DF
:10EE040001000F0001000100640001000100010085
:10EE140001001A00DF018B074600000032000000E9
:10EE2400640022004B0000000000A2001000040057
:10EE34006400E80361077400310064002A00810063
:10EE440002000000000000000000000000000000BC
:10EE540000000000000000000000000000000000AE
:10EE64000F0000000000000000000000410000004E
:10EE74000C00000000000C00000000004100000035
:10EE84000600000000000600000000000000000072
:10EE9400000000000000000000000000000000006E
:10EEA400000000000000000000000000000000005E
:10EEB40000000000000000003200320000020002E6
:10EEC4000002000000000000C2006400550064005D
:10EED4003C0064003D006400000000005401010097
:10EEE40000000000000000000000000000003E00E0
:10EEF400000000000000000000000000000000000E
:10EF04000000000004001900030003001D001200AB
:10EF14004100E80103009F001900460005001200AB
:10EF240004001A00280001004D0000004B022000DC
:10EF34000000CB020B004C00010001006400010042
:10EF44000100440011000E001600140011005401C9
:10EF540092064600300000000000640012003600F3
:10EF64000000000020034600390064006400000033
:10EF7400000000000000C7000000020000000000C4
:10EF8400000000000000000000000000000030113C
:10EF9400000000000000000000000000000000006D
:10EFA40000000000010003000100640000000000F4
:10EFB400640006000800C8000200320024004B0070
:10EFC40032001C0000000300010001005000C204D4
:10EFD4000200C20226007200130008002000500044
:10EFE4000100010000001E000000000000000000FD
:10EFF40000000000000018000000030001000100F0
:10F00400010064000100010064000100010001002E
:10F0140001001F0000000000460000000000000086
:10F0240064000000210002000100A200100004009E
:10F0340064006400A6027600640032002000A80088
:10F0440002000000000000000000000000000000BA
:10F0540000000000000000000000000000000000AC
:10F064000F00000000000000000000000700000086
:10F07400000000000D000000040000000700000074
:10F08400000002000D00000000000200000000006B
:10F09400000000000000000000000000000000006C
:10F0A400000000000000000000000000000000005C
:10F0B4000000000012010002EF020140C0168A04A1
:10F0C40012020102030100000003060C02050900FC
:10F0D400FFFFFFFFFFFF0000000020420000484246
:10F0E4000003060902050C000003060A02050800D5
:10F0F40000040A07020509000002040A07060800C2
:10F104000001020A0B0C1415161E1F200401000234
:10F114000E0B0A0C18151416050200010F0C0A0B2D
:10F124001916141506020001100C0A0B1A161415F0
:10F13400000102030A0B0C0D141516170004010537
:10F1440002060A0E0B0F0C10000A14010B15020C18
:10F1540016030D17000102030405060708090A0B2C
:10F16400307500000004080C02060C0000000000CA
:10F174008000000000040B070205090000040709D1
:10F1840002050C000004070C0205090000040B0230
:10F19400070509002C01000000030A070105080007
:10F1A4000003070901050C000003070C0105080012
:10F1B40000030A02070508000003070C0205090002
:10F1C4000003070A02060900000000008000000096
:10F1D400000000008000000000000000800000002B
:10F1E400000000008000000000000000800000001B
:10F1F400000000008000000000000000800000000B
:10F2040000000000800000000000803F0000803FFC
:10F214000000803F0004070A02060C000000803F43
:10F22400102700009A99193F0000A0420000000036
:10F23400800000000002040507090B000002040717
:10F2440009000000000203070A0000000002040590
:10F254000708090B0002030507080A00000203055A
:10F2640007080B00000203070A0000000007020958
:10F27400040B050A03080106060108030A05000435
:10F284000B00000000040A070205090000050A0734
:10F29400020904000000803F0004090207050B0076
:10F2A4006C0101204C02012084020120BC020120D7
:10F2B400F40201202C030120640301209C0301209B
:10F2C400D4030120A4010120DC0101201402012047
:10F2D400CCFE0020ACFF0020E4FF00201C00012035
:10F2E400540001208C000120C4000120FC000120F6
:10F2F4003401012004FF00203CFF002074FF0020A3
:10F30400C4070120B4080120F00801202C090120C1
:10F3140068090120A4090120E00901201C0A012038
:10F32400580A0120000801203C0801207808012027
:10F33400443501207C350120B43501207C040120B2
:10F344005C05012094050120CC0501200406012060
:10F354003C06012074060120AC060120E4060120CD
:10F36400B4040120EC04012024050120CCBB0120BD
:10F374000CC201209CC301202CC50120BCC6012065
:10F384004CC80120DCC901206CCB0120FCCC01203D
:10F394005CBD0120ECBE01207CC00120DC9001207A
:10F3A4002C9F0120C0A2012054A60120E8A901201D
:10F3B4007CAD012010B10120A4B4012038B8012093
:10F3C4007094012004980120989B01200003070CED
:10F3D400020509000003070A020509000004070CDE
:10F3E400020509000004070B020509000005070CCB
:10F3F40002090A000002070C05090400E43A01208E
:10F404001C3B0120543B012009027501060100C088
:10F4140032080B000202020100090400000102028A
:10F424000100052400100105240101010424020641
:10F4340005240600010705820310001009040100D9
:10F44400020A0000000705030240000007058302CA
:10F454004000000904020002010300000724010027
:10F4640001430006240201010006240202020009ED
:10F474002403010301020100092403020401010120
:10F4840000062402010500062402020600092403E2
:10F49400010701060100092403020801050100090E
:10F4A40005040240000000000625010201050905CB
:10F4B40084024000000000062501020307080B0334
:10F4C40003010100000904030000010100000A24F3
:10F4D4000100013E000204050C24020102060002A0
:10F4E400030000000924030201010001000C2402AE
:10F4F4000301010002030000000A24063103010194
:10F504000202000924030402060031000904040075
:10F5140000010200000904040101010200000724A3
:10F5240001020301000B2402010202100144AC0099
:10F5340009058509B4000100000725010000000049
:10F54400090405000001020000090405010201028A
:10F554000000072401030301000B2402010202102E
:10F564000144AC0009050505B40001008607250126
:10F5740000000000090586110300010500000000D9
:10F5840009027501060100C032080B0002020201E3
:10F594000009040000010202010005240010010515
:10F5A4002401010104240206052406000107058242
:10F5B4000310000509040100020A00000007050306
:10F5C400020002000705830200020009040200028F
:10F5D4000103000007240100014300062402010185
:10F5E40000062402020200092403010301020100AF
:10F5F4000924030204010101000624020105000696
:10F60400240202060009240301070106010009245B
:10F6140003020801050100090504020002000000BC
:10F624000625010201050905840200020000000606
:10F634002501020307080B03030101000009040369
:10F644000000010100000A240100013E000204053B
:10F654000C24020102060002030000000924030234
:10F6640001010001000C2402030101000203000057
:10F67400000A2406310301010202000924030402E2
:10F68400060031000904040000010200000904041A
:10F69400010101020000072401020301000B2402FE
:10F6A400010202100144AC0009058509B4000400FC
:10F6B4000007250100000000090405000001020004
:10F6C40000090405010201020000072401030301EB
:10F6D400000B2402010202100144AC0009050505D7
:10F6E400B400040086072501000000000905861106
:10F6F400040004070000000014036D0069006E009C
:10F704006900630068006F007200640014036D00F8
:10F7140069006E006900630068006F007200640095
:10F724000C030000000000000000000000000000C6
:10F7340000000000000000000003060A02050800A3
:10F744001B000000000102030C05060708090A0B50
:10F754000000803FFFFFFFFFFFFF60000C00B50AC1
:10F764001E000F00E8030CFF087F01040A0B0414B9
:10F7740003FF01077F0104010C0D050114020701B9
:10F78400FFFF301011060E0F01010210010C0000E2
:10F794000000000000000000000000000000000065
:10F7A4000000000000000000000000000000000055
:10F7B4000000000000000000000000000000000045
:10F7C4000000000000000000000000000000000035
:10F7D4000000000000000000000000000000000025
:10F7E4000000000000000000000000000000000015
:10F7F4000000000000000000000000000000000005
:10F8040000000000000000000000000000000000F4
:10F8140000000000000000000000000000000000E4
:10F8240000000000000000000000000000000000D4
:10F8340000000000000000000000000000000000C4
:10F8440000000000000000000000000000000000B4
:10F8540000000000000000000000000000000000A4
:10F864000000000000000000000000000000000094
:10F874000000000000000000000000000000000084
:10F884000000000000000000000000000000000074
:10F894000000000000000000000000000000000064
:10F8A4000000000000000000000000000000000054
:10F8B4000000000000000000000000000000000044
:10F8C4000000000000000000000000000000000034
:10F8D4000000000000000000000000000000000024
:10F8E4000000000000000000000000000000000014
:10F8F4000000000000000000000000000000000004
:10F9040000000000000000000000000000000000F3
:10F9140000000000000000000000000000000000E3
:10F9240000000000000000000000000000000000D3
:10F9340000000000000000000000000000000000C3
:10F9440000000000000000000000000000000000B3
:10F9540000000000000000000000000000000000A3
:10F964000000000000000000000000000000000093
:10F974000000000000000000000000000000000083
:10F984000000000000000000000000000000000073
:10F994000000000000000000000000000000000063
:10F9A4000000000000000000000000000000000053
:10F9B4000000000000000000000000000000000043
:10F9C4000000000000000000000000000000000033
:10F9D4000000000000000000000000000000000023
:10F9E4000000000000000000000000000000000013
:10F9F4000000000000000000000000000000000003
:10FA040000000000000000000000000000000000F2
:10FA140000000000000000000000000000000000E2
:10FA240000000000000000000000000000000000D2
:10FA340000000000000000000000000000000000C2
:10FA440000000000000000000000000000000000B2
:10FA540000000000000000000000000000000000A2
:10FA64000000000000000000000000000000000092
:10FA74000000000000000000000000000000000082
:10FA84000000000000000000000000000000000072
:10FA9400FFFFFFFFFFFFFFFFFFFFFFFFFFFFFFFF72
:10FAA400FFFFFFFFFFFFFFFFFFFFFFFFFFFFFFFF62
:10FAB400FFFFFFFFFFFFFFFFFFFFFFFFFFFFFFFF52
:10FAC400FFFFFFFFFFFFFFFFFFFFFFFFFFFFFFFF42
:10FAD400FFFFFFFFFFFFFFFFFFFFFFFFFFFFFFFF32
:10FAE400FFFFFFFFFFFFFFFFFFFFFFFFFFFFFFFF22
:10FAF400FFFFFFFFFFFFFFFFFFFFFFFFFFFFFFFF12
:10FB0400FFFFFFFFFFFFFFFFFFFFFFFFFFFFFFFF01
:10FB1400FFFFFFFFFFFFFFFFFFFFFFFFFFFFFFFFF1
:10FB2400FFFFFFFFFFFFFFFFFFFFFFFFFFFFFFFFE1
:10FB3400FFFFFFFFFFFFFFFFFFFFFFFFFFFFFFFFD1
:10FB4400FFFFFFFFFFFFFFFFFFFFFFFFFFFFFFFFC1
:10FB5400FFFFFFFFFFFFFFFFFFFFFFFFFFFFFFFFB1
:10FB6400FFFFFFFFFFFFFFFFFFFFFFFFFFFFFFFFA1
:10FB7400FFFFFFFFFFFFFFFFFFFFFFFFFFFFFFFF91
:10FB8400FFFFFFFFFFFFFFFFFFFFFFFFFFFFFFFF81
:10FB9400FFFFFFFFFFFFFFFFFFFFFFFFFFFFFFFF71
:10FBA400FFFFFFFFFFFFFFFFFFFFFFFFFFFFFFFF61
:10FBB400FFFFFFFFFFFFFFFFFFFFFFFFFFFFFFFF51
:10FBC400FFFFFFFFFFFFFFFFFFFFFFFFFFFFFFFF41
:10FBD400FFFFFFFFFFFFFFFFFFFFFFFFFFFFFFFF31
:10FBE400FFFFFFFFFFFFFFFFFFFFFFFFFFFFFFFF21
:10FBF400FFFFFFFFFFFFFFFFFFFFFFFF000000000D
:10FC040000000000000000000000000000000000F0
:10FC140000000000000000000000000000000000E0
:10FC240000000000000000000000000000000000D0
:10FC340000000000000000000000000000000000C0
:10FC440000000000000000000000000000000000B0
:10FC540000000000000000000000000000000000A0
:10FC64000000000000000000000000000000000090
:10FC74000000000000000000000000000000000080
:10FC84000000000000000000000000000000000070
:10FC94000000000000000000000000000000000060
:10FCA4000000000000000000000000000000000050
:10FCB4000000000000000000000000000000000040
:10FCC4000000000000000000000000000000000030
:10FCD4000000000000000000000000000000000020
:10FCE4000000000000000000000000000000000010
:10FCF4000000000000000000000000000000000000
:10FD040000000000000000000000000000000000EF
:10FD140000000000000000000000000000000000DF
:10FD240000000000000000000000000000000000CF
:10FD340000000000000000000000000000000000BF
:10FD440000000000000000000000000000000000AF
:10FD5400000000000000000000000000000000009F
:10FD6400000000000000000000000000000000008F
:10FD7400000000000000000000000000000000007F
:10FD8400000000000000000000000000000000006F
:10FD9400000000000000000000000000000000005F
:10FDA400000000000000000000000000000000004F
:10FDB400000000000000000000000000000000003F
:10FDC400000000000000000000000000000000002F
:10FDD400000000000000000000000000000000001F
:10FDE400000000000000000000000000000000000F
:10FDF40000000000000000000000000000000000FF
:10FE040000000000000000000000000000000000EE
:10FE140000000000000000000000000000000000DE
:10FE240000000000000000000000000000000000CE
:10FE340000000000000000000000000000000000BE
:10FE440000000000000000000000000000000000AE
:10FE5400000000000000000000000000000000009E
:10FE6400000000000000000000000000000000008E
:10FE7400000000000000000000000000000000007E
:10FE8400000000000000000000000000000000006E
:10FE9400000000000000000000000000000000005E
:10FEA400000000000000000000000000000000004E
:10FEB400000000000000000000000000000000003E
:10FEC400000000000000000000000000000000002E
:10FED400000000000000000000000000000000001E
:10FEE400000000000000000000000000000000000E
:10FEF40000000000000000000000000000000000FE
:10FF040000000000000000000000000000000000ED
:10FF140000000000000000000000000000000000DD
:10FF240000000000000000000000000000000000CD
:10FF340000000000000000000000000000000000BD
:10FF440000000000000000000000000000000000AD
:10FF5400000000000000000000000000000000009D
:10FF6400000000000000000000000000000000008D
:10FF7400000000000000000000000000000000007D
:10FF8400000000000000000000000000000000006D
:10FF9400000000000000000000000000000000005D
:10FFA400000000000000000000000000000000004D
:10FFB400000000000000000000000000000000003D
:10FFC400000000000000000000000000000000002D
:10FFD400000000000000000000000000000000001D
:10FFE400000000000000000000000000000000000D
:0CFFF40000000000000000000000000001
:02000004600496
:1000000000000000000000000000000000000000F0
:1000100000000000000000000000000000000000E0
:1000200000000000000000000000000000000000D0
:1000300000000000000000000000000000000000C0
:1000400000000000000000000000000000000000B0
:1000500000000000000000000000000000000000A0
:100060000000000000000000000000000000000090
:100070000000000000000000000000000000000080
:100080000000000000000000000000000000000070
:100090000000000000000000000000000000000060
:1000A0000000000000000000000000000000000050
:1000B0000000000000000000000000000000000040
:1000C0000000000000000000000000000000000030
:1000D0000000000000000000000000000000000020
:1000E0000000000000000000000000000000000010
:1000F0000000000000000000000000000000000000
:1001000000000000000000000000000000000000EF
:1001100000000000000000000000000000000000DF
:1001200000000000000000000000000000000000CF
:1001300000000000000000000000000000000000BF
:1001400000000000000000000000000000000000AF
:10015000000000000000000000000000000000009F
:10016000000000000000000000000000000000008F
:10017000000000000000000000000000000000007F
:10018000000000000000000000000000000000006F
:10019000000000000000000000000000000000005F
:1001A000000000000000000000000000000000004F
:1001B000000000000000000000000000000000003F
:1001C000000000000000000000000000000000002F
:1001D000000000000000000000000000000000001F
:1001E000000000000000000000000000000000000F
:1001F00000000000000000000000000000000000FF
:1002000000000000000000000000000000000000EE
:1002100000000000000000000000000000000000DE
:1002200000000000000000000000000000000000CE
:1002300000000000000000000000000000000000BE
:1002400000000000000000000000000000000000AE
:10025000000000000000000000000000000000009E
:10026000000000000000000000000000000000008E
:10027000000000000000000000000000000000007E
:10028000000000000000000000000000000000006E
:10029000000000000000000000000000000000005E
:1002A000000000000000000000000000000000004E
:1002B000000000000000000000000000000000003E
:1002C000000000000000000000000000000000002E
:1002D000000000000000000000000000000000001E
:1002E000000000000000000000000000000000000E
:1002F00000000000000000000000000000000000FE
:1003000000000000000000000000000000000000ED
:1003100000000000000000000000000000000000DD
:1003200000000000000000000000000000000000CD
:1003300000000000000000000000000000000000BD
:1003400000000000000000000000000000000000AD
:10035000000000000000000000000000000000009D
:10036000000000000000000000000000000000008D
:10037000000000000000000000000000000000007D
:10038000000000000000000000000000000000006D
:10039000000000000000000000000000000000005D
:1003A000000000000000000000000000000000004D
:1003B000000000000000000000000000000000003D
:1003C000000000000000000000000000000000002D
:1003D000000000000000000000000000000000001D
:1003E000000000000000000000000000000000000D
:1003F00000000000000000000000000000000000FD
:1004000000000000000000000000000000000000EC
:1004100000000000000000000000000000000000DC
:1004200000000000000000000000000000000000CC
:1004300000000000000000000000000000000000BC
:1004400000000000000000000000000000000000AC
:10045000000000000000000000000000000000009C
:10046000000000000000000000000000000000008C
:10047000000000000000000000000000000000007C
:10048000000000000000000000000000000000006C
:10049000000000000000000000000000000000005C
:1004A000000000000000000000000000000000004C
:1004B000000000000000000000000000000000003C
:1004C000000000000000000000000000000000002C
:1004D000000000000000000000000000000000001C
:1004E000000000000000000000000000000000000C
:1004F00000000000000000000000000000000000FC
:1005000000000000000000000000000000000000EB
:1005100000000000000000000000000000000000DB
:1005200000000000000000000000000000000000CB
:1005300000000000000000000000000000000000BB
:1005400000000000000000000000000000000000AB
:10055000000000000000000000000000000000009B
:10056000000000000000000000000000000000008B
:10057000000000000000000000000000000000007B
:10058000000000000000000000000000000000006B
:10059000000000000000000000000000000000005B
:1005A000000000000000000000000000000000004B
:1005B000000000000000000000000000000000003B
:1005C000000000000000000000000000000000002B
:1005D000000000000000000000000000000000001B
:1005E000000000000000000000000000000000000B
:1005F00000000000000000000000000000000000FB
:1006000000000000000000000000000000000000EA
:1006100000000000000000000000000000000000DA
:1006200000000000000000000000000000000000CA
:1006300000000000000000000000000000000000BA
:1006400000000000000000000000000000000000AA
:10065000000000000000000000000000000000009A
:10066000000000000000000000000000000000008A
:10067000000000000000000000000000000000007A
:10068000000000000000000000000000000000006A
:10069000000000000000000000000000000000005A
:1006A000000000000000000000000000000000004A
:1006B000000000000000000000000000000000003A
:1006C000000000000000000000000000000000002A
:1006D000000000000000000000000000000000001A
:1006E000000000000000000000000000000000000A
:1006F00000000000000000000000000000000000FA
:1007000000000000000000000000000000000000E9
:1007100000000000000000000000000000000000D9
:1007200000000000000000000000000000000000C9
:1007300000000000000000000000000000000000B9
:1007400000000000000000000000000000000000A9
:100750000000000000000000000000000000000099
:100760000000000000000000000000000000000089
:100770000000000000000000000000000000000079
:100780000000000000000000000000000000000069
:100790000000000000000000000000000000000059
:1007A0000000000000000000000000000000000049
:1007B0000000000000000000000000000000000039
:1007C0000000000000000000000000000000000029
:1007D0000000000000000000000000000000000019
:1007E0000000000000000000000000000000000009
:1007F00000000000000000000000000000000000F9
:040000056000100087
:00000001FF
